Fitter report for TpIntegrador
Tue Jul 29 16:46:55 2025
Quartus II 64-Bit Version 13.1.0 Build 162 10/23/2013 SJ Web Edition


---------------------
; Table of Contents ;
---------------------
  1. Legal Notice
  2. Fitter Summary
  3. Fitter Settings
  4. Parallel Compilation
  5. I/O Assignment Warnings
  6. Incremental Compilation Preservation Summary
  7. Incremental Compilation Partition Settings
  8. Incremental Compilation Placement Preservation
  9. Pin-Out File
 10. Fitter Resource Usage Summary
 11. Fitter Partition Statistics
 12. Input Pins
 13. Output Pins
 14. Bidir Pins
 15. Dual Purpose and Dedicated Pins
 16. I/O Bank Usage
 17. All Package Pins
 18. Fitter Resource Utilization by Entity
 19. Delay Chain Summary
 20. Pad To Core Delay Chain Fanout
 21. Control Signals
 22. Global & Other Fast Signals
 23. Non-Global High Fan-Out Signals
 24. Routing Usage Summary
 25. LAB Logic Elements
 26. LAB-wide Signals
 27. LAB Signals Sourced
 28. LAB Signals Sourced Out
 29. LAB Distinct Inputs
 30. I/O Rules Summary
 31. I/O Rules Details
 32. I/O Rules Matrix
 33. Fitter Device Options
 34. Operating Settings and Conditions
 35. Estimated Delay Added for Hold Timing Summary
 36. Estimated Delay Added for Hold Timing Details
 37. Fitter Messages
 38. Fitter Suppressed Messages



----------------
; Legal Notice ;
----------------
Copyright (C) 1991-2013 Altera Corporation
Your use of Altera Corporation's design tools, logic functions 
and other software and tools, and its AMPP partner logic 
functions, and any output files from any of the foregoing 
(including device programming or simulation files), and any 
associated documentation or information are expressly subject 
to the terms and conditions of the Altera Program License 
Subscription Agreement, Altera MegaCore Function License 
Agreement, or other applicable license agreement, including, 
without limitation, that your use is for the sole purpose of 
programming logic devices manufactured by Altera and sold by 
Altera or its authorized distributors.  Please refer to the 
applicable agreement for further details.



+---------------------------------------------------------------------------------+
; Fitter Summary                                                                  ;
+------------------------------------+--------------------------------------------+
; Fitter Status                      ; Successful - Tue Jul 29 16:46:55 2025      ;
; Quartus II 64-Bit Version          ; 13.1.0 Build 162 10/23/2013 SJ Web Edition ;
; Revision Name                      ; TpIntegrador                               ;
; Top-level Entity Name              ; TpIntegrador                               ;
; Family                             ; Cyclone IV GX                              ;
; Device                             ; EP4CGX15BF14C6                             ;
; Timing Models                      ; Final                                      ;
; Total logic elements               ; 82 / 14,400 ( < 1 % )                      ;
;     Total combinational functions  ; 52 / 14,400 ( < 1 % )                      ;
;     Dedicated logic registers      ; 49 / 14,400 ( < 1 % )                      ;
; Total registers                    ; 49                                         ;
; Total pins                         ; 25 / 81 ( 31 % )                           ;
; Total virtual pins                 ; 0                                          ;
; Total memory bits                  ; 0 / 552,960 ( 0 % )                        ;
; Embedded Multiplier 9-bit elements ; 0                                          ;
; Total GXB Receiver Channel PCS     ; 0 / 2 ( 0 % )                              ;
; Total GXB Receiver Channel PMA     ; 0 / 2 ( 0 % )                              ;
; Total GXB Transmitter Channel PCS  ; 0 / 2 ( 0 % )                              ;
; Total GXB Transmitter Channel PMA  ; 0 / 2 ( 0 % )                              ;
; Total PLLs                         ; 0 / 3 ( 0 % )                              ;
+------------------------------------+--------------------------------------------+


+------------------------------------------------------------------------------------------------------------------------------------------------------------+
; Fitter Settings                                                                                                                                            ;
+----------------------------------------------------------------------------+---------------------------------------+---------------------------------------+
; Option                                                                     ; Setting                               ; Default Value                         ;
+----------------------------------------------------------------------------+---------------------------------------+---------------------------------------+
; Device                                                                     ; auto                                  ;                                       ;
; Fit Attempts to Skip                                                       ; 0                                     ; 0.0                                   ;
; Use smart compilation                                                      ; Off                                   ; Off                                   ;
; Enable parallel Assembler and TimeQuest Timing Analyzer during compilation ; On                                    ; On                                    ;
; Enable compact report table                                                ; Off                                   ; Off                                   ;
; Auto Merge PLLs                                                            ; On                                    ; On                                    ;
; Router Timing Optimization Level                                           ; Normal                                ; Normal                                ;
; Perform Clocking Topology Analysis During Routing                          ; Off                                   ; Off                                   ;
; Placement Effort Multiplier                                                ; 1.0                                   ; 1.0                                   ;
; Router Effort Multiplier                                                   ; 1.0                                   ; 1.0                                   ;
; Optimize Hold Timing                                                       ; All Paths                             ; All Paths                             ;
; Optimize Multi-Corner Timing                                               ; On                                    ; On                                    ;
; PowerPlay Power Optimization                                               ; Normal compilation                    ; Normal compilation                    ;
; SSN Optimization                                                           ; Off                                   ; Off                                   ;
; Optimize Timing                                                            ; Normal compilation                    ; Normal compilation                    ;
; Optimize Timing for ECOs                                                   ; Off                                   ; Off                                   ;
; Regenerate full fit report during ECO compiles                             ; Off                                   ; Off                                   ;
; Optimize IOC Register Placement for Timing                                 ; Normal                                ; Normal                                ;
; Limit to One Fitting Attempt                                               ; Off                                   ; Off                                   ;
; Final Placement Optimizations                                              ; Automatically                         ; Automatically                         ;
; Fitter Aggressive Routability Optimizations                                ; Automatically                         ; Automatically                         ;
; Fitter Initial Placement Seed                                              ; 1                                     ; 1                                     ;
; PCI I/O                                                                    ; Off                                   ; Off                                   ;
; Weak Pull-Up Resistor                                                      ; Off                                   ; Off                                   ;
; Enable Bus-Hold Circuitry                                                  ; Off                                   ; Off                                   ;
; Auto Packed Registers                                                      ; Auto                                  ; Auto                                  ;
; Auto Delay Chains                                                          ; On                                    ; On                                    ;
; Auto Delay Chains for High Fanout Input Pins                               ; Off                                   ; Off                                   ;
; Allow Single-ended Buffer for Differential-XSTL Input                      ; Off                                   ; Off                                   ;
; Treat Bidirectional Pin as Output Pin                                      ; Off                                   ; Off                                   ;
; Perform Physical Synthesis for Combinational Logic for Fitting             ; Off                                   ; Off                                   ;
; Perform Physical Synthesis for Combinational Logic for Performance         ; Off                                   ; Off                                   ;
; Perform Register Duplication for Performance                               ; Off                                   ; Off                                   ;
; Perform Logic to Memory Mapping for Fitting                                ; Off                                   ; Off                                   ;
; Perform Register Retiming for Performance                                  ; Off                                   ; Off                                   ;
; Perform Asynchronous Signal Pipelining                                     ; Off                                   ; Off                                   ;
; Fitter Effort                                                              ; Auto Fit                              ; Auto Fit                              ;
; Physical Synthesis Effort Level                                            ; Normal                                ; Normal                                ;
; Logic Cell Insertion - Logic Duplication                                   ; Auto                                  ; Auto                                  ;
; Auto Register Duplication                                                  ; Auto                                  ; Auto                                  ;
; Auto Global Clock                                                          ; On                                    ; On                                    ;
; Auto Global Register Control Signals                                       ; On                                    ; On                                    ;
; Generate GXB Reconfig MIF                                                  ; Off                                   ; Off                                   ;
; Reserve all unused pins                                                    ; As input tri-stated with weak pull-up ; As input tri-stated with weak pull-up ;
; Synchronizer Identification                                                ; Off                                   ; Off                                   ;
; Enable Beneficial Skew Optimization                                        ; On                                    ; On                                    ;
; Optimize Design for Metastability                                          ; On                                    ; On                                    ;
; Active Serial clock source                                                 ; FREQ_40MHz                            ; FREQ_40MHz                            ;
; Force Fitter to Avoid Periphery Placement Warnings                         ; Off                                   ; Off                                   ;
; Enable input tri-state on active configuration pins in user mode           ; Off                                   ; Off                                   ;
+----------------------------------------------------------------------------+---------------------------------------+---------------------------------------+


Parallel compilation was disabled, but you have multiple processors available. Enable parallel compilation to reduce compilation time.
+-------------------------------------+
; Parallel Compilation                ;
+----------------------------+--------+
; Processors                 ; Number ;
+----------------------------+--------+
; Number detected on machine ; 8      ;
; Maximum allowed            ; 1      ;
+----------------------------+--------+


+-------------------------------------------+
; I/O Assignment Warnings                   ;
+-----------+-------------------------------+
; Pin Name  ; Reason                        ;
+-----------+-------------------------------+
; ERROR     ; Incomplete set of assignments ;
; FIN       ; Incomplete set of assignments ;
; PAUSA     ; Incomplete set of assignments ;
; CONTINUAR ; Incomplete set of assignments ;
; RECARGAR  ; Incomplete set of assignments ;
; START     ; Incomplete set of assignments ;
; DATA[11]  ; Incomplete set of assignments ;
; DATA[10]  ; Incomplete set of assignments ;
; DATA[9]   ; Incomplete set of assignments ;
; DATA[8]   ; Incomplete set of assignments ;
; DATA[7]   ; Incomplete set of assignments ;
; DATA[6]   ; Incomplete set of assignments ;
; DATA[5]   ; Incomplete set of assignments ;
; DATA[4]   ; Incomplete set of assignments ;
; DATA[3]   ; Incomplete set of assignments ;
; DATA[2]   ; Incomplete set of assignments ;
; DATA[1]   ; Incomplete set of assignments ;
; DATA[0]   ; Incomplete set of assignments ;
; UP_DOWN   ; Incomplete set of assignments ;
; b[2]      ; Incomplete set of assignments ;
; b[1]      ; Incomplete set of assignments ;
; b[0]      ; Incomplete set of assignments ;
; CLOCK     ; Incomplete set of assignments ;
; LOAD_I    ; Incomplete set of assignments ;
; LOAD_F    ; Incomplete set of assignments ;
+-----------+-------------------------------+


+--------------------------------------------------------------------------------------------------+
; Incremental Compilation Preservation Summary                                                     ;
+---------------------+--------------------+----------------------------+--------------------------+
; Type                ; Total [A + B]      ; From Design Partitions [A] ; From Rapid Recompile [B] ;
+---------------------+--------------------+----------------------------+--------------------------+
; Placement (by node) ;                    ;                            ;                          ;
;     -- Requested    ; 0.00 % ( 0 / 176 ) ; 0.00 % ( 0 / 176 )         ; 0.00 % ( 0 / 176 )       ;
;     -- Achieved     ; 0.00 % ( 0 / 176 ) ; 0.00 % ( 0 / 176 )         ; 0.00 % ( 0 / 176 )       ;
;                     ;                    ;                            ;                          ;
; Routing (by net)    ;                    ;                            ;                          ;
;     -- Requested    ; 0.00 % ( 0 / 0 )   ; 0.00 % ( 0 / 0 )           ; 0.00 % ( 0 / 0 )         ;
;     -- Achieved     ; 0.00 % ( 0 / 0 )   ; 0.00 % ( 0 / 0 )           ; 0.00 % ( 0 / 0 )         ;
+---------------------+--------------------+----------------------------+--------------------------+


+----------------------------------------------------------------------------------------------------------------------------------------------------------------------------------------+
; Incremental Compilation Partition Settings                                                                                                                                             ;
+--------------------------------+----------------+-------------------+-------------------------+------------------------+------------------------------+--------------------------------+
; Partition Name                 ; Partition Type ; Netlist Type Used ; Preservation Level Used ; Netlist Type Requested ; Preservation Level Requested ; Contents                       ;
+--------------------------------+----------------+-------------------+-------------------------+------------------------+------------------------------+--------------------------------+
; Top                            ; User-created   ; Source File       ; N/A                     ; Source File            ; N/A                          ;                                ;
; hard_block:auto_generated_inst ; Auto-generated ; Source File       ; N/A                     ; Source File            ; N/A                          ; hard_block:auto_generated_inst ;
+--------------------------------+----------------+-------------------+-------------------------+------------------------+------------------------------+--------------------------------+


+------------------------------------------------------------------------------------------------------------------------------------+
; Incremental Compilation Placement Preservation                                                                                     ;
+--------------------------------+-----------------------+-------------------------+-------------------+---------------------+-------+
; Partition Name                 ; Preservation Achieved ; Preservation Level Used ; Netlist Type Used ; Preservation Method ; Notes ;
+--------------------------------+-----------------------+-------------------------+-------------------+---------------------+-------+
; Top                            ; 0.00 % ( 0 / 166 )    ; N/A                     ; Source File       ; N/A                 ;       ;
; hard_block:auto_generated_inst ; 0.00 % ( 0 / 10 )     ; N/A                     ; Source File       ; N/A                 ;       ;
+--------------------------------+-----------------------+-------------------------+-------------------+---------------------+-------+


+--------------+
; Pin-Out File ;
+--------------+
The pin-out file can be found in C:/Users/Usuario/Desktop/IDL/Integrador/output_files/TpIntegrador.pin.


+---------------------------------------------------------------------+
; Fitter Resource Usage Summary                                       ;
+---------------------------------------------+-----------------------+
; Resource                                    ; Usage                 ;
+---------------------------------------------+-----------------------+
; Total logic elements                        ; 82 / 14,400 ( < 1 % ) ;
;     -- Combinational with no register       ; 33                    ;
;     -- Register only                        ; 30                    ;
;     -- Combinational with a register        ; 19                    ;
;                                             ;                       ;
; Logic element usage by number of LUT inputs ;                       ;
;     -- 4 input functions                    ; 38                    ;
;     -- 3 input functions                    ; 12                    ;
;     -- <=2 input functions                  ; 2                     ;
;     -- Register only                        ; 30                    ;
;                                             ;                       ;
; Logic elements by mode                      ;                       ;
;     -- normal mode                          ; 52                    ;
;     -- arithmetic mode                      ; 0                     ;
;                                             ;                       ;
; Total registers*                            ; 49 / 14,733 ( < 1 % ) ;
;     -- Dedicated logic registers            ; 49 / 14,400 ( < 1 % ) ;
;     -- I/O registers                        ; 0 / 333 ( 0 % )       ;
;                                             ;                       ;
; Total LABs:  partially or completely used   ; 11 / 900 ( 1 % )      ;
; Virtual pins                                ; 0                     ;
; I/O pins                                    ; 25 / 81 ( 31 % )      ;
;     -- Clock pins                           ; 1 / 6 ( 17 % )        ;
;     -- Dedicated input pins                 ; 0 / 12 ( 0 % )        ;
;                                             ;                       ;
; Global signals                              ; 2                     ;
; M9Ks                                        ; 0 / 60 ( 0 % )        ;
; Total block memory bits                     ; 0 / 552,960 ( 0 % )   ;
; Total block memory implementation bits      ; 0 / 552,960 ( 0 % )   ;
; PLLs                                        ; 0 / 3 ( 0 % )         ;
; Global clocks                               ; 2 / 20 ( 10 % )       ;
; JTAGs                                       ; 0 / 1 ( 0 % )         ;
; CRC blocks                                  ; 0 / 1 ( 0 % )         ;
; ASMI blocks                                 ; 0 / 1 ( 0 % )         ;
; GXB Receiver channel PCSs                   ; 0 / 2 ( 0 % )         ;
; GXB Receiver channel PMAs                   ; 0 / 2 ( 0 % )         ;
; GXB Transmitter channel PCSs                ; 0 / 2 ( 0 % )         ;
; GXB Transmitter channel PMAs                ; 0 / 2 ( 0 % )         ;
; Impedance control blocks                    ; 0 / 3 ( 0 % )         ;
; Average interconnect usage (total/H/V)      ; 0% / 0% / 0%          ;
; Peak interconnect usage (total/H/V)         ; 1% / 1% / 2%          ;
; Maximum fan-out                             ; 37                    ;
; Highest non-global fan-out                  ; 25                    ;
; Total fan-out                               ; 427                   ;
; Average fan-out                             ; 2.08                  ;
+---------------------------------------------+-----------------------+
*  Register count does not include registers inside RAM blocks or DSP blocks.



+-----------------------------------------------------------------------------------------------------+
; Fitter Partition Statistics                                                                         ;
+---------------------------------------------+----------------------+--------------------------------+
; Statistic                                   ; Top                  ; hard_block:auto_generated_inst ;
+---------------------------------------------+----------------------+--------------------------------+
; Difficulty Clustering Region                ; Low                  ; Low                            ;
;                                             ;                      ;                                ;
; Total logic elements                        ; 82 / 14400 ( < 1 % ) ; 0 / 14400 ( 0 % )              ;
;     -- Combinational with no register       ; 33                   ; 0                              ;
;     -- Register only                        ; 30                   ; 0                              ;
;     -- Combinational with a register        ; 19                   ; 0                              ;
;                                             ;                      ;                                ;
; Logic element usage by number of LUT inputs ;                      ;                                ;
;     -- 4 input functions                    ; 38                   ; 0                              ;
;     -- 3 input functions                    ; 12                   ; 0                              ;
;     -- <=2 input functions                  ; 2                    ; 0                              ;
;     -- Register only                        ; 30                   ; 0                              ;
;                                             ;                      ;                                ;
; Logic elements by mode                      ;                      ;                                ;
;     -- normal mode                          ; 52                   ; 0                              ;
;     -- arithmetic mode                      ; 0                    ; 0                              ;
;                                             ;                      ;                                ;
; Total registers                             ; 49                   ; 0                              ;
;     -- Dedicated logic registers            ; 49 / 14400 ( < 1 % ) ; 0 / 14400 ( 0 % )              ;
;     -- I/O registers                        ; 0                    ; 0                              ;
;                                             ;                      ;                                ;
; Total LABs:  partially or completely used   ; 11 / 900 ( 1 % )     ; 0 / 900 ( 0 % )                ;
;                                             ;                      ;                                ;
; Virtual pins                                ; 0                    ; 0                              ;
; I/O pins                                    ; 25                   ; 0                              ;
; Embedded Multiplier 9-bit elements          ; 0                    ; 0                              ;
; Total memory bits                           ; 0                    ; 0                              ;
; Total RAM block bits                        ; 0                    ; 0                              ;
; Clock control block                         ; 2 / 23 ( 8 % )       ; 0 / 23 ( 0 % )                 ;
;                                             ;                      ;                                ;
; Connections                                 ;                      ;                                ;
;     -- Input Connections                    ; 12                   ; 0                              ;
;     -- Registered Input Connections         ; 0                    ; 0                              ;
;     -- Output Connections                   ; 12                   ; 0                              ;
;     -- Registered Output Connections        ; 0                    ; 0                              ;
;                                             ;                      ;                                ;
; Internal Connections                        ;                      ;                                ;
;     -- Total Connections                    ; 422                  ; 5                              ;
;     -- Registered Connections               ; 173                  ; 0                              ;
;                                             ;                      ;                                ;
; External Connections                        ;                      ;                                ;
;     -- Top                                  ; 24                   ; 0                              ;
;     -- hard_block:auto_generated_inst       ; 0                    ; 0                              ;
;                                             ;                      ;                                ;
; Partition Interface                         ;                      ;                                ;
;     -- Input Ports                          ; 10                   ; 0                              ;
;     -- Output Ports                         ; 3                    ; 0                              ;
;     -- Bidir Ports                          ; 12                   ; 0                              ;
;                                             ;                      ;                                ;
; Registered Ports                            ;                      ;                                ;
;     -- Registered Input Ports               ; 0                    ; 0                              ;
;     -- Registered Output Ports              ; 0                    ; 0                              ;
;                                             ;                      ;                                ;
; Port Connectivity                           ;                      ;                                ;
;     -- Input Ports driven by GND            ; 0                    ; 0                              ;
;     -- Output Ports driven by GND           ; 0                    ; 0                              ;
;     -- Input Ports driven by VCC            ; 0                    ; 0                              ;
;     -- Output Ports driven by VCC           ; 0                    ; 0                              ;
;     -- Input Ports with no Source           ; 0                    ; 0                              ;
;     -- Output Ports with no Source          ; 0                    ; 0                              ;
;     -- Input Ports with no Fanout           ; 0                    ; 0                              ;
;     -- Output Ports with no Fanout          ; 0                    ; 0                              ;
+---------------------------------------------+----------------------+--------------------------------+


+----------------------------------------------------------------------------------------------------------------------------------------------------------------------------------------------------------------------------------------------------------------------------------------------+
; Input Pins                                                                                                                                                                                                                                                                                   ;
+-----------+-------+----------+--------------+--------------+--------------+-----------------------+--------------------+--------+----------------+---------------+-----------------+----------+--------------+--------------+-------------+---------------------------+----------------------+
; Name      ; Pin # ; I/O Bank ; X coordinate ; Y coordinate ; Z coordinate ; Combinational Fan-Out ; Registered Fan-Out ; Global ; Input Register ; Power Up High ; PCI I/O Enabled ; Bus Hold ; Weak Pull Up ; I/O Standard ; Termination ; Termination Control Block ; Location assigned by ;
+-----------+-------+----------+--------------+--------------+--------------+-----------------------+--------------------+--------+----------------+---------------+-----------------+----------+--------------+--------------+-------------+---------------------------+----------------------+
; CLOCK     ; J7    ; 3A       ; 16           ; 0            ; 14           ; 37                    ; 0                  ; yes    ; no             ; no            ; yes             ; no       ; Off          ; 2.5 V        ; Off         ; --                        ; Fitter               ;
; CONTINUAR ; L9    ; 4        ; 24           ; 0            ; 7            ; 0                     ; 0                  ; no     ; no             ; no            ; yes             ; no       ; Off          ; 2.5 V        ; Off         ; --                        ; Fitter               ;
; LOAD_F    ; D11   ; 6        ; 33           ; 28           ; 0            ; 13                    ; 0                  ; no     ; no             ; no            ; yes             ; no       ; Off          ; 2.5 V        ; Off         ; --                        ; Fitter               ;
; LOAD_I    ; G10   ; 6        ; 33           ; 22           ; 7            ; 25                    ; 0                  ; no     ; no             ; no            ; yes             ; no       ; Off          ; 2.5 V        ; Off         ; --                        ; Fitter               ;
; RECARGAR  ; N8    ; 4        ; 20           ; 0            ; 7            ; 0                     ; 0                  ; no     ; no             ; no            ; yes             ; no       ; Off          ; 2.5 V        ; Off         ; --                        ; Fitter               ;
; START     ; M4    ; 3        ; 8            ; 0            ; 0            ; 0                     ; 0                  ; no     ; no             ; no            ; yes             ; no       ; Off          ; 2.5 V        ; Off         ; --                        ; Fitter               ;
; UP_DOWN   ; D12   ; 6        ; 33           ; 28           ; 7            ; 18                    ; 0                  ; no     ; no             ; no            ; yes             ; no       ; Off          ; 2.5 V        ; Off         ; --                        ; Fitter               ;
; b[0]      ; C11   ; 7        ; 31           ; 31           ; 0            ; 3                     ; 0                  ; no     ; no             ; no            ; yes             ; no       ; Off          ; 2.5 V        ; Off         ; --                        ; Fitter               ;
; b[1]      ; D13   ; 7        ; 29           ; 31           ; 7            ; 3                     ; 0                  ; no     ; no             ; no            ; yes             ; no       ; Off          ; 2.5 V        ; Off         ; --                        ; Fitter               ;
; b[2]      ; C12   ; 7        ; 31           ; 31           ; 7            ; 3                     ; 0                  ; no     ; no             ; no            ; yes             ; no       ; Off          ; 2.5 V        ; Off         ; --                        ; Fitter               ;
+-----------+-------+----------+--------------+--------------+--------------+-----------------------+--------------------+--------+----------------+---------------+-----------------+----------+--------------+--------------+-------------+---------------------------+----------------------+


+--------------------------------------------------------------------------------------------------------------------------------------------------------------------------------------------------------------------------------------------------------------------------------------------------------------------------------------------------------------------------------------------------------------------------------------------------------+
; Output Pins                                                                                                                                                                                                                                                                                                                                                                                                                                            ;
+-------+-------+----------+--------------+--------------+--------------+-----------------+------------------------+---------------+-----------+-----------------+------------+---------------+----------+--------------+--------------+------------------+-----------------------------------+---------------------------+----------------------------+-----------------------------+----------------------+----------------------+---------------------+
; Name  ; Pin # ; I/O Bank ; X coordinate ; Y coordinate ; Z coordinate ; Output Register ; Output Enable Register ; Power Up High ; Slew Rate ; PCI I/O Enabled ; Open Drain ; TRI Primitive ; Bus Hold ; Weak Pull Up ; I/O Standard ; Current Strength ; Termination                       ; Termination Control Block ; Output Buffer Pre-emphasis ; Voltage Output Differential ; Location assigned by ; Output Enable Source ; Output Enable Group ;
+-------+-------+----------+--------------+--------------+--------------+-----------------+------------------------+---------------+-----------+-----------------+------------+---------------+----------+--------------+--------------+------------------+-----------------------------------+---------------------------+----------------------------+-----------------------------+----------------------+----------------------+---------------------+
; ERROR ; B10   ; 7        ; 24           ; 31           ; 7            ; no              ; no                     ; no            ; 2         ; no              ; no         ; no            ; no       ; Off          ; 2.5 V        ; Default          ; Series 50 Ohm without Calibration ; --                        ; no                         ; no                          ; Fitter               ; -                    ; -                   ;
; FIN   ; F10   ; 6        ; 33           ; 24           ; 0            ; no              ; no                     ; no            ; 2         ; no              ; no         ; no            ; no       ; Off          ; 2.5 V        ; Default          ; Series 50 Ohm without Calibration ; --                        ; no                         ; no                          ; Fitter               ; -                    ; -                   ;
; PAUSA ; C8    ; 7        ; 22           ; 31           ; 7            ; no              ; no                     ; no            ; 2         ; no              ; no         ; no            ; no       ; Off          ; 2.5 V        ; Default          ; Series 50 Ohm without Calibration ; --                        ; no                         ; no                          ; Fitter               ; -                    ; -                   ;
+-------+-------+----------+--------------+--------------+--------------+-----------------+------------------------+---------------+-----------+-----------------+------------+---------------+----------+--------------+--------------+------------------+-----------------------------------+---------------------------+----------------------------+-----------------------------+----------------------+----------------------+---------------------+


+----------------------------------------------------------------------------------------------------------------------------------------------------------------------------------------------------------------------------------------------------------------------------------------------------------------------------------------------------------------------------------------------------------------------------------------------------------------------------------+
; Bidir Pins                                                                                                                                                                                                                                                                                                                                                                                                                                                                       ;
+----------+-------+----------+--------------+--------------+--------------+-----------------------+--------------------+--------+----------------+-----------------+------------------------+---------------+-----------+-----------------+------------+----------+--------------+--------------+------------------+-------------------+-----------------------------------+---------------------------+----------------------+------+----------------------+---------------------+
; Name     ; Pin # ; I/O Bank ; X coordinate ; Y coordinate ; Z coordinate ; Combinational Fan-Out ; Registered Fan-Out ; Global ; Input Register ; Output Register ; Output Enable Register ; Power Up High ; Slew Rate ; PCI I/O Enabled ; Open Drain ; Bus Hold ; Weak Pull Up ; I/O Standard ; Current Strength ; Input Termination ; Output Termination                ; Termination Control Block ; Location assigned by ; Load ; Output Enable Source ; Output Enable Group ;
+----------+-------+----------+--------------+--------------+--------------+-----------------------+--------------------+--------+----------------+-----------------+------------------------+---------------+-----------+-----------------+------------+----------+--------------+--------------+------------------+-------------------+-----------------------------------+---------------------------+----------------------+------+----------------------+---------------------+
; DATA[0]  ; C13   ; 7        ; 29           ; 31           ; 0            ; 0                     ; 0                  ; no     ; no             ; no              ; no                     ; no            ; 2         ; yes             ; no         ; no       ; Off          ; 2.5 V        ; Default          ; Off               ; Series 50 Ohm without Calibration ; --                        ; Fitter               ; 0 pF ; -                    ; -                   ;
; DATA[10] ; A12   ; 7        ; 20           ; 31           ; 7            ; 0                     ; 0                  ; no     ; no             ; no              ; no                     ; no            ; 2         ; yes             ; no         ; no       ; Off          ; 2.5 V        ; Default          ; Off               ; Series 50 Ohm without Calibration ; --                        ; Fitter               ; 0 pF ; -                    ; -                   ;
; DATA[11] ; B8    ; 7        ; 22           ; 31           ; 0            ; 0                     ; 0                  ; no     ; no             ; no              ; no                     ; no            ; 2         ; yes             ; no         ; no       ; Off          ; 2.5 V        ; Default          ; Off               ; Series 50 Ohm without Calibration ; --                        ; Fitter               ; 0 pF ; -                    ; -                   ;
; DATA[1]  ; G9    ; 6        ; 33           ; 22           ; 0            ; 0                     ; 0                  ; no     ; no             ; no              ; no                     ; no            ; 2         ; yes             ; no         ; no       ; Off          ; 2.5 V        ; Default          ; Off               ; Series 50 Ohm without Calibration ; --                        ; Fitter               ; 0 pF ; -                    ; -                   ;
; DATA[2]  ; E10   ; 6        ; 33           ; 27           ; 0            ; 0                     ; 0                  ; no     ; no             ; no              ; no                     ; no            ; 2         ; yes             ; no         ; no       ; Off          ; 2.5 V        ; Default          ; Off               ; Series 50 Ohm without Calibration ; --                        ; Fitter               ; 0 pF ; -                    ; -                   ;
; DATA[3]  ; D10   ; 6        ; 33           ; 27           ; 7            ; 0                     ; 0                  ; no     ; no             ; no              ; no                     ; no            ; 2         ; yes             ; no         ; no       ; Off          ; 2.5 V        ; Default          ; Off               ; Series 50 Ohm without Calibration ; --                        ; Fitter               ; 0 pF ; -                    ; -                   ;
; DATA[4]  ; F9    ; 6        ; 33           ; 25           ; 0            ; 0                     ; 0                  ; no     ; no             ; no              ; no                     ; no            ; 2         ; yes             ; no         ; no       ; Off          ; 2.5 V        ; Default          ; Off               ; Series 50 Ohm without Calibration ; --                        ; Fitter               ; 0 pF ; -                    ; -                   ;
; DATA[5]  ; F11   ; 6        ; 33           ; 24           ; 7            ; 0                     ; 0                  ; no     ; no             ; no              ; no                     ; no            ; 2         ; yes             ; no         ; no       ; Off          ; 2.5 V        ; Default          ; Off               ; Series 50 Ohm without Calibration ; --                        ; Fitter               ; 0 pF ; -                    ; -                   ;
; DATA[6]  ; E13   ; 6        ; 33           ; 25           ; 7            ; 0                     ; 0                  ; no     ; no             ; no              ; no                     ; no            ; 2         ; yes             ; no         ; no       ; Off          ; 2.5 V        ; Default          ; Off               ; Series 50 Ohm without Calibration ; --                        ; Fitter               ; 0 pF ; -                    ; -                   ;
; DATA[7]  ; B13   ; 7        ; 26           ; 31           ; 7            ; 0                     ; 0                  ; no     ; no             ; no              ; no                     ; no            ; 2         ; yes             ; no         ; no       ; Off          ; 2.5 V        ; Default          ; Off               ; Series 50 Ohm without Calibration ; --                        ; Fitter               ; 0 pF ; -                    ; -                   ;
; DATA[8]  ; B11   ; 7        ; 24           ; 31           ; 0            ; 0                     ; 0                  ; no     ; no             ; no              ; no                     ; no            ; 2         ; yes             ; no         ; no       ; Off          ; 2.5 V        ; Default          ; Off               ; Series 50 Ohm without Calibration ; --                        ; Fitter               ; 0 pF ; -                    ; -                   ;
; DATA[9]  ; A13   ; 7        ; 26           ; 31           ; 0            ; 0                     ; 0                  ; no     ; no             ; no              ; no                     ; no            ; 2         ; yes             ; no         ; no       ; Off          ; 2.5 V        ; Default          ; Off               ; Series 50 Ohm without Calibration ; --                        ; Fitter               ; 0 pF ; -                    ; -                   ;
+----------+-------+----------+--------------+--------------+--------------+-----------------------+--------------------+--------+----------------+-----------------+------------------------+---------------+-----------+-----------------+------------+----------+--------------+--------------+------------------+-------------------+-----------------------------------+---------------------------+----------------------+------+----------------------+---------------------+


+-----------------------------------------------------------------------------------------------------------+
; Dual Purpose and Dedicated Pins                                                                           ;
+----------+----------------------+--------------------------+------------------+---------------------------+
; Location ; Pin Name             ; Reserved As              ; User Signal Name ; Pin Type                  ;
+----------+----------------------+--------------------------+------------------+---------------------------+
; L3       ; MSEL2                ; -                        ; -                ; Dedicated Programming Pin ;
; N3       ; MSEL1                ; -                        ; -                ; Dedicated Programming Pin ;
; K5       ; MSEL0                ; -                        ; -                ; Dedicated Programming Pin ;
; J5       ; CONF_DONE            ; -                        ; -                ; Dedicated Programming Pin ;
; K6       ; nSTATUS              ; -                        ; -                ; Dedicated Programming Pin ;
; N5       ; DIFFIO_B1n, NCEO     ; Use as programming pin   ; ~ALTERA_NCEO~    ; Dual Purpose Pin          ;
; G10      ; DIFFIO_R4n, DEV_OE   ; Use as regular IO        ; LOAD_I           ; Dual Purpose Pin          ;
; D10      ; DIFFIO_R2n, DEV_CLRn ; Use as regular IO        ; DATA[3]          ; Dual Purpose Pin          ;
; A5       ; DATA0                ; As input tri-stated      ; ~ALTERA_DATA0~   ; Dual Purpose Pin          ;
; B5       ; ASDO                 ; As input tri-stated      ; ~ALTERA_ASDO~    ; Dual Purpose Pin          ;
; C5       ; NCSO                 ; As input tri-stated      ; ~ALTERA_NCSO~    ; Dual Purpose Pin          ;
; A4       ; DCLK                 ; As output driving ground ; ~ALTERA_DCLK~    ; Dual Purpose Pin          ;
; D5       ; nCONFIG              ; -                        ; -                ; Dedicated Programming Pin ;
; C4       ; nCE                  ; -                        ; -                ; Dedicated Programming Pin ;
+----------+----------------------+--------------------------+------------------+---------------------------+


+-------------------------------------------------------------------------------+
; I/O Bank Usage                                                                ;
+----------+------------------+---------------+--------------+------------------+
; I/O Bank ; Usage            ; VCCIO Voltage ; VREF Voltage ; VCCCLKIN Voltage ;
+----------+------------------+---------------+--------------+------------------+
; QL0      ; 0 / 8 ( 0 % )    ; --            ; --           ; --               ;
; 3        ; 2 / 8 ( 25 % )   ; 2.5V          ; --           ; --               ;
; 3A       ; 1 / 2 ( 50 % )   ; --            ; --           ; 2.5V             ;
; 4        ; 2 / 14 ( 14 % )  ; 2.5V          ; --           ; --               ;
; 5        ; 0 / 12 ( 0 % )   ; 2.5V          ; --           ; --               ;
; 6        ; 10 / 12 ( 83 % ) ; 2.5V          ; --           ; --               ;
; 7        ; 11 / 14 ( 79 % ) ; 2.5V          ; --           ; --               ;
; 8A       ; 0 / 2 ( 0 % )    ; --            ; --           ; 2.5V             ;
; 8        ; 0 / 5 ( 0 % )    ; 2.5V          ; --           ; --               ;
; 9        ; 4 / 4 ( 100 % )  ; 2.5V          ; --           ; --               ;
+----------+------------------+---------------+--------------+------------------+


+--------------------------------------------------------------------------------------------------------------------------------------------------------------------------------+
; All Package Pins                                                                                                                                                               ;
+----------+------------+----------+--------------------------------------------------+--------+--------------+---------+------------+-----------------+----------+--------------+
; Location ; Pad Number ; I/O Bank ; Pin Name/Usage                                   ; Dir.   ; I/O Standard ; Voltage ; I/O Type   ; User Assignment ; Bus Hold ; Weak Pull Up ;
+----------+------------+----------+--------------------------------------------------+--------+--------------+---------+------------+-----------------+----------+--------------+
; A1       ; 99         ; 9        ; #TDO                                             ; output ;              ;         ; --         ;                 ; --       ; --           ;
; A2       ; 98         ; 9        ; #TMS                                             ; input  ;              ;         ; --         ;                 ; --       ; --           ;
; A3       ; 96         ; 9        ; #TDI                                             ; input  ;              ;         ; --         ;                 ; --       ; --           ;
; A4       ; 93         ; 9        ; ~ALTERA_DCLK~                                    ; output ; 2.5 V        ;         ; Column I/O ; N               ; no       ; On           ;
; A5       ; 90         ; 9        ; ~ALTERA_DATA0~ / RESERVED_INPUT_WITH_WEAK_PULLUP ; input  ; 2.5 V        ;         ; Column I/O ; N               ; no       ; On           ;
; A6       ; 89         ; 8        ; RESERVED_INPUT_WITH_WEAK_PULLUP                  ;        ;              ;         ; Column I/O ;                 ; no       ; On           ;
; A7       ; 87         ; 8        ; RESERVED_INPUT_WITH_WEAK_PULLUP                  ;        ;              ;         ; Column I/O ;                 ; no       ; On           ;
; A8       ; 88         ; 8        ; RESERVED_INPUT_WITH_WEAK_PULLUP                  ;        ;              ;         ; Column I/O ;                 ; no       ; On           ;
; A9       ; 81         ; 7        ; GND+                                             ;        ;              ;         ; Column I/O ;                 ; --       ; --           ;
; A10      ; 82         ; 7        ; GND+                                             ;        ;              ;         ; Column I/O ;                 ; --       ; --           ;
; A11      ; 79         ; 7        ; RESERVED_INPUT_WITH_WEAK_PULLUP                  ;        ;              ;         ; Column I/O ;                 ; no       ; On           ;
; A12      ; 80         ; 7        ; DATA[10]                                         ; bidir  ; 2.5 V        ;         ; Column I/O ; N               ; no       ; Off          ;
; A13      ; 73         ; 7        ; DATA[9]                                          ; bidir  ; 2.5 V        ;         ; Column I/O ; N               ; no       ; Off          ;
; B1       ;            ;          ; GND                                              ; gnd    ;              ;         ; --         ;                 ; --       ; --           ;
; B2       ;            ;          ; GND                                              ; gnd    ;              ;         ; --         ;                 ; --       ; --           ;
; B3       ; 97         ; 9        ; #TCK                                             ; input  ;              ;         ; --         ;                 ; --       ; --           ;
; B4       ;            ;          ; GND                                              ; gnd    ;              ;         ; --         ;                 ; --       ; --           ;
; B5       ; 91         ; 9        ; ~ALTERA_ASDO~ / RESERVED_INPUT_WITH_WEAK_PULLUP  ; input  ; 2.5 V        ;         ; Column I/O ; N               ; no       ; On           ;
; B6       ; 86         ; 8        ; RESERVED_INPUT_WITH_WEAK_PULLUP                  ;        ;              ;         ; Column I/O ;                 ; no       ; On           ;
; B7       ;            ;          ; GND                                              ; gnd    ;              ;         ; --         ;                 ; --       ; --           ;
; B8       ; 77         ; 7        ; DATA[11]                                         ; bidir  ; 2.5 V        ;         ; Column I/O ; N               ; no       ; Off          ;
; B9       ;            ;          ; GND                                              ; gnd    ;              ;         ; --         ;                 ; --       ; --           ;
; B10      ; 76         ; 7        ; ERROR                                            ; output ; 2.5 V        ;         ; Column I/O ; N               ; no       ; Off          ;
; B11      ; 75         ; 7        ; DATA[8]                                          ; bidir  ; 2.5 V        ;         ; Column I/O ; N               ; no       ; Off          ;
; B12      ;            ;          ; GND                                              ; gnd    ;              ;         ; --         ;                 ; --       ; --           ;
; B13      ; 74         ; 7        ; DATA[7]                                          ; bidir  ; 2.5 V        ;         ; Column I/O ; N               ; no       ; Off          ;
; C1       ; 9          ; QL0      ; GXB_NC                                           ;        ;              ;         ; --         ;                 ; --       ; --           ;
; C2       ; 8          ; QL0      ; GXB_NC                                           ;        ;              ;         ; --         ;                 ; --       ; --           ;
; C3       ;            ; 9        ; VCCIO9                                           ; power  ;              ; 2.5V    ; --         ;                 ; --       ; --           ;
; C4       ; 95         ; 9        ; ^nCE                                             ;        ;              ;         ; --         ;                 ; --       ; --           ;
; C5       ; 92         ; 9        ; ~ALTERA_NCSO~ / RESERVED_INPUT_WITH_WEAK_PULLUP  ; input  ; 2.5 V        ;         ; Column I/O ; N               ; no       ; On           ;
; C6       ; 85         ; 8        ; RESERVED_INPUT_WITH_WEAK_PULLUP                  ;        ;              ;         ; Column I/O ;                 ; --       ; --           ;
; C7       ;            ; 8        ; VCCIO8                                           ; power  ;              ; 2.5V    ; --         ;                 ; --       ; --           ;
; C8       ; 78         ; 7        ; PAUSA                                            ; output ; 2.5 V        ;         ; Column I/O ; N               ; no       ; Off          ;
; C9       ;            ; 7        ; VCCIO7                                           ; power  ;              ; 2.5V    ; --         ;                 ; --       ; --           ;
; C10      ;            ; 7        ; VCCIO7                                           ; power  ;              ; 2.5V    ; --         ;                 ; --       ; --           ;
; C11      ; 69         ; 7        ; b[0]                                             ; input  ; 2.5 V        ;         ; Column I/O ; N               ; no       ; Off          ;
; C12      ; 70         ; 7        ; b[2]                                             ; input  ; 2.5 V        ;         ; Column I/O ; N               ; no       ; Off          ;
; C13      ; 71         ; 7        ; DATA[0]                                          ; bidir  ; 2.5 V        ;         ; Column I/O ; N               ; no       ; Off          ;
; D1       ;            ;          ; GND                                              ; gnd    ;              ;         ; --         ;                 ; --       ; --           ;
; D2       ;            ;          ; GND                                              ; gnd    ;              ;         ; --         ;                 ; --       ; --           ;
; D3       ;            ;          ; VCCD_PLL                                         ; power  ;              ; 1.2V    ; --         ;                 ; --       ; --           ;
; D4       ;            ; --       ; VCCA                                             ; power  ;              ; 2.5V    ; --         ;                 ; --       ; --           ;
; D5       ; 94         ; 9        ; ^nCONFIG                                         ;        ;              ;         ; --         ;                 ; --       ; --           ;
; D6       ;            ;          ; GND                                              ; gnd    ;              ;         ; --         ;                 ; --       ; --           ;
; D7       ;            ; 8A       ; VCC_CLKIN8A                                      ; power  ;              ; 2.5V    ; --         ;                 ; --       ; --           ;
; D8       ;            ;          ; GND                                              ; gnd    ;              ;         ; --         ;                 ; --       ; --           ;
; D9       ;            ; --       ; VCCA                                             ; power  ;              ; 2.5V    ; --         ;                 ; --       ; --           ;
; D10      ; 65         ; 6        ; DATA[3]                                          ; bidir  ; 2.5 V        ;         ; Row I/O    ; N               ; no       ; Off          ;
; D11      ; 68         ; 6        ; LOAD_F                                           ; input  ; 2.5 V        ;         ; Row I/O    ; N               ; no       ; Off          ;
; D12      ; 67         ; 6        ; UP_DOWN                                          ; input  ; 2.5 V        ;         ; Row I/O    ; N               ; no       ; Off          ;
; D13      ; 72         ; 7        ; b[1]                                             ; input  ; 2.5 V        ;         ; Column I/O ; N               ; no       ; Off          ;
; E1       ; 11         ; QL0      ; GXB_GND*                                         ;        ;              ;         ; --         ;                 ; --       ; --           ;
; E2       ; 10         ; QL0      ; GXB_GND*                                         ;        ;              ;         ; --         ;                 ; --       ; --           ;
; E3       ;            ;          ; GND                                              ; gnd    ;              ;         ; --         ;                 ; --       ; --           ;
; E4       ;            ;          ; VCCINT                                           ; power  ;              ; 1.2V    ; --         ;                 ; --       ; --           ;
; E5       ;            ;          ; GND                                              ; gnd    ;              ;         ; --         ;                 ; --       ; --           ;
; E6       ; 83         ; 8A       ; GXB_GND*                                         ;        ;              ;         ; Column I/O ;                 ; --       ; --           ;
; E7       ; 84         ; 8A       ; GXB_GND*                                         ;        ;              ;         ; Column I/O ;                 ; --       ; --           ;
; E8       ;            ;          ; VCCINT                                           ; power  ;              ; 1.2V    ; --         ;                 ; --       ; --           ;
; E9       ;            ;          ; GND                                              ; gnd    ;              ;         ; --         ;                 ; --       ; --           ;
; E10      ; 66         ; 6        ; DATA[2]                                          ; bidir  ; 2.5 V        ;         ; Row I/O    ; N               ; no       ; Off          ;
; E11      ;            ; 6        ; VCCIO6                                           ; power  ;              ; 2.5V    ; --         ;                 ; --       ; --           ;
; E12      ;            ;          ; GND                                              ; gnd    ;              ;         ; --         ;                 ; --       ; --           ;
; E13      ; 63         ; 6        ; DATA[6]                                          ; bidir  ; 2.5 V        ;         ; Row I/O    ; N               ; no       ; Off          ;
; F1       ;            ;          ; GND                                              ; gnd    ;              ;         ; --         ;                 ; --       ; --           ;
; F2       ;            ;          ; GND                                              ; gnd    ;              ;         ; --         ;                 ; --       ; --           ;
; F3       ;            ; --       ; VCCL_GXB                                         ; power  ;              ; 1.2V    ; --         ;                 ; --       ; --           ;
; F4       ;            ;          ; GND                                              ; gnd    ;              ;         ; --         ;                 ; --       ; --           ;
; F5       ;            ;          ; VCCINT                                           ; power  ;              ; 1.2V    ; --         ;                 ; --       ; --           ;
; F6       ;            ;          ; GND                                              ; gnd    ;              ;         ; --         ;                 ; --       ; --           ;
; F7       ;            ;          ; VCCINT                                           ; power  ;              ; 1.2V    ; --         ;                 ; --       ; --           ;
; F8       ;            ;          ; GND                                              ; gnd    ;              ;         ; --         ;                 ; --       ; --           ;
; F9       ; 64         ; 6        ; DATA[4]                                          ; bidir  ; 2.5 V        ;         ; Row I/O    ; N               ; no       ; Off          ;
; F10      ; 62         ; 6        ; FIN                                              ; output ; 2.5 V        ;         ; Row I/O    ; N               ; no       ; Off          ;
; F11      ; 61         ; 6        ; DATA[5]                                          ; bidir  ; 2.5 V        ;         ; Row I/O    ; N               ; no       ; Off          ;
; F12      ; 58         ; 6        ; GND+                                             ;        ;              ;         ; Row I/O    ;                 ; --       ; --           ;
; F13      ; 57         ; 6        ; GND+                                             ;        ;              ;         ; Row I/O    ;                 ; --       ; --           ;
; G1       ; 13         ; QL0      ; GXB_NC                                           ;        ;              ;         ; --         ;                 ; --       ; --           ;
; G2       ; 12         ; QL0      ; GXB_NC                                           ;        ;              ;         ; --         ;                 ; --       ; --           ;
; G3       ;            ; --       ; VCCH_GXB                                         ; power  ;              ; 2.5V    ; --         ;                 ; --       ; --           ;
; G4       ;            ;          ; VCCINT                                           ; power  ;              ; 1.2V    ; --         ;                 ; --       ; --           ;
; G5       ;            ;          ; GND                                              ; gnd    ;              ;         ; --         ;                 ; --       ; --           ;
; G6       ;            ;          ; VCCINT                                           ; power  ;              ; 1.2V    ; --         ;                 ; --       ; --           ;
; G7       ;            ;          ; GND                                              ; gnd    ;              ;         ; --         ;                 ; --       ; --           ;
; G8       ;            ;          ; VCCINT                                           ; power  ;              ; 1.2V    ; --         ;                 ; --       ; --           ;
; G9       ; 60         ; 6        ; DATA[1]                                          ; bidir  ; 2.5 V        ;         ; Row I/O    ; N               ; no       ; Off          ;
; G10      ; 59         ; 6        ; LOAD_I                                           ; input  ; 2.5 V        ;         ; Row I/O    ; N               ; no       ; Off          ;
; G11      ;            ; 6        ; VCCIO6                                           ; power  ;              ; 2.5V    ; --         ;                 ; --       ; --           ;
; G12      ;            ;          ; GND                                              ; gnd    ;              ;         ; --         ;                 ; --       ; --           ;
; G13      ; 55         ; 5        ; GND+                                             ;        ;              ;         ; Row I/O    ;                 ; --       ; --           ;
; H1       ;            ;          ; GND                                              ; gnd    ;              ;         ; --         ;                 ; --       ; --           ;
; H2       ;            ;          ; GND                                              ; gnd    ;              ;         ; --         ;                 ; --       ; --           ;
; H3       ;            ; --       ; VCCL_GXB                                         ; power  ;              ; 1.2V    ; --         ;                 ; --       ; --           ;
; H4       ;            ;          ; GND                                              ; gnd    ;              ;         ; --         ;                 ; --       ; --           ;
; H5       ;            ;          ; VCCINT                                           ; power  ;              ; 1.2V    ; --         ;                 ; --       ; --           ;
; H6       ;            ;          ; GND                                              ; gnd    ;              ;         ; --         ;                 ; --       ; --           ;
; H7       ;            ;          ; VCCINT                                           ; power  ;              ; 1.2V    ; --         ;                 ; --       ; --           ;
; H8       ;            ;          ; GND                                              ; gnd    ;              ;         ; --         ;                 ; --       ; --           ;
; H9       ;            ; --       ; VCCA                                             ; power  ;              ; 2.5V    ; --         ;                 ; --       ; --           ;
; H10      ; 52         ; 5        ; RESERVED_INPUT_WITH_WEAK_PULLUP                  ;        ;              ;         ; Row I/O    ;                 ; no       ; On           ;
; H11      ;            ; 5        ; VCCIO5                                           ; power  ;              ; 2.5V    ; --         ;                 ; --       ; --           ;
; H12      ; 51         ; 5        ; RESERVED_INPUT_WITH_WEAK_PULLUP                  ;        ;              ;         ; Row I/O    ;                 ; --       ; --           ;
; H13      ; 56         ; 5        ; GND+                                             ;        ;              ;         ; Row I/O    ;                 ; --       ; --           ;
; J1       ; 15         ; QL0      ; GXB_GND*                                         ;        ;              ;         ; --         ;                 ; --       ; --           ;
; J2       ; 14         ; QL0      ; GXB_GND*                                         ;        ;              ;         ; --         ;                 ; --       ; --           ;
; J3       ;            ; --       ; VCCA_GXB                                         ; power  ;              ; 2.5V    ; --         ;                 ; --       ; --           ;
; J4       ;            ;          ; VCCD_PLL                                         ; power  ;              ; 1.2V    ; --         ;                 ; --       ; --           ;
; J5       ; 19         ; 3        ; ^CONF_DONE                                       ;        ;              ;         ; --         ;                 ; --       ; --           ;
; J6       ; 29         ; 3A       ; GXB_GND*                                         ;        ;              ;         ; Column I/O ;                 ; --       ; --           ;
; J7       ; 30         ; 3A       ; CLOCK                                            ; input  ; 2.5 V        ;         ; Column I/O ; N               ; no       ; Off          ;
; J8       ;            ;          ; VCCINT                                           ; power  ;              ; 1.2V    ; --         ;                 ; --       ; --           ;
; J9       ;            ;          ; GND                                              ; gnd    ;              ;         ; --         ;                 ; --       ; --           ;
; J10      ;            ;          ; VCCD_PLL                                         ; power  ;              ; 1.2V    ; --         ;                 ; --       ; --           ;
; J11      ;            ; 5        ; VCCIO5                                           ; power  ;              ; 2.5V    ; --         ;                 ; --       ; --           ;
; J12      ;            ;          ; GND                                              ; gnd    ;              ;         ; --         ;                 ; --       ; --           ;
; J13      ; 53         ; 5        ; RESERVED_INPUT_WITH_WEAK_PULLUP                  ;        ;              ;         ; Row I/O    ;                 ; no       ; On           ;
; K1       ;            ;          ; GND                                              ; gnd    ;              ;         ; --         ;                 ; --       ; --           ;
; K2       ;            ;          ; GND                                              ; gnd    ;              ;         ; --         ;                 ; --       ; --           ;
; K3       ;            ;          ; GND                                              ; gnd    ;              ;         ; --         ;                 ; --       ; --           ;
; K4       ;            ; --       ; VCCA                                             ; power  ;              ; 2.5V    ; --         ;                 ; --       ; --           ;
; K5       ; 18         ; 3        ; ^MSEL0                                           ;        ;              ;         ; --         ;                 ; --       ; --           ;
; K6       ; 20         ; 3        ; ^nSTATUS                                         ;        ;              ;         ; --         ;                 ; --       ; --           ;
; K7       ;            ; 3A       ; VCC_CLKIN3A                                      ; power  ;              ; 2.5V    ; --         ;                 ; --       ; --           ;
; K8       ; 35         ; 4        ; RESERVED_INPUT_WITH_WEAK_PULLUP                  ;        ;              ;         ; Column I/O ;                 ; --       ; --           ;
; K9       ; 36         ; 4        ; RESERVED_INPUT_WITH_WEAK_PULLUP                  ;        ;              ;         ; Column I/O ;                 ; no       ; On           ;
; K10      ; 43         ; 4        ; RESERVED_INPUT_WITH_WEAK_PULLUP                  ;        ;              ;         ; Column I/O ;                 ; no       ; On           ;
; K11      ; 48         ; 5        ; RESERVED_INPUT_WITH_WEAK_PULLUP                  ;        ;              ;         ; Row I/O    ;                 ; no       ; On           ;
; K12      ; 47         ; 5        ; RESERVED_INPUT_WITH_WEAK_PULLUP                  ;        ;              ;         ; Row I/O    ;                 ; no       ; On           ;
; K13      ; 54         ; 5        ; RESERVED_INPUT_WITH_WEAK_PULLUP                  ;        ;              ;         ; Row I/O    ;                 ; no       ; On           ;
; L1       ;            ;          ; RREF                                             ;        ;              ;         ; --         ;                 ; --       ; --           ;
; L2       ;            ;          ; GND                                              ; gnd    ;              ;         ; --         ;                 ; --       ; --           ;
; L3       ; 16         ; 3        ; ^MSEL2                                           ;        ;              ;         ; --         ;                 ; --       ; --           ;
; L4       ; 21         ; 3        ; RESERVED_INPUT_WITH_WEAK_PULLUP                  ;        ;              ;         ; Column I/O ;                 ; no       ; On           ;
; L5       ; 27         ; 3        ; RESERVED_INPUT_WITH_WEAK_PULLUP                  ;        ;              ;         ; Column I/O ;                 ; no       ; On           ;
; L6       ;            ; 3        ; VCCIO3                                           ; power  ;              ; 2.5V    ; --         ;                 ; --       ; --           ;
; L7       ; 28         ; 3        ; RESERVED_INPUT_WITH_WEAK_PULLUP                  ;        ;              ;         ; Column I/O ;                 ; --       ; --           ;
; L8       ;            ; 4        ; VCCIO4                                           ; power  ;              ; 2.5V    ; --         ;                 ; --       ; --           ;
; L9       ; 37         ; 4        ; CONTINUAR                                        ; input  ; 2.5 V        ;         ; Column I/O ; N               ; no       ; Off          ;
; L10      ;            ; 4        ; VCCIO4                                           ; power  ;              ; 2.5V    ; --         ;                 ; --       ; --           ;
; L11      ; 44         ; 4        ; RESERVED_INPUT_WITH_WEAK_PULLUP                  ;        ;              ;         ; Column I/O ;                 ; no       ; On           ;
; L12      ; 50         ; 5        ; RESERVED_INPUT_WITH_WEAK_PULLUP                  ;        ;              ;         ; Row I/O    ;                 ; no       ; On           ;
; L13      ; 49         ; 5        ; RESERVED_INPUT_WITH_WEAK_PULLUP                  ;        ;              ;         ; Row I/O    ;                 ; no       ; On           ;
; M1       ;            ;          ; GND                                              ; gnd    ;              ;         ; --         ;                 ; --       ; --           ;
; M2       ;            ; --       ; VCCA_GXB                                         ; power  ;              ; 2.5V    ; --         ;                 ; --       ; --           ;
; M3       ;            ;          ; NC                                               ;        ;              ;         ; --         ;                 ; --       ; --           ;
; M4       ; 22         ; 3        ; START                                            ; input  ; 2.5 V        ;         ; Column I/O ; N               ; no       ; Off          ;
; M5       ;            ;          ; GND                                              ; gnd    ;              ;         ; --         ;                 ; --       ; --           ;
; M6       ; 25         ; 3        ; RESERVED_INPUT_WITH_WEAK_PULLUP                  ;        ;              ;         ; Column I/O ;                 ; no       ; On           ;
; M7       ; 31         ; 4        ; GND+                                             ;        ;              ;         ; Column I/O ;                 ; --       ; --           ;
; M8       ;            ;          ; GND                                              ; gnd    ;              ;         ; --         ;                 ; --       ; --           ;
; M9       ; 38         ; 4        ; RESERVED_INPUT_WITH_WEAK_PULLUP                  ;        ;              ;         ; Column I/O ;                 ; no       ; On           ;
; M10      ;            ;          ; GND                                              ; gnd    ;              ;         ; --         ;                 ; --       ; --           ;
; M11      ; 41         ; 4        ; RESERVED_INPUT_WITH_WEAK_PULLUP                  ;        ;              ;         ; Column I/O ;                 ; no       ; On           ;
; M12      ;            ;          ; GND                                              ; gnd    ;              ;         ; --         ;                 ; --       ; --           ;
; M13      ; 46         ; 5        ; RESERVED_INPUT_WITH_WEAK_PULLUP                  ;        ;              ;         ; Row I/O    ;                 ; no       ; On           ;
; N1       ;            ; --       ; VCCL_GXB                                         ; power  ;              ; 1.2V    ; --         ;                 ; --       ; --           ;
; N2       ;            ;          ; NC                                               ;        ;              ;         ; --         ;                 ; --       ; --           ;
; N3       ; 17         ; 3        ; ^MSEL1                                           ;        ;              ;         ; --         ;                 ; --       ; --           ;
; N4       ; 23         ; 3        ; RESERVED_INPUT_WITH_WEAK_PULLUP                  ;        ;              ;         ; Column I/O ;                 ; no       ; On           ;
; N5       ; 24         ; 3        ; ~ALTERA_NCEO~ / RESERVED_OUTPUT_OPEN_DRAIN       ; output ; 2.5 V        ;         ; Column I/O ; N               ; no       ; Off          ;
; N6       ; 26         ; 3        ; RESERVED_INPUT_WITH_WEAK_PULLUP                  ;        ;              ;         ; Column I/O ;                 ; no       ; On           ;
; N7       ; 32         ; 4        ; GND+                                             ;        ;              ;         ; Column I/O ;                 ; --       ; --           ;
; N8       ; 33         ; 4        ; RECARGAR                                         ; input  ; 2.5 V        ;         ; Column I/O ; N               ; no       ; Off          ;
; N9       ; 34         ; 4        ; RESERVED_INPUT_WITH_WEAK_PULLUP                  ;        ;              ;         ; Column I/O ;                 ; no       ; On           ;
; N10      ; 39         ; 4        ; RESERVED_INPUT_WITH_WEAK_PULLUP                  ;        ;              ;         ; Column I/O ;                 ; no       ; On           ;
; N11      ; 40         ; 4        ; RESERVED_INPUT_WITH_WEAK_PULLUP                  ;        ;              ;         ; Column I/O ;                 ; no       ; On           ;
; N12      ; 42         ; 4        ; RESERVED_INPUT_WITH_WEAK_PULLUP                  ;        ;              ;         ; Column I/O ;                 ; no       ; On           ;
; N13      ; 45         ; 5        ; RESERVED_INPUT_WITH_WEAK_PULLUP                  ;        ;              ;         ; Row I/O    ;                 ; no       ; On           ;
+----------+------------+----------+--------------------------------------------------+--------+--------------+---------+------------+-----------------+----------+--------------+
Note: Pin directions (input, output or bidir) are based on device operating in user mode.


+-----------------------------------------------------------------------------------------------------------------------------------------------------------------------------------------------------------------------------------------------------------------------------------------------------------------------------------------------------+
; Fitter Resource Utilization by Entity                                                                                                                                                                                                                                                                                                               ;
+----------------------------------+-------------+---------------------------+---------------+-------------+------+--------------+---------+-----------+-----------+------+--------------+--------------+-------------------+------------------+---------------------------------------------------------------------------------------+--------------+
; Compilation Hierarchy Node       ; Logic Cells ; Dedicated Logic Registers ; I/O Registers ; Memory Bits ; M9Ks ; DSP Elements ; DSP 9x9 ; DSP 18x18 ; DSP 36x36 ; Pins ; Virtual Pins ; LUT-Only LCs ; Register-Only LCs ; LUT/Register LCs ; Full Hierarchy Name                                                                   ; Library Name ;
+----------------------------------+-------------+---------------------------+---------------+-------------+------+--------------+---------+-----------+-----------+------+--------------+--------------+-------------------+------------------+---------------------------------------------------------------------------------------+--------------+
; |TpIntegrador                    ; 82 (3)      ; 49 (0)                    ; 0 (0)         ; 0           ; 0    ; 0            ; 0       ; 0         ; 0         ; 25   ; 0            ; 33 (3)       ; 30 (0)            ; 19 (0)           ; |TpIntegrador                                                                         ; work         ;
;    |comparador12bits:inst1|      ; 21 (20)     ; 0 (0)                     ; 0 (0)         ; 0           ; 0    ; 0            ; 0       ; 0         ; 0         ; 0    ; 0            ; 18 (17)      ; 0 (0)             ; 3 (3)            ; |TpIntegrador|comparador12bits:inst1                                                  ; work         ;
;       |comparador4bits:inst1|    ; 1 (1)       ; 0 (0)                     ; 0 (0)         ; 0           ; 0    ; 0            ; 0       ; 0         ; 0         ; 0    ; 0            ; 1 (1)        ; 0 (0)             ; 0 (0)            ; |TpIntegrador|comparador12bits:inst1|comparador4bits:inst1                            ; work         ;
;    |comparador_igualdad:inst9|   ; 8 (8)       ; 0 (0)                     ; 0 (0)         ; 0           ; 0    ; 0            ; 0       ; 0         ; 0         ; 0    ; 0            ; 5 (5)        ; 0 (0)             ; 3 (3)            ; |TpIntegrador|comparador_igualdad:inst9                                               ; work         ;
;    |detectorFlancoSubida:inst21| ; 2 (2)       ; 1 (1)                     ; 0 (0)         ; 0           ; 0    ; 0            ; 0       ; 0         ; 0         ; 0    ; 0            ; 1 (1)        ; 0 (0)             ; 1 (1)            ; |TpIntegrador|detectorFlancoSubida:inst21                                             ; work         ;
;    |reg_contador:inst3|          ; 12 (12)     ; 12 (12)                   ; 0 (0)         ; 0           ; 0    ; 0            ; 0       ; 0         ; 0         ; 0    ; 0            ; 0 (0)        ; 0 (0)             ; 12 (12)          ; |TpIntegrador|reg_contador:inst3                                                      ; work         ;
;    |reg_final:inst28|            ; 12 (12)     ; 12 (12)                   ; 0 (0)         ; 0           ; 0    ; 0            ; 0       ; 0         ; 0         ; 0    ; 0            ; 0 (0)        ; 12 (12)           ; 0 (0)            ; |TpIntegrador|reg_final:inst28                                                        ; work         ;
;    |reg_final:inst|              ; 12 (12)     ; 12 (12)                   ; 0 (0)         ; 0           ; 0    ; 0            ; 0       ; 0         ; 0         ; 0    ; 0            ; 0 (0)        ; 9 (9)             ; 3 (3)            ; |TpIntegrador|reg_final:inst                                                          ; work         ;
;    |reg_inicial:inst2|           ; 12 (12)     ; 12 (12)                   ; 0 (0)         ; 0           ; 0    ; 0            ; 0       ; 0         ; 0         ; 0    ; 0            ; 0 (0)        ; 9 (9)             ; 3 (3)            ; |TpIntegrador|reg_inicial:inst2                                                       ; work         ;
;    |sumador_restador:inst4|      ; 19 (0)      ; 0 (0)                     ; 0 (0)         ; 0           ; 0    ; 0            ; 0       ; 0         ; 0         ; 0    ; 0            ; 6 (0)        ; 0 (0)             ; 13 (0)           ; |TpIntegrador|sumador_restador:inst4                                                  ; work         ;
;       |sumador12bits:inst13|     ; 19 (0)      ; 0 (0)                     ; 0 (0)         ; 0           ; 0    ; 0            ; 0       ; 0         ; 0         ; 0    ; 0            ; 6 (0)        ; 0 (0)             ; 13 (0)           ; |TpIntegrador|sumador_restador:inst4|sumador12bits:inst13                             ; work         ;
;          |FullAdder:inst10|      ; 2 (1)       ; 0 (0)                     ; 0 (0)         ; 0           ; 0    ; 0            ; 0       ; 0         ; 0         ; 0    ; 0            ; 1 (1)        ; 0 (0)             ; 1 (0)            ; |TpIntegrador|sumador_restador:inst4|sumador12bits:inst13|FullAdder:inst10            ; work         ;
;             |xor3:inst4|         ; 1 (1)       ; 0 (0)                     ; 0 (0)         ; 0           ; 0    ; 0            ; 0       ; 0         ; 0         ; 0    ; 0            ; 0 (0)        ; 0 (0)             ; 1 (1)            ; |TpIntegrador|sumador_restador:inst4|sumador12bits:inst13|FullAdder:inst10|xor3:inst4 ; work         ;
;          |FullAdder:inst11|      ; 1 (0)       ; 0 (0)                     ; 0 (0)         ; 0           ; 0    ; 0            ; 0       ; 0         ; 0         ; 0    ; 0            ; 0 (0)        ; 0 (0)             ; 1 (0)            ; |TpIntegrador|sumador_restador:inst4|sumador12bits:inst13|FullAdder:inst11            ; work         ;
;             |xor3:inst4|         ; 1 (1)       ; 0 (0)                     ; 0 (0)         ; 0           ; 0    ; 0            ; 0       ; 0         ; 0         ; 0    ; 0            ; 0 (0)        ; 0 (0)             ; 1 (1)            ; |TpIntegrador|sumador_restador:inst4|sumador12bits:inst13|FullAdder:inst11|xor3:inst4 ; work         ;
;          |FullAdder:inst12|      ; 2 (1)       ; 0 (0)                     ; 0 (0)         ; 0           ; 0    ; 0            ; 0       ; 0         ; 0         ; 0    ; 0            ; 1 (1)        ; 0 (0)             ; 1 (0)            ; |TpIntegrador|sumador_restador:inst4|sumador12bits:inst13|FullAdder:inst12            ; work         ;
;             |xor3:inst4|         ; 1 (1)       ; 0 (0)                     ; 0 (0)         ; 0           ; 0    ; 0            ; 0       ; 0         ; 0         ; 0    ; 0            ; 0 (0)        ; 0 (0)             ; 1 (1)            ; |TpIntegrador|sumador_restador:inst4|sumador12bits:inst13|FullAdder:inst12|xor3:inst4 ; work         ;
;          |FullAdder:inst13|      ; 1 (0)       ; 0 (0)                     ; 0 (0)         ; 0           ; 0    ; 0            ; 0       ; 0         ; 0         ; 0    ; 0            ; 0 (0)        ; 0 (0)             ; 1 (0)            ; |TpIntegrador|sumador_restador:inst4|sumador12bits:inst13|FullAdder:inst13            ; work         ;
;             |xor3:inst4|         ; 1 (1)       ; 0 (0)                     ; 0 (0)         ; 0           ; 0    ; 0            ; 0       ; 0         ; 0         ; 0    ; 0            ; 0 (0)        ; 0 (0)             ; 1 (1)            ; |TpIntegrador|sumador_restador:inst4|sumador12bits:inst13|FullAdder:inst13|xor3:inst4 ; work         ;
;          |FullAdder:inst14|      ; 2 (1)       ; 0 (0)                     ; 0 (0)         ; 0           ; 0    ; 0            ; 0       ; 0         ; 0         ; 0    ; 0            ; 1 (1)        ; 0 (0)             ; 1 (0)            ; |TpIntegrador|sumador_restador:inst4|sumador12bits:inst13|FullAdder:inst14            ; work         ;
;             |xor3:inst4|         ; 1 (1)       ; 0 (0)                     ; 0 (0)         ; 0           ; 0    ; 0            ; 0       ; 0         ; 0         ; 0    ; 0            ; 0 (0)        ; 0 (0)             ; 1 (1)            ; |TpIntegrador|sumador_restador:inst4|sumador12bits:inst13|FullAdder:inst14|xor3:inst4 ; work         ;
;          |FullAdder:inst15|      ; 1 (0)       ; 0 (0)                     ; 0 (0)         ; 0           ; 0    ; 0            ; 0       ; 0         ; 0         ; 0    ; 0            ; 0 (0)        ; 0 (0)             ; 1 (0)            ; |TpIntegrador|sumador_restador:inst4|sumador12bits:inst13|FullAdder:inst15            ; work         ;
;             |xor3:inst4|         ; 1 (1)       ; 0 (0)                     ; 0 (0)         ; 0           ; 0    ; 0            ; 0       ; 0         ; 0         ; 0    ; 0            ; 0 (0)        ; 0 (0)             ; 1 (1)            ; |TpIntegrador|sumador_restador:inst4|sumador12bits:inst13|FullAdder:inst15|xor3:inst4 ; work         ;
;          |FullAdder:inst16|      ; 1 (0)       ; 0 (0)                     ; 0 (0)         ; 0           ; 0    ; 0            ; 0       ; 0         ; 0         ; 0    ; 0            ; 0 (0)        ; 0 (0)             ; 1 (0)            ; |TpIntegrador|sumador_restador:inst4|sumador12bits:inst13|FullAdder:inst16            ; work         ;
;             |xor3:inst4|         ; 1 (1)       ; 0 (0)                     ; 0 (0)         ; 0           ; 0    ; 0            ; 0       ; 0         ; 0         ; 0    ; 0            ; 0 (0)        ; 0 (0)             ; 1 (1)            ; |TpIntegrador|sumador_restador:inst4|sumador12bits:inst13|FullAdder:inst16|xor3:inst4 ; work         ;
;          |FullAdder:inst17|      ; 2 (0)       ; 0 (0)                     ; 0 (0)         ; 0           ; 0    ; 0            ; 0       ; 0         ; 0         ; 0    ; 0            ; 0 (0)        ; 0 (0)             ; 2 (0)            ; |TpIntegrador|sumador_restador:inst4|sumador12bits:inst13|FullAdder:inst17            ; work         ;
;             |xor3:inst4|         ; 2 (2)       ; 0 (0)                     ; 0 (0)         ; 0           ; 0    ; 0            ; 0       ; 0         ; 0         ; 0    ; 0            ; 0 (0)        ; 0 (0)             ; 2 (2)            ; |TpIntegrador|sumador_restador:inst4|sumador12bits:inst13|FullAdder:inst17|xor3:inst4 ; work         ;
;          |FullAdder:inst7|       ; 2 (1)       ; 0 (0)                     ; 0 (0)         ; 0           ; 0    ; 0            ; 0       ; 0         ; 0         ; 0    ; 0            ; 1 (1)        ; 0 (0)             ; 1 (0)            ; |TpIntegrador|sumador_restador:inst4|sumador12bits:inst13|FullAdder:inst7             ; work         ;
;             |xor3:inst4|         ; 1 (1)       ; 0 (0)                     ; 0 (0)         ; 0           ; 0    ; 0            ; 0       ; 0         ; 0         ; 0    ; 0            ; 0 (0)        ; 0 (0)             ; 1 (1)            ; |TpIntegrador|sumador_restador:inst4|sumador12bits:inst13|FullAdder:inst7|xor3:inst4  ; work         ;
;          |FullAdder:inst8|       ; 1 (0)       ; 0 (0)                     ; 0 (0)         ; 0           ; 0    ; 0            ; 0       ; 0         ; 0         ; 0    ; 0            ; 0 (0)        ; 0 (0)             ; 1 (0)            ; |TpIntegrador|sumador_restador:inst4|sumador12bits:inst13|FullAdder:inst8             ; work         ;
;             |xor3:inst4|         ; 1 (1)       ; 0 (0)                     ; 0 (0)         ; 0           ; 0    ; 0            ; 0       ; 0         ; 0         ; 0    ; 0            ; 0 (0)        ; 0 (0)             ; 1 (1)            ; |TpIntegrador|sumador_restador:inst4|sumador12bits:inst13|FullAdder:inst8|xor3:inst4  ; work         ;
;          |FullAdder:inst9|       ; 2 (1)       ; 0 (0)                     ; 0 (0)         ; 0           ; 0    ; 0            ; 0       ; 0         ; 0         ; 0    ; 0            ; 1 (1)        ; 0 (0)             ; 1 (0)            ; |TpIntegrador|sumador_restador:inst4|sumador12bits:inst13|FullAdder:inst9             ; work         ;
;             |xor3:inst4|         ; 1 (1)       ; 0 (0)                     ; 0 (0)         ; 0           ; 0    ; 0            ; 0       ; 0         ; 0         ; 0    ; 0            ; 0 (0)        ; 0 (0)             ; 1 (1)            ; |TpIntegrador|sumador_restador:inst4|sumador12bits:inst13|FullAdder:inst9|xor3:inst4  ; work         ;
;          |FullAdder:inst|        ; 2 (1)       ; 0 (0)                     ; 0 (0)         ; 0           ; 0    ; 0            ; 0       ; 0         ; 0         ; 0    ; 0            ; 1 (1)        ; 0 (0)             ; 1 (0)            ; |TpIntegrador|sumador_restador:inst4|sumador12bits:inst13|FullAdder:inst              ; work         ;
;             |xor3:inst4|         ; 1 (1)       ; 0 (0)                     ; 0 (0)         ; 0           ; 0    ; 0            ; 0       ; 0         ; 0         ; 0    ; 0            ; 0 (0)        ; 0 (0)             ; 1 (1)            ; |TpIntegrador|sumador_restador:inst4|sumador12bits:inst13|FullAdder:inst|xor3:inst4   ; work         ;
+----------------------------------+-------------+---------------------------+---------------+-------------+------+--------------+---------+-----------+-----------+------+--------------+--------------+-------------------+------------------+---------------------------------------------------------------------------------------+--------------+
Note: For table entries with two numbers listed, the numbers in parentheses indicate the number of resources of the given type used by the specific entity alone. The numbers listed outside of parentheses indicate the total resources of the given type used by the specific entity and all of its sub-entities in the hierarchy.


+-------------------------------------------------------------------------------------------+
; Delay Chain Summary                                                                       ;
+-----------+----------+---------------+---------------+-----------------------+-----+------+
; Name      ; Pin Type ; Pad to Core 0 ; Pad to Core 1 ; Pad to Input Register ; TCO ; TCOE ;
+-----------+----------+---------------+---------------+-----------------------+-----+------+
; ERROR     ; Output   ; --            ; --            ; --                    ; --  ; --   ;
; FIN       ; Output   ; --            ; --            ; --                    ; --  ; --   ;
; PAUSA     ; Output   ; --            ; --            ; --                    ; --  ; --   ;
; CONTINUAR ; Input    ; --            ; --            ; --                    ; --  ; --   ;
; RECARGAR  ; Input    ; --            ; --            ; --                    ; --  ; --   ;
; START     ; Input    ; --            ; --            ; --                    ; --  ; --   ;
; DATA[11]  ; Bidir    ; --            ; --            ; --                    ; --  ; --   ;
; DATA[10]  ; Bidir    ; --            ; --            ; --                    ; --  ; --   ;
; DATA[9]   ; Bidir    ; --            ; --            ; --                    ; --  ; --   ;
; DATA[8]   ; Bidir    ; --            ; --            ; --                    ; --  ; --   ;
; DATA[7]   ; Bidir    ; --            ; --            ; --                    ; --  ; --   ;
; DATA[6]   ; Bidir    ; --            ; --            ; --                    ; --  ; --   ;
; DATA[5]   ; Bidir    ; --            ; --            ; --                    ; --  ; --   ;
; DATA[4]   ; Bidir    ; --            ; --            ; --                    ; --  ; --   ;
; DATA[3]   ; Bidir    ; --            ; --            ; --                    ; --  ; --   ;
; DATA[2]   ; Bidir    ; --            ; --            ; --                    ; --  ; --   ;
; DATA[1]   ; Bidir    ; --            ; --            ; --                    ; --  ; --   ;
; DATA[0]   ; Bidir    ; --            ; --            ; --                    ; --  ; --   ;
; UP_DOWN   ; Input    ; (6) 1314 ps   ; --            ; --                    ; --  ; --   ;
; b[2]      ; Input    ; (6) 1313 ps   ; (6) 1313 ps   ; --                    ; --  ; --   ;
; b[1]      ; Input    ; (6) 1313 ps   ; --            ; --                    ; --  ; --   ;
; b[0]      ; Input    ; (6) 1313 ps   ; --            ; --                    ; --  ; --   ;
; CLOCK     ; Input    ; (0) 0 ps      ; --            ; --                    ; --  ; --   ;
; LOAD_I    ; Input    ; --            ; (6) 1314 ps   ; --                    ; --  ; --   ;
; LOAD_F    ; Input    ; (0) 0 ps      ; (0) 0 ps      ; --                    ; --  ; --   ;
+-----------+----------+---------------+---------------+-----------------------+-----+------+


+------------------------------------------------------------------------------------------------------------------+
; Pad To Core Delay Chain Fanout                                                                                   ;
+------------------------------------------------------------------------------------+-------------------+---------+
; Source Pin / Fanout                                                                ; Pad To Core Index ; Setting ;
+------------------------------------------------------------------------------------+-------------------+---------+
; CONTINUAR                                                                          ;                   ;         ;
; RECARGAR                                                                           ;                   ;         ;
; START                                                                              ;                   ;         ;
; DATA[11]                                                                           ;                   ;         ;
; DATA[10]                                                                           ;                   ;         ;
; DATA[9]                                                                            ;                   ;         ;
; DATA[8]                                                                            ;                   ;         ;
; DATA[7]                                                                            ;                   ;         ;
; DATA[6]                                                                            ;                   ;         ;
; DATA[5]                                                                            ;                   ;         ;
; DATA[4]                                                                            ;                   ;         ;
; DATA[3]                                                                            ;                   ;         ;
; DATA[2]                                                                            ;                   ;         ;
; DATA[1]                                                                            ;                   ;         ;
; DATA[0]                                                                            ;                   ;         ;
; UP_DOWN                                                                            ;                   ;         ;
;      - inst13                                                                      ; 0                 ; 6       ;
;      - sumador_restador:inst4|sumador12bits:inst13|FullAdder:inst|inst5~0          ; 0                 ; 6       ;
;      - sumador_restador:inst4|sumador12bits:inst13|FullAdder:inst7|inst5~0         ; 0                 ; 6       ;
;      - sumador_restador:inst4|sumador12bits:inst13|FullAdder:inst9|inst5~0         ; 0                 ; 6       ;
;      - sumador_restador:inst4|sumador12bits:inst13|FullAdder:inst10|inst5~0        ; 0                 ; 6       ;
;      - sumador_restador:inst4|sumador12bits:inst13|FullAdder:inst11|xor3:inst4|1~0 ; 0                 ; 6       ;
;      - sumador_restador:inst4|sumador12bits:inst13|FullAdder:inst12|xor3:inst4|1   ; 0                 ; 6       ;
;      - sumador_restador:inst4|sumador12bits:inst13|FullAdder:inst7|xor3:inst4|1    ; 0                 ; 6       ;
;      - sumador_restador:inst4|sumador12bits:inst13|FullAdder:inst9|xor3:inst4|1~0  ; 0                 ; 6       ;
;      - sumador_restador:inst4|sumador12bits:inst13|FullAdder:inst12|inst5~0        ; 0                 ; 6       ;
;      - sumador_restador:inst4|sumador12bits:inst13|FullAdder:inst13|xor3:inst4|1~0 ; 0                 ; 6       ;
;      - sumador_restador:inst4|sumador12bits:inst13|FullAdder:inst14|inst5~0        ; 0                 ; 6       ;
;      - sumador_restador:inst4|sumador12bits:inst13|FullAdder:inst15|xor3:inst4|1~0 ; 0                 ; 6       ;
;      - sumador_restador:inst4|sumador12bits:inst13|FullAdder:inst16|xor3:inst4|1   ; 0                 ; 6       ;
;      - sumador_restador:inst4|sumador12bits:inst13|FullAdder:inst14|xor3:inst4|1   ; 0                 ; 6       ;
;      - sumador_restador:inst4|sumador12bits:inst13|FullAdder:inst10|xor3:inst4|1   ; 0                 ; 6       ;
;      - sumador_restador:inst4|sumador12bits:inst13|FullAdder:inst17|xor3:inst4|1~0 ; 0                 ; 6       ;
;      - sumador_restador:inst4|sumador12bits:inst13|FullAdder:inst8|xor3:inst4|1~0  ; 0                 ; 6       ;
; b[2]                                                                               ;                   ;         ;
;      - inst10~0                                                                    ; 0                 ; 6       ;
;      - sumador_restador:inst4|sumador12bits:inst13|FullAdder:inst9|inst5~0         ; 1                 ; 6       ;
;      - sumador_restador:inst4|sumador12bits:inst13|FullAdder:inst9|xor3:inst4|1~0  ; 0                 ; 6       ;
; b[1]                                                                               ;                   ;         ;
;      - inst10~0                                                                    ; 0                 ; 6       ;
;      - sumador_restador:inst4|sumador12bits:inst13|FullAdder:inst7|inst5~0         ; 0                 ; 6       ;
;      - sumador_restador:inst4|sumador12bits:inst13|FullAdder:inst7|xor3:inst4|1    ; 0                 ; 6       ;
; b[0]                                                                               ;                   ;         ;
;      - inst10~0                                                                    ; 0                 ; 6       ;
;      - sumador_restador:inst4|sumador12bits:inst13|FullAdder:inst|inst5~0          ; 0                 ; 6       ;
;      - sumador_restador:inst4|sumador12bits:inst13|FullAdder:inst|xor3:inst4|1~0   ; 0                 ; 6       ;
; CLOCK                                                                              ;                   ;         ;
; LOAD_I                                                                             ;                   ;         ;
;      - reg_inicial:inst2|inst12                                                    ; 1                 ; 6       ;
;      - reg_inicial:inst2|inst13                                                    ; 1                 ; 6       ;
;      - reg_inicial:inst2|inst23                                                    ; 1                 ; 6       ;
;      - reg_inicial:inst2|inst24                                                    ; 1                 ; 6       ;
;      - reg_inicial:inst2|inst25                                                    ; 1                 ; 6       ;
;      - reg_inicial:inst2|inst26                                                    ; 1                 ; 6       ;
;      - reg_inicial:inst2|inst27                                                    ; 1                 ; 6       ;
;      - reg_inicial:inst2|inst28                                                    ; 1                 ; 6       ;
;      - reg_inicial:inst2|inst14                                                    ; 1                 ; 6       ;
;      - reg_inicial:inst2|inst8                                                     ; 1                 ; 6       ;
;      - reg_inicial:inst2|inst10                                                    ; 1                 ; 6       ;
;      - reg_inicial:inst2|inst11                                                    ; 1                 ; 6       ;
;      - reg_contador:inst3|inst14                                                   ; 1                 ; 6       ;
;      - reg_contador:inst3|inst23                                                   ; 1                 ; 6       ;
;      - reg_contador:inst3|inst10                                                   ; 1                 ; 6       ;
;      - reg_contador:inst3|inst11                                                   ; 1                 ; 6       ;
;      - reg_contador:inst3|inst26                                                   ; 1                 ; 6       ;
;      - reg_contador:inst3|inst24                                                   ; 1                 ; 6       ;
;      - reg_contador:inst3|inst25                                                   ; 1                 ; 6       ;
;      - reg_contador:inst3|inst27                                                   ; 1                 ; 6       ;
;      - reg_contador:inst3|inst8                                                    ; 1                 ; 6       ;
;      - reg_contador:inst3|inst13                                                   ; 1                 ; 6       ;
;      - reg_contador:inst3|inst12                                                   ; 1                 ; 6       ;
;      - reg_contador:inst3|inst28                                                   ; 1                 ; 6       ;
;      - inst25                                                                      ; 1                 ; 6       ;
; LOAD_F                                                                             ;                   ;         ;
;      - reg_final:inst|inst12                                                       ; 0                 ; 0       ;
;      - reg_final:inst|inst13                                                       ; 0                 ; 0       ;
;      - reg_final:inst|inst23                                                       ; 0                 ; 0       ;
;      - reg_final:inst|inst24                                                       ; 1                 ; 0       ;
;      - reg_final:inst|inst25                                                       ; 0                 ; 0       ;
;      - reg_final:inst|inst26                                                       ; 0                 ; 0       ;
;      - reg_final:inst|inst27                                                       ; 0                 ; 0       ;
;      - reg_final:inst|inst28                                                       ; 0                 ; 0       ;
;      - reg_final:inst|inst14                                                       ; 0                 ; 0       ;
;      - reg_final:inst|inst8                                                        ; 0                 ; 0       ;
;      - reg_final:inst|inst10                                                       ; 0                 ; 0       ;
;      - reg_final:inst|inst11                                                       ; 0                 ; 0       ;
;      - inst25                                                                      ; 0                 ; 0       ;
+------------------------------------------------------------------------------------+-------------------+---------+


+------------------------------------------------------------------------------------------------------------------------------------------------+
; Control Signals                                                                                                                                ;
+--------+-------------------+---------+--------------------------+--------+----------------------+------------------+---------------------------+
; Name   ; Location          ; Fan-Out ; Usage                    ; Global ; Global Resource Used ; Global Line Name ; Enable Signal Source Name ;
+--------+-------------------+---------+--------------------------+--------+----------------------+------------------+---------------------------+
; CLOCK  ; PIN_J7            ; 37      ; Clock                    ; yes    ; Global Clock         ; GCLK17           ; --                        ;
; LOAD_F ; PIN_D11           ; 13      ; Clock enable             ; no     ; --                   ; --               ; --                        ;
; LOAD_I ; PIN_G10           ; 25      ; Clock enable, Sync. load ; no     ; --                   ; --               ; --                        ;
; inst25 ; LCCOMB_X32_Y16_N8 ; 12      ; Clock                    ; yes    ; Global Clock         ; GCLK7            ; --                        ;
+--------+-------------------+---------+--------------------------+--------+----------------------+------------------+---------------------------+


+---------------------------------------------------------------------------------------------------------------------------------------------------+
; Global & Other Fast Signals                                                                                                                       ;
+--------+-------------------+---------+--------------------------------------+----------------------+------------------+---------------------------+
; Name   ; Location          ; Fan-Out ; Fan-Out Using Intentional Clock Skew ; Global Resource Used ; Global Line Name ; Enable Signal Source Name ;
+--------+-------------------+---------+--------------------------------------+----------------------+------------------+---------------------------+
; CLOCK  ; PIN_J7            ; 37      ; 13                                   ; Global Clock         ; GCLK17           ; --                        ;
; inst25 ; LCCOMB_X32_Y16_N8 ; 12      ; 0                                    ; Global Clock         ; GCLK7            ; --                        ;
+--------+-------------------+---------+--------------------------------------+----------------------+------------------+---------------------------+


+---------------------------------------------------------------------------------------+
; Non-Global High Fan-Out Signals                                                       ;
+-----------------------------------------------------------------------------+---------+
; Name                                                                        ; Fan-Out ;
+-----------------------------------------------------------------------------+---------+
; LOAD_I~input                                                                ; 25      ;
; UP_DOWN~input                                                               ; 18      ;
; LOAD_F~input                                                                ; 13      ;
; reg_contador:inst3|inst12                                                   ; 5       ;
; reg_contador:inst3|inst27                                                   ; 5       ;
; reg_contador:inst3|inst26                                                   ; 5       ;
; reg_contador:inst3|inst24                                                   ; 5       ;
; reg_contador:inst3|inst14                                                   ; 5       ;
; reg_inicial:inst2|inst26                                                    ; 4       ;
; reg_inicial:inst2|inst25                                                    ; 4       ;
; reg_inicial:inst2|inst14                                                    ; 4       ;
; reg_inicial:inst2|inst13                                                    ; 4       ;
; reg_final:inst|inst13                                                       ; 4       ;
; reg_final:inst|inst14                                                       ; 4       ;
; reg_final:inst|inst25                                                       ; 4       ;
; reg_final:inst|inst26                                                       ; 4       ;
; reg_final:inst|inst28                                                       ; 4       ;
; reg_final:inst|inst27                                                       ; 4       ;
; reg_inicial:inst2|inst27                                                    ; 4       ;
; reg_inicial:inst2|inst28                                                    ; 4       ;
; reg_contador:inst3|inst13                                                   ; 4       ;
; reg_contador:inst3|inst8                                                    ; 4       ;
; reg_contador:inst3|inst25                                                   ; 4       ;
; reg_contador:inst3|inst11                                                   ; 4       ;
; reg_contador:inst3|inst10                                                   ; 4       ;
; reg_contador:inst3|inst23                                                   ; 4       ;
; b[0]~input                                                                  ; 3       ;
; b[1]~input                                                                  ; 3       ;
; b[2]~input                                                                  ; 3       ;
; sumador_restador:inst4|sumador12bits:inst13|FullAdder:inst14|inst5~0        ; 3       ;
; sumador_restador:inst4|sumador12bits:inst13|FullAdder:inst12|inst5~0        ; 3       ;
; sumador_restador:inst4|sumador12bits:inst13|FullAdder:inst10|inst5~0        ; 3       ;
; sumador_restador:inst4|sumador12bits:inst13|FullAdder:inst9|inst5~0         ; 3       ;
; reg_final:inst28|inst8                                                      ; 3       ;
; reg_final:inst28|inst10                                                     ; 3       ;
; reg_final:inst28|inst11                                                     ; 3       ;
; reg_final:inst28|inst12                                                     ; 3       ;
; reg_final:inst28|inst13                                                     ; 3       ;
; reg_final:inst28|inst14                                                     ; 3       ;
; reg_final:inst28|inst23                                                     ; 3       ;
; reg_final:inst28|inst24                                                     ; 3       ;
; reg_final:inst28|inst25                                                     ; 3       ;
; reg_final:inst28|inst26                                                     ; 3       ;
; reg_final:inst28|inst27                                                     ; 3       ;
; reg_final:inst28|inst28                                                     ; 3       ;
; reg_inicial:inst2|inst12                                                    ; 3       ;
; reg_inicial:inst2|inst11                                                    ; 3       ;
; reg_inicial:inst2|inst10                                                    ; 3       ;
; reg_inicial:inst2|inst8                                                     ; 3       ;
; reg_final:inst|inst8                                                        ; 3       ;
; reg_final:inst|inst10                                                       ; 3       ;
; reg_final:inst|inst11                                                       ; 3       ;
; reg_final:inst|inst12                                                       ; 3       ;
; reg_final:inst|inst23                                                       ; 3       ;
; reg_inicial:inst2|inst23                                                    ; 3       ;
; reg_final:inst|inst24                                                       ; 3       ;
; reg_inicial:inst2|inst24                                                    ; 3       ;
; reg_contador:inst3|inst28                                                   ; 3       ;
; sumador_restador:inst4|sumador12bits:inst13|FullAdder:inst7|inst5~0         ; 2       ;
; sumador_restador:inst4|sumador12bits:inst13|FullAdder:inst|inst5~0          ; 2       ;
; comparador_igualdad:inst9|inst16~6                                          ; 2       ;
; comparador_igualdad:inst9|inst16~5                                          ; 2       ;
; comparador_igualdad:inst9|inst16~4                                          ; 2       ;
; comparador12bits:inst1|comparador4bits:inst1|inst4~0                        ; 2       ;
; comparador12bits:inst1|inst5~2                                              ; 2       ;
; comparador12bits:inst1|inst5~12                                             ; 1       ;
; comparador_igualdad:inst9|inst16                                            ; 1       ;
; sumador_restador:inst4|sumador12bits:inst13|FullAdder:inst8|xor3:inst4|1~0  ; 1       ;
; sumador_restador:inst4|sumador12bits:inst13|FullAdder:inst17|xor3:inst4|1~1 ; 1       ;
; sumador_restador:inst4|sumador12bits:inst13|FullAdder:inst17|xor3:inst4|1~0 ; 1       ;
; sumador_restador:inst4|sumador12bits:inst13|FullAdder:inst10|xor3:inst4|1   ; 1       ;
; sumador_restador:inst4|sumador12bits:inst13|FullAdder:inst|xor3:inst4|1~0   ; 1       ;
; sumador_restador:inst4|sumador12bits:inst13|FullAdder:inst14|xor3:inst4|1   ; 1       ;
; sumador_restador:inst4|sumador12bits:inst13|FullAdder:inst16|xor3:inst4|1   ; 1       ;
; sumador_restador:inst4|sumador12bits:inst13|FullAdder:inst15|xor3:inst4|1~0 ; 1       ;
; sumador_restador:inst4|sumador12bits:inst13|FullAdder:inst13|xor3:inst4|1~0 ; 1       ;
; sumador_restador:inst4|sumador12bits:inst13|FullAdder:inst9|xor3:inst4|1~0  ; 1       ;
; sumador_restador:inst4|sumador12bits:inst13|FullAdder:inst7|xor3:inst4|1    ; 1       ;
; sumador_restador:inst4|sumador12bits:inst13|FullAdder:inst12|xor3:inst4|1   ; 1       ;
; sumador_restador:inst4|sumador12bits:inst13|FullAdder:inst11|xor3:inst4|1~0 ; 1       ;
; inst10~0                                                                    ; 1       ;
; detectorFlancoSubida:inst21|inst19                                          ; 1       ;
; detectorFlancoSubida:inst21|inst18                                          ; 1       ;
; comparador_igualdad:inst9|inst16~3                                          ; 1       ;
; comparador_igualdad:inst9|inst16~2                                          ; 1       ;
; comparador_igualdad:inst9|inst16~1                                          ; 1       ;
; comparador_igualdad:inst9|inst16~0                                          ; 1       ;
; inst13                                                                      ; 1       ;
; comparador12bits:inst1|inst5~11                                             ; 1       ;
; comparador12bits:inst1|inst5~10                                             ; 1       ;
; comparador12bits:inst1|inst5~9                                              ; 1       ;
; comparador12bits:inst1|inst5~8                                              ; 1       ;
; comparador12bits:inst1|inst5~7                                              ; 1       ;
; comparador12bits:inst1|inst5~6                                              ; 1       ;
; comparador12bits:inst1|inst5~5                                              ; 1       ;
; comparador12bits:inst1|inst5~4                                              ; 1       ;
; comparador12bits:inst1|inst5~3                                              ; 1       ;
; comparador12bits:inst1|inst8~8                                              ; 1       ;
; comparador12bits:inst1|inst8~7                                              ; 1       ;
; comparador12bits:inst1|inst8~6                                              ; 1       ;
; comparador12bits:inst1|inst8~5                                              ; 1       ;
; comparador12bits:inst1|inst8~4                                              ; 1       ;
; comparador12bits:inst1|inst8~3                                              ; 1       ;
; comparador12bits:inst1|inst8~2                                              ; 1       ;
; comparador12bits:inst1|inst8~1                                              ; 1       ;
; comparador12bits:inst1|inst8~0                                              ; 1       ;
+-----------------------------------------------------------------------------+---------+


+------------------------------------------------------------+
; Routing Usage Summary                                      ;
+-----------------------------------+------------------------+
; Routing Resource Type             ; Usage                  ;
+-----------------------------------+------------------------+
; Block interconnects               ; 143 / 42,960 ( < 1 % ) ;
; C16 interconnects                 ; 2 / 1,518 ( < 1 % )    ;
; C4 interconnects                  ; 75 / 26,928 ( < 1 % )  ;
; Direct links                      ; 40 / 42,960 ( < 1 % )  ;
; GXB block output buffers          ; 0 / 1,200 ( 0 % )      ;
; Global clocks                     ; 2 / 20 ( 10 % )        ;
; Interquad Reference Clock Outputs ; 0 / 1 ( 0 % )          ;
; Interquad TXRX Clocks             ; 0 / 8 ( 0 % )          ;
; Interquad TXRX PCSRX outputs      ; 0 / 4 ( 0 % )          ;
; Interquad TXRX PCSTX outputs      ; 0 / 4 ( 0 % )          ;
; Local interconnects               ; 47 / 14,400 ( < 1 % )  ;
; R24 interconnects                 ; 2 / 1,710 ( < 1 % )    ;
; R4 interconnects                  ; 76 / 37,740 ( < 1 % )  ;
+-----------------------------------+------------------------+


+---------------------------------------------------------------------------+
; LAB Logic Elements                                                        ;
+--------------------------------------------+------------------------------+
; Number of Logic Elements  (Average = 7.45) ; Number of LABs  (Total = 11) ;
+--------------------------------------------+------------------------------+
; 1                                          ; 3                            ;
; 2                                          ; 2                            ;
; 3                                          ; 0                            ;
; 4                                          ; 0                            ;
; 5                                          ; 0                            ;
; 6                                          ; 0                            ;
; 7                                          ; 0                            ;
; 8                                          ; 0                            ;
; 9                                          ; 0                            ;
; 10                                         ; 2                            ;
; 11                                         ; 1                            ;
; 12                                         ; 1                            ;
; 13                                         ; 0                            ;
; 14                                         ; 0                            ;
; 15                                         ; 0                            ;
; 16                                         ; 2                            ;
+--------------------------------------------+------------------------------+


+-------------------------------------------------------------------+
; LAB-wide Signals                                                  ;
+------------------------------------+------------------------------+
; LAB-wide Signals  (Average = 1.82) ; Number of LABs  (Total = 11) ;
+------------------------------------+------------------------------+
; 1 Clock                            ; 4                            ;
; 1 Clock enable                     ; 7                            ;
; 1 Sync. load                       ; 2                            ;
; 2 Clock enables                    ; 1                            ;
; 2 Clocks                           ; 6                            ;
+------------------------------------+------------------------------+


+-----------------------------------------------------------------------------+
; LAB Signals Sourced                                                         ;
+----------------------------------------------+------------------------------+
; Number of Signals Sourced  (Average = 11.91) ; Number of LABs  (Total = 11) ;
+----------------------------------------------+------------------------------+
; 0                                            ; 0                            ;
; 1                                            ; 1                            ;
; 2                                            ; 2                            ;
; 3                                            ; 0                            ;
; 4                                            ; 2                            ;
; 5                                            ; 0                            ;
; 6                                            ; 0                            ;
; 7                                            ; 0                            ;
; 8                                            ; 0                            ;
; 9                                            ; 0                            ;
; 10                                           ; 0                            ;
; 11                                           ; 0                            ;
; 12                                           ; 0                            ;
; 13                                           ; 0                            ;
; 14                                           ; 0                            ;
; 15                                           ; 1                            ;
; 16                                           ; 0                            ;
; 17                                           ; 0                            ;
; 18                                           ; 2                            ;
; 19                                           ; 1                            ;
; 20                                           ; 0                            ;
; 21                                           ; 0                            ;
; 22                                           ; 1                            ;
; 23                                           ; 0                            ;
; 24                                           ; 0                            ;
; 25                                           ; 0                            ;
; 26                                           ; 1                            ;
+----------------------------------------------+------------------------------+


+--------------------------------------------------------------------------------+
; LAB Signals Sourced Out                                                        ;
+-------------------------------------------------+------------------------------+
; Number of Signals Sourced Out  (Average = 5.91) ; Number of LABs  (Total = 11) ;
+-------------------------------------------------+------------------------------+
; 0                                               ; 0                            ;
; 1                                               ; 3                            ;
; 2                                               ; 2                            ;
; 3                                               ; 0                            ;
; 4                                               ; 0                            ;
; 5                                               ; 0                            ;
; 6                                               ; 0                            ;
; 7                                               ; 1                            ;
; 8                                               ; 1                            ;
; 9                                               ; 1                            ;
; 10                                              ; 2                            ;
; 11                                              ; 0                            ;
; 12                                              ; 0                            ;
; 13                                              ; 0                            ;
; 14                                              ; 1                            ;
+-------------------------------------------------+------------------------------+


+-----------------------------------------------------------------------------+
; LAB Distinct Inputs                                                         ;
+----------------------------------------------+------------------------------+
; Number of Distinct Inputs  (Average = 10.73) ; Number of LABs  (Total = 11) ;
+----------------------------------------------+------------------------------+
; 0                                            ; 0                            ;
; 1                                            ; 0                            ;
; 2                                            ; 1                            ;
; 3                                            ; 2                            ;
; 4                                            ; 2                            ;
; 5                                            ; 0                            ;
; 6                                            ; 0                            ;
; 7                                            ; 0                            ;
; 8                                            ; 0                            ;
; 9                                            ; 0                            ;
; 10                                           ; 0                            ;
; 11                                           ; 1                            ;
; 12                                           ; 0                            ;
; 13                                           ; 0                            ;
; 14                                           ; 0                            ;
; 15                                           ; 1                            ;
; 16                                           ; 0                            ;
; 17                                           ; 1                            ;
; 18                                           ; 1                            ;
; 19                                           ; 0                            ;
; 20                                           ; 1                            ;
; 21                                           ; 1                            ;
+----------------------------------------------+------------------------------+


+------------------------------------------+
; I/O Rules Summary                        ;
+----------------------------------+-------+
; I/O Rules Statistic              ; Total ;
+----------------------------------+-------+
; Total I/O Rules                  ; 30    ;
; Number of I/O Rules Passed       ; 9     ;
; Number of I/O Rules Failed       ; 0     ;
; Number of I/O Rules Unchecked    ; 0     ;
; Number of I/O Rules Inapplicable ; 21    ;
+----------------------------------+-------+


+-----------------------------------------------------------------------------------------------------------------------------------------------------------------------------------------------------------------------------------------------------------------------------------------------------+
; I/O Rules Details                                                                                                                                                                                                                                                                                   ;
+--------------+-----------+-----------------------------------+------------------------------------------------------------------------------------------------------+----------+--------------------------------------------------------------------------+---------------------+-------------------+
; Status       ; ID        ; Category                          ; Rule Description                                                                                     ; Severity ; Information                                                              ; Area                ; Extra Information ;
+--------------+-----------+-----------------------------------+------------------------------------------------------------------------------------------------------+----------+--------------------------------------------------------------------------+---------------------+-------------------+
; Inapplicable ; IO_000001 ; Capacity Checks                   ; Number of pins in an I/O bank should not exceed the number of locations available.                   ; Critical ; No Location assignments found.                                           ; I/O                 ;                   ;
; Inapplicable ; IO_000002 ; Capacity Checks                   ; Number of clocks in an I/O bank should not exceed the number of clocks available.                    ; Critical ; No Global Signal assignments found.                                      ; I/O                 ;                   ;
; Inapplicable ; IO_000003 ; Capacity Checks                   ; Number of pins in a Vrefgroup should not exceed the number of locations available.                   ; Critical ; No Location assignments found.                                           ; I/O                 ;                   ;
; Inapplicable ; IO_000004 ; Voltage Compatibility Checks      ; The I/O bank should support the requested VCCIO.                                                     ; Critical ; No IOBANK_VCCIO assignments found.                                       ; I/O                 ;                   ;
; Inapplicable ; IO_000005 ; Voltage Compatibility Checks      ; The I/O bank should not have competing VREF values.                                                  ; Critical ; No VREF I/O Standard assignments found.                                  ; I/O                 ;                   ;
; Pass         ; IO_000006 ; Voltage Compatibility Checks      ; The I/O bank should not have competing VCCIO values.                                                 ; Critical ; 0 such failures found.                                                   ; I/O                 ;                   ;
; Inapplicable ; IO_000007 ; Valid Location Checks             ; Checks for unavailable locations.                                                                    ; Critical ; No Location assignments found.                                           ; I/O                 ;                   ;
; Inapplicable ; IO_000008 ; Valid Location Checks             ; Checks for reserved locations.                                                                       ; Critical ; No reserved LogicLock region found.                                      ; I/O                 ;                   ;
; Pass         ; IO_000009 ; I/O Properties Checks for One I/O ; The location should support the requested I/O standard.                                              ; Critical ; 0 such failures found.                                                   ; I/O                 ;                   ;
; Pass         ; IO_000010 ; I/O Properties Checks for One I/O ; The location should support the requested I/O direction.                                             ; Critical ; 0 such failures found.                                                   ; I/O                 ;                   ;
; Inapplicable ; IO_000011 ; I/O Properties Checks for One I/O ; The location should support the requested Current Strength.                                          ; Critical ; No Current Strength assignments found.                                   ; I/O                 ;                   ;
; Pass         ; IO_000012 ; I/O Properties Checks for One I/O ; The location should support the requested On Chip Termination value.                                 ; Critical ; 0 such failures found.                                                   ; I/O                 ;                   ;
; Inapplicable ; IO_000013 ; I/O Properties Checks for One I/O ; The location should support the requested Bus Hold value.                                            ; Critical ; No Enable Bus-Hold Circuitry assignments found.                          ; I/O                 ;                   ;
; Inapplicable ; IO_000014 ; I/O Properties Checks for One I/O ; The location should support the requested Weak Pull Up value.                                        ; Critical ; No Weak Pull-Up Resistor assignments found.                              ; I/O                 ;                   ;
; Pass         ; IO_000015 ; I/O Properties Checks for One I/O ; The location should support the requested PCI Clamp Diode.                                           ; Critical ; 0 such failures found.                                                   ; I/O                 ;                   ;
; Inapplicable ; IO_000018 ; I/O Properties Checks for One I/O ; The I/O standard should support the requested Current Strength.                                      ; Critical ; No Current Strength assignments found.                                   ; I/O                 ;                   ;
; Pass         ; IO_000019 ; I/O Properties Checks for One I/O ; The I/O standard should support the requested On Chip Termination value.                             ; Critical ; 0 such failures found.                                                   ; I/O                 ;                   ;
; Pass         ; IO_000020 ; I/O Properties Checks for One I/O ; The I/O standard should support the requested PCI Clamp Diode.                                       ; Critical ; 0 such failures found.                                                   ; I/O                 ;                   ;
; Inapplicable ; IO_000021 ; I/O Properties Checks for One I/O ; The I/O standard should support the requested Weak Pull Up value.                                    ; Critical ; No Weak Pull-Up Resistor assignments found.                              ; I/O                 ;                   ;
; Inapplicable ; IO_000022 ; I/O Properties Checks for One I/O ; The I/O standard should support the requested Bus Hold value.                                        ; Critical ; No Enable Bus-Hold Circuitry assignments found.                          ; I/O                 ;                   ;
; Inapplicable ; IO_000023 ; I/O Properties Checks for One I/O ; The I/O standard should support the Open Drain value.                                                ; Critical ; No open drain assignments found.                                         ; I/O                 ;                   ;
; Pass         ; IO_000024 ; I/O Properties Checks for One I/O ; The I/O direction should support the On Chip Termination value.                                      ; Critical ; 0 such failures found.                                                   ; I/O                 ;                   ;
; Inapplicable ; IO_000026 ; I/O Properties Checks for One I/O ; On Chip Termination and Current Strength should not be used at the same time.                        ; Critical ; No Current Strength assignments found.                                   ; I/O                 ;                   ;
; Inapplicable ; IO_000027 ; I/O Properties Checks for One I/O ; Weak Pull Up and Bus Hold should not be used at the same time.                                       ; Critical ; No Enable Bus-Hold Circuitry or Weak Pull-Up Resistor assignments found. ; I/O                 ;                   ;
; Inapplicable ; IO_000045 ; I/O Properties Checks for One I/O ; The I/O standard should support the requested Slew Rate value.                                       ; Critical ; No Slew Rate assignments found.                                          ; I/O                 ;                   ;
; Inapplicable ; IO_000046 ; I/O Properties Checks for One I/O ; The location should support the requested Slew Rate value.                                           ; Critical ; No Slew Rate assignments found.                                          ; I/O                 ;                   ;
; Inapplicable ; IO_000047 ; I/O Properties Checks for One I/O ; On Chip Termination and Slew Rate should not be used at the same time.                               ; Critical ; No Slew Rate assignments found.                                          ; I/O                 ;                   ;
; Pass         ; IO_000033 ; Electromigration Checks           ; Current density for consecutive I/Os should not exceed 240mA for row I/Os and 240mA for column I/Os. ; Critical ; 0 such failures found.                                                   ; I/O                 ;                   ;
; Inapplicable ; IO_000034 ; SI Related Distance Checks        ; Single-ended outputs should be 5 LAB row(s) away from a differential I/O.                            ; High     ; No Differential I/O Standard assignments found.                          ; I/O                 ;                   ;
; Inapplicable ; IO_000042 ; SI Related SSO Limit Checks       ; No more than 20 outputs are allowed in a VREF group when VREF is being read from.                    ; High     ; No VREF I/O Standard assignments found.                                  ; I/O                 ;                   ;
; ----         ; ----      ; Disclaimer                        ; OCT rules are checked but not reported.                                                              ; None     ; ----                                                                     ; On Chip Termination ;                   ;
+--------------+-----------+-----------------------------------+------------------------------------------------------------------------------------------------------+----------+--------------------------------------------------------------------------+---------------------+-------------------+


+--------------------------------------------------------------------------------------------------------------------------------------------------------------------------------------------------------------------------------------------------------------------------------------------------------------------------------------------------------------------------------------------------------------------------------------------------------------------------+
; I/O Rules Matrix                                                                                                                                                                                                                                                                                                                                                                                                                                                         ;
+--------------------+--------------+--------------+--------------+--------------+--------------+-----------+--------------+--------------+-----------+-----------+--------------+--------------+--------------+--------------+--------------+--------------+--------------+--------------+--------------+--------------+--------------+--------------+--------------+--------------+--------------+--------------+--------------+-----------+--------------+--------------+
; Pin/Rules          ; IO_000001    ; IO_000002    ; IO_000003    ; IO_000004    ; IO_000005    ; IO_000006 ; IO_000007    ; IO_000008    ; IO_000009 ; IO_000010 ; IO_000011    ; IO_000012    ; IO_000013    ; IO_000014    ; IO_000015    ; IO_000018    ; IO_000019    ; IO_000020    ; IO_000021    ; IO_000022    ; IO_000023    ; IO_000024    ; IO_000026    ; IO_000027    ; IO_000045    ; IO_000046    ; IO_000047    ; IO_000033 ; IO_000034    ; IO_000042    ;
+--------------------+--------------+--------------+--------------+--------------+--------------+-----------+--------------+--------------+-----------+-----------+--------------+--------------+--------------+--------------+--------------+--------------+--------------+--------------+--------------+--------------+--------------+--------------+--------------+--------------+--------------+--------------+--------------+-----------+--------------+--------------+
; Total Pass         ; 0            ; 0            ; 0            ; 0            ; 0            ; 25        ; 0            ; 0            ; 25        ; 25        ; 0            ; 15           ; 0            ; 0            ; 22           ; 0            ; 15           ; 22           ; 0            ; 0            ; 0            ; 15           ; 0            ; 0            ; 0            ; 0            ; 0            ; 25        ; 0            ; 0            ;
; Total Unchecked    ; 0            ; 0            ; 0            ; 0            ; 0            ; 0         ; 0            ; 0            ; 0         ; 0         ; 0            ; 0            ; 0            ; 0            ; 0            ; 0            ; 0            ; 0            ; 0            ; 0            ; 0            ; 0            ; 0            ; 0            ; 0            ; 0            ; 0            ; 0         ; 0            ; 0            ;
; Total Inapplicable ; 25           ; 25           ; 25           ; 25           ; 25           ; 0         ; 25           ; 25           ; 0         ; 0         ; 25           ; 10           ; 25           ; 25           ; 3            ; 25           ; 10           ; 3            ; 25           ; 25           ; 25           ; 10           ; 25           ; 25           ; 25           ; 25           ; 25           ; 0         ; 25           ; 25           ;
; Total Fail         ; 0            ; 0            ; 0            ; 0            ; 0            ; 0         ; 0            ; 0            ; 0         ; 0         ; 0            ; 0            ; 0            ; 0            ; 0            ; 0            ; 0            ; 0            ; 0            ; 0            ; 0            ; 0            ; 0            ; 0            ; 0            ; 0            ; 0            ; 0         ; 0            ; 0            ;
; ERROR              ; Inapplicable ; Inapplicable ; Inapplicable ; Inapplicable ; Inapplicable ; Pass      ; Inapplicable ; Inapplicable ; Pass      ; Pass      ; Inapplicable ; Pass         ; Inapplicable ; Inapplicable ; Inapplicable ; Inapplicable ; Pass         ; Inapplicable ; Inapplicable ; Inapplicable ; Inapplicable ; Pass         ; Inapplicable ; Inapplicable ; Inapplicable ; Inapplicable ; Inapplicable ; Pass      ; Inapplicable ; Inapplicable ;
; FIN                ; Inapplicable ; Inapplicable ; Inapplicable ; Inapplicable ; Inapplicable ; Pass      ; Inapplicable ; Inapplicable ; Pass      ; Pass      ; Inapplicable ; Pass         ; Inapplicable ; Inapplicable ; Inapplicable ; Inapplicable ; Pass         ; Inapplicable ; Inapplicable ; Inapplicable ; Inapplicable ; Pass         ; Inapplicable ; Inapplicable ; Inapplicable ; Inapplicable ; Inapplicable ; Pass      ; Inapplicable ; Inapplicable ;
; PAUSA              ; Inapplicable ; Inapplicable ; Inapplicable ; Inapplicable ; Inapplicable ; Pass      ; Inapplicable ; Inapplicable ; Pass      ; Pass      ; Inapplicable ; Pass         ; Inapplicable ; Inapplicable ; Inapplicable ; Inapplicable ; Pass         ; Inapplicable ; Inapplicable ; Inapplicable ; Inapplicable ; Pass         ; Inapplicable ; Inapplicable ; Inapplicable ; Inapplicable ; Inapplicable ; Pass      ; Inapplicable ; Inapplicable ;
; CONTINUAR          ; Inapplicable ; Inapplicable ; Inapplicable ; Inapplicable ; Inapplicable ; Pass      ; Inapplicable ; Inapplicable ; Pass      ; Pass      ; Inapplicable ; Inapplicable ; Inapplicable ; Inapplicable ; Pass         ; Inapplicable ; Inapplicable ; Pass         ; Inapplicable ; Inapplicable ; Inapplicable ; Inapplicable ; Inapplicable ; Inapplicable ; Inapplicable ; Inapplicable ; Inapplicable ; Pass      ; Inapplicable ; Inapplicable ;
; RECARGAR           ; Inapplicable ; Inapplicable ; Inapplicable ; Inapplicable ; Inapplicable ; Pass      ; Inapplicable ; Inapplicable ; Pass      ; Pass      ; Inapplicable ; Inapplicable ; Inapplicable ; Inapplicable ; Pass         ; Inapplicable ; Inapplicable ; Pass         ; Inapplicable ; Inapplicable ; Inapplicable ; Inapplicable ; Inapplicable ; Inapplicable ; Inapplicable ; Inapplicable ; Inapplicable ; Pass      ; Inapplicable ; Inapplicable ;
; START              ; Inapplicable ; Inapplicable ; Inapplicable ; Inapplicable ; Inapplicable ; Pass      ; Inapplicable ; Inapplicable ; Pass      ; Pass      ; Inapplicable ; Inapplicable ; Inapplicable ; Inapplicable ; Pass         ; Inapplicable ; Inapplicable ; Pass         ; Inapplicable ; Inapplicable ; Inapplicable ; Inapplicable ; Inapplicable ; Inapplicable ; Inapplicable ; Inapplicable ; Inapplicable ; Pass      ; Inapplicable ; Inapplicable ;
; DATA[11]           ; Inapplicable ; Inapplicable ; Inapplicable ; Inapplicable ; Inapplicable ; Pass      ; Inapplicable ; Inapplicable ; Pass      ; Pass      ; Inapplicable ; Pass         ; Inapplicable ; Inapplicable ; Pass         ; Inapplicable ; Pass         ; Pass         ; Inapplicable ; Inapplicable ; Inapplicable ; Pass         ; Inapplicable ; Inapplicable ; Inapplicable ; Inapplicable ; Inapplicable ; Pass      ; Inapplicable ; Inapplicable ;
; DATA[10]           ; Inapplicable ; Inapplicable ; Inapplicable ; Inapplicable ; Inapplicable ; Pass      ; Inapplicable ; Inapplicable ; Pass      ; Pass      ; Inapplicable ; Pass         ; Inapplicable ; Inapplicable ; Pass         ; Inapplicable ; Pass         ; Pass         ; Inapplicable ; Inapplicable ; Inapplicable ; Pass         ; Inapplicable ; Inapplicable ; Inapplicable ; Inapplicable ; Inapplicable ; Pass      ; Inapplicable ; Inapplicable ;
; DATA[9]            ; Inapplicable ; Inapplicable ; Inapplicable ; Inapplicable ; Inapplicable ; Pass      ; Inapplicable ; Inapplicable ; Pass      ; Pass      ; Inapplicable ; Pass         ; Inapplicable ; Inapplicable ; Pass         ; Inapplicable ; Pass         ; Pass         ; Inapplicable ; Inapplicable ; Inapplicable ; Pass         ; Inapplicable ; Inapplicable ; Inapplicable ; Inapplicable ; Inapplicable ; Pass      ; Inapplicable ; Inapplicable ;
; DATA[8]            ; Inapplicable ; Inapplicable ; Inapplicable ; Inapplicable ; Inapplicable ; Pass      ; Inapplicable ; Inapplicable ; Pass      ; Pass      ; Inapplicable ; Pass         ; Inapplicable ; Inapplicable ; Pass         ; Inapplicable ; Pass         ; Pass         ; Inapplicable ; Inapplicable ; Inapplicable ; Pass         ; Inapplicable ; Inapplicable ; Inapplicable ; Inapplicable ; Inapplicable ; Pass      ; Inapplicable ; Inapplicable ;
; DATA[7]            ; Inapplicable ; Inapplicable ; Inapplicable ; Inapplicable ; Inapplicable ; Pass      ; Inapplicable ; Inapplicable ; Pass      ; Pass      ; Inapplicable ; Pass         ; Inapplicable ; Inapplicable ; Pass         ; Inapplicable ; Pass         ; Pass         ; Inapplicable ; Inapplicable ; Inapplicable ; Pass         ; Inapplicable ; Inapplicable ; Inapplicable ; Inapplicable ; Inapplicable ; Pass      ; Inapplicable ; Inapplicable ;
; DATA[6]            ; Inapplicable ; Inapplicable ; Inapplicable ; Inapplicable ; Inapplicable ; Pass      ; Inapplicable ; Inapplicable ; Pass      ; Pass      ; Inapplicable ; Pass         ; Inapplicable ; Inapplicable ; Pass         ; Inapplicable ; Pass         ; Pass         ; Inapplicable ; Inapplicable ; Inapplicable ; Pass         ; Inapplicable ; Inapplicable ; Inapplicable ; Inapplicable ; Inapplicable ; Pass      ; Inapplicable ; Inapplicable ;
; DATA[5]            ; Inapplicable ; Inapplicable ; Inapplicable ; Inapplicable ; Inapplicable ; Pass      ; Inapplicable ; Inapplicable ; Pass      ; Pass      ; Inapplicable ; Pass         ; Inapplicable ; Inapplicable ; Pass         ; Inapplicable ; Pass         ; Pass         ; Inapplicable ; Inapplicable ; Inapplicable ; Pass         ; Inapplicable ; Inapplicable ; Inapplicable ; Inapplicable ; Inapplicable ; Pass      ; Inapplicable ; Inapplicable ;
; DATA[4]            ; Inapplicable ; Inapplicable ; Inapplicable ; Inapplicable ; Inapplicable ; Pass      ; Inapplicable ; Inapplicable ; Pass      ; Pass      ; Inapplicable ; Pass         ; Inapplicable ; Inapplicable ; Pass         ; Inapplicable ; Pass         ; Pass         ; Inapplicable ; Inapplicable ; Inapplicable ; Pass         ; Inapplicable ; Inapplicable ; Inapplicable ; Inapplicable ; Inapplicable ; Pass      ; Inapplicable ; Inapplicable ;
; DATA[3]            ; Inapplicable ; Inapplicable ; Inapplicable ; Inapplicable ; Inapplicable ; Pass      ; Inapplicable ; Inapplicable ; Pass      ; Pass      ; Inapplicable ; Pass         ; Inapplicable ; Inapplicable ; Pass         ; Inapplicable ; Pass         ; Pass         ; Inapplicable ; Inapplicable ; Inapplicable ; Pass         ; Inapplicable ; Inapplicable ; Inapplicable ; Inapplicable ; Inapplicable ; Pass      ; Inapplicable ; Inapplicable ;
; DATA[2]            ; Inapplicable ; Inapplicable ; Inapplicable ; Inapplicable ; Inapplicable ; Pass      ; Inapplicable ; Inapplicable ; Pass      ; Pass      ; Inapplicable ; Pass         ; Inapplicable ; Inapplicable ; Pass         ; Inapplicable ; Pass         ; Pass         ; Inapplicable ; Inapplicable ; Inapplicable ; Pass         ; Inapplicable ; Inapplicable ; Inapplicable ; Inapplicable ; Inapplicable ; Pass      ; Inapplicable ; Inapplicable ;
; DATA[1]            ; Inapplicable ; Inapplicable ; Inapplicable ; Inapplicable ; Inapplicable ; Pass      ; Inapplicable ; Inapplicable ; Pass      ; Pass      ; Inapplicable ; Pass         ; Inapplicable ; Inapplicable ; Pass         ; Inapplicable ; Pass         ; Pass         ; Inapplicable ; Inapplicable ; Inapplicable ; Pass         ; Inapplicable ; Inapplicable ; Inapplicable ; Inapplicable ; Inapplicable ; Pass      ; Inapplicable ; Inapplicable ;
; DATA[0]            ; Inapplicable ; Inapplicable ; Inapplicable ; Inapplicable ; Inapplicable ; Pass      ; Inapplicable ; Inapplicable ; Pass      ; Pass      ; Inapplicable ; Pass         ; Inapplicable ; Inapplicable ; Pass         ; Inapplicable ; Pass         ; Pass         ; Inapplicable ; Inapplicable ; Inapplicable ; Pass         ; Inapplicable ; Inapplicable ; Inapplicable ; Inapplicable ; Inapplicable ; Pass      ; Inapplicable ; Inapplicable ;
; UP_DOWN            ; Inapplicable ; Inapplicable ; Inapplicable ; Inapplicable ; Inapplicable ; Pass      ; Inapplicable ; Inapplicable ; Pass      ; Pass      ; Inapplicable ; Inapplicable ; Inapplicable ; Inapplicable ; Pass         ; Inapplicable ; Inapplicable ; Pass         ; Inapplicable ; Inapplicable ; Inapplicable ; Inapplicable ; Inapplicable ; Inapplicable ; Inapplicable ; Inapplicable ; Inapplicable ; Pass      ; Inapplicable ; Inapplicable ;
; b[2]               ; Inapplicable ; Inapplicable ; Inapplicable ; Inapplicable ; Inapplicable ; Pass      ; Inapplicable ; Inapplicable ; Pass      ; Pass      ; Inapplicable ; Inapplicable ; Inapplicable ; Inapplicable ; Pass         ; Inapplicable ; Inapplicable ; Pass         ; Inapplicable ; Inapplicable ; Inapplicable ; Inapplicable ; Inapplicable ; Inapplicable ; Inapplicable ; Inapplicable ; Inapplicable ; Pass      ; Inapplicable ; Inapplicable ;
; b[1]               ; Inapplicable ; Inapplicable ; Inapplicable ; Inapplicable ; Inapplicable ; Pass      ; Inapplicable ; Inapplicable ; Pass      ; Pass      ; Inapplicable ; Inapplicable ; Inapplicable ; Inapplicable ; Pass         ; Inapplicable ; Inapplicable ; Pass         ; Inapplicable ; Inapplicable ; Inapplicable ; Inapplicable ; Inapplicable ; Inapplicable ; Inapplicable ; Inapplicable ; Inapplicable ; Pass      ; Inapplicable ; Inapplicable ;
; b[0]               ; Inapplicable ; Inapplicable ; Inapplicable ; Inapplicable ; Inapplicable ; Pass      ; Inapplicable ; Inapplicable ; Pass      ; Pass      ; Inapplicable ; Inapplicable ; Inapplicable ; Inapplicable ; Pass         ; Inapplicable ; Inapplicable ; Pass         ; Inapplicable ; Inapplicable ; Inapplicable ; Inapplicable ; Inapplicable ; Inapplicable ; Inapplicable ; Inapplicable ; Inapplicable ; Pass      ; Inapplicable ; Inapplicable ;
; CLOCK              ; Inapplicable ; Inapplicable ; Inapplicable ; Inapplicable ; Inapplicable ; Pass      ; Inapplicable ; Inapplicable ; Pass      ; Pass      ; Inapplicable ; Inapplicable ; Inapplicable ; Inapplicable ; Pass         ; Inapplicable ; Inapplicable ; Pass         ; Inapplicable ; Inapplicable ; Inapplicable ; Inapplicable ; Inapplicable ; Inapplicable ; Inapplicable ; Inapplicable ; Inapplicable ; Pass      ; Inapplicable ; Inapplicable ;
; LOAD_I             ; Inapplicable ; Inapplicable ; Inapplicable ; Inapplicable ; Inapplicable ; Pass      ; Inapplicable ; Inapplicable ; Pass      ; Pass      ; Inapplicable ; Inapplicable ; Inapplicable ; Inapplicable ; Pass         ; Inapplicable ; Inapplicable ; Pass         ; Inapplicable ; Inapplicable ; Inapplicable ; Inapplicable ; Inapplicable ; Inapplicable ; Inapplicable ; Inapplicable ; Inapplicable ; Pass      ; Inapplicable ; Inapplicable ;
; LOAD_F             ; Inapplicable ; Inapplicable ; Inapplicable ; Inapplicable ; Inapplicable ; Pass      ; Inapplicable ; Inapplicable ; Pass      ; Pass      ; Inapplicable ; Inapplicable ; Inapplicable ; Inapplicable ; Pass         ; Inapplicable ; Inapplicable ; Pass         ; Inapplicable ; Inapplicable ; Inapplicable ; Inapplicable ; Inapplicable ; Inapplicable ; Inapplicable ; Inapplicable ; Inapplicable ; Pass      ; Inapplicable ; Inapplicable ;
+--------------------+--------------+--------------+--------------+--------------+--------------+-----------+--------------+--------------+-----------+-----------+--------------+--------------+--------------+--------------+--------------+--------------+--------------+--------------+--------------+--------------+--------------+--------------+--------------+--------------+--------------+--------------+--------------+-----------+--------------+--------------+


+-----------------------------------------------------------------------------------------------+
; Fitter Device Options                                                                         ;
+------------------------------------------------------------------+----------------------------+
; Option                                                           ; Setting                    ;
+------------------------------------------------------------------+----------------------------+
; Enable user-supplied start-up clock (CLKUSR)                     ; Off                        ;
; Enable device-wide reset (DEV_CLRn)                              ; Off                        ;
; Enable device-wide output enable (DEV_OE)                        ; Off                        ;
; Enable INIT_DONE output                                          ; Off                        ;
; Configuration scheme                                             ; Active Serial              ;
; Error detection CRC                                              ; Off                        ;
; Enable input tri-state on active configuration pins in user mode ; Off                        ;
; Active Serial clock source                                       ; 40 MHz Internal Oscillator ;
; Configuration Voltage Level                                      ; Auto                       ;
; Force Configuration Voltage Level                                ; Off                        ;
; nCEO                                                             ; As output driving ground   ;
; Data[0]                                                          ; As input tri-stated        ;
; Data[1]/ASDO                                                     ; As input tri-stated        ;
; Data[7..2]                                                       ; Unreserved                 ;
; FLASH_nCE/nCSO                                                   ; As input tri-stated        ;
; DCLK                                                             ; As output driving ground   ;
; Base pin-out file on sameframe device                            ; Off                        ;
+------------------------------------------------------------------+----------------------------+


+------------------------------------+
; Operating Settings and Conditions  ;
+---------------------------+--------+
; Setting                   ; Value  ;
+---------------------------+--------+
; Nominal Core Voltage      ; 1.20 V ;
; Low Junction Temperature  ; 0 °C   ;
; High Junction Temperature ; 85 °C  ;
+---------------------------+--------+


+------------------------------------------------------------+
; Estimated Delay Added for Hold Timing Summary              ;
+-----------------+----------------------+-------------------+
; Source Clock(s) ; Destination Clock(s) ; Delay Added in ns ;
+-----------------+----------------------+-------------------+
; CLOCK           ; LOAD_F               ; 15.7              ;
+-----------------+----------------------+-------------------+
Note: For more information on problematic transfers, consider running the Fitter again with the Optimize hold timing option (Settings Menu) turned off.
This will disable optimization of problematic paths and expose them for further analysis using the TimeQuest Timing Analyzer.


+-------------------------------------------------------------------------+
; Estimated Delay Added for Hold Timing Details                           ;
+---------------------------+-------------------------+-------------------+
; Source Register           ; Destination Register    ; Delay Added in ns ;
+---------------------------+-------------------------+-------------------+
; reg_contador:inst3|inst27 ; reg_final:inst28|inst27 ; 1.551             ;
; reg_contador:inst3|inst26 ; reg_final:inst28|inst26 ; 1.551             ;
; reg_contador:inst3|inst12 ; reg_final:inst28|inst12 ; 1.551             ;
; reg_contador:inst3|inst11 ; reg_final:inst28|inst11 ; 1.551             ;
; reg_contador:inst3|inst23 ; reg_final:inst28|inst23 ; 1.359             ;
; reg_contador:inst3|inst25 ; reg_final:inst28|inst25 ; 1.345             ;
; reg_contador:inst3|inst13 ; reg_final:inst28|inst13 ; 1.163             ;
; reg_contador:inst3|inst10 ; reg_final:inst28|inst10 ; 1.152             ;
; reg_contador:inst3|inst8  ; reg_final:inst28|inst8  ; 1.152             ;
; reg_contador:inst3|inst14 ; reg_final:inst28|inst14 ; 1.123             ;
; reg_contador:inst3|inst24 ; reg_final:inst28|inst24 ; 1.095             ;
; reg_contador:inst3|inst28 ; reg_final:inst28|inst28 ; 1.060             ;
; LOAD_F                    ; reg_final:inst|inst23   ; 0.519             ;
+---------------------------+-------------------------+-------------------+
Note: This table only shows the top 13 path(s) that have the largest delay added for hold.


+-----------------+
; Fitter Messages ;
+-----------------+
Warning (20028): Parallel compilation is not licensed and has been disabled
Info (119004): Automatically selected device EP4CGX15BF14C6 for design TpIntegrador
Info (21076): High junction temperature operating condition is not set. Assuming a default value of '85'.
Info (21076): Low junction temperature operating condition is not set. Assuming a default value of '0'.
Info (171003): Fitter is performing an Auto Fit compilation, which may decrease Fitter effort to reduce compilation time
Warning (292013): Feature LogicLock is only available with a valid subscription license. You can purchase a software subscription to gain full access to this feature.
Info (176444): Device migration not selected. If you intend to use device migration later, you may need to change the pin assignments as they may be incompatible with other devices
    Info (176445): Device EP4CGX30BF14C6 is compatible
    Info (176445): Device EP4CGX22BF14C6 is compatible
Info (169124): Fitter converted 5 user pins into dedicated programming pins
    Info (169125): Pin ~ALTERA_NCEO~ is reserved at location N5
    Info (169125): Pin ~ALTERA_DATA0~ is reserved at location A5
    Info (169125): Pin ~ALTERA_ASDO~ is reserved at location B5
    Info (169125): Pin ~ALTERA_NCSO~ is reserved at location C5
    Info (169125): Pin ~ALTERA_DCLK~ is reserved at location A4
Warning (15714): Some pins have incomplete I/O assignments. Refer to the I/O Assignment Warnings report for details
Critical Warning (169085): No exact pin location assignment(s) for 25 pins of 25 total pins
    Info (169086): Pin ERROR not assigned to an exact location on the device
    Info (169086): Pin FIN not assigned to an exact location on the device
    Info (169086): Pin PAUSA not assigned to an exact location on the device
    Info (169086): Pin CONTINUAR not assigned to an exact location on the device
    Info (169086): Pin RECARGAR not assigned to an exact location on the device
    Info (169086): Pin START not assigned to an exact location on the device
    Info (169086): Pin DATA[11] not assigned to an exact location on the device
    Info (169086): Pin DATA[10] not assigned to an exact location on the device
    Info (169086): Pin DATA[9] not assigned to an exact location on the device
    Info (169086): Pin DATA[8] not assigned to an exact location on the device
    Info (169086): Pin DATA[7] not assigned to an exact location on the device
    Info (169086): Pin DATA[6] not assigned to an exact location on the device
    Info (169086): Pin DATA[5] not assigned to an exact location on the device
    Info (169086): Pin DATA[4] not assigned to an exact location on the device
    Info (169086): Pin DATA[3] not assigned to an exact location on the device
    Info (169086): Pin DATA[2] not assigned to an exact location on the device
    Info (169086): Pin DATA[1] not assigned to an exact location on the device
    Info (169086): Pin DATA[0] not assigned to an exact location on the device
    Info (169086): Pin UP_DOWN not assigned to an exact location on the device
    Info (169086): Pin b[2] not assigned to an exact location on the device
    Info (169086): Pin b[1] not assigned to an exact location on the device
    Info (169086): Pin b[0] not assigned to an exact location on the device
    Info (169086): Pin CLOCK not assigned to an exact location on the device
    Info (169086): Pin LOAD_I not assigned to an exact location on the device
    Info (169086): Pin LOAD_F not assigned to an exact location on the device
Critical Warning (332012): Synopsys Design Constraints File file not found: 'TpIntegrador.sdc'. A Synopsys Design Constraints File is required by the TimeQuest Timing Analyzer to get proper timing constraints. Without it, the Compiler will not properly optimize the design.
Info (332144): No user constrained base clocks found in the design
Info (332143): No user constrained clock uncertainty found in the design. Calling "derive_clock_uncertainty"
Info (332123): Deriving Clock Uncertainty. Please refer to report_sdc in TimeQuest to see clock uncertainties.
Info (332130): Timing requirements not specified -- quality metrics such as performance may be sacrificed to reduce compilation time.
Info (176353): Automatically promoted node CLOCK~input (placed in PIN J7 (CLK13, DIFFCLK_7n, REFCLK0n))
    Info (176355): Automatically promoted destinations to use location or clock signal Global Clock CLKCTRL_G17
Info (176353): Automatically promoted node inst25 
    Info (176355): Automatically promoted destinations to use location or clock signal Global Clock
Info (176233): Starting register packing
Info (176235): Finished register packing
    Extra Info (176219): No registers were packed into other blocks
Info (176214): Statistics of I/O pins that need to be placed that use the same VCCIO and VREF, before I/O pin placement
    Info (176211): Number of I/O pins in group: 24 (unused VREF, 2.5V VCCIO, 9 input, 3 output, 12 bidirectional)
        Info (176212): I/O standards used: 2.5 V.
Info (176215): I/O bank details before I/O pin placement
    Info (176214): Statistics of I/O banks
        Info (176213): I/O bank number QL0 does not use VREF pins and has undetermined VCCIO pins. 0 total pin(s) used --  0 pins available
        Info (176213): I/O bank number 3 does not use VREF pins and has undetermined VCCIO pins. 1 total pin(s) used --  7 pins available
        Info (176213): I/O bank number 3A does not use VREF pins and has undetermined VCCIO pins. 1 total pin(s) used --  1 pins available
        Info (176213): I/O bank number 4 does not use VREF pins and has undetermined VCCIO pins. 0 total pin(s) used --  14 pins available
        Info (176213): I/O bank number 5 does not use VREF pins and has undetermined VCCIO pins. 0 total pin(s) used --  12 pins available
        Info (176213): I/O bank number 6 does not use VREF pins and has undetermined VCCIO pins. 0 total pin(s) used --  12 pins available
        Info (176213): I/O bank number 7 does not use VREF pins and has undetermined VCCIO pins. 0 total pin(s) used --  14 pins available
        Info (176213): I/O bank number 8A does not use VREF pins and has undetermined VCCIO pins. 0 total pin(s) used --  2 pins available
        Info (176213): I/O bank number 8 does not use VREF pins and has undetermined VCCIO pins. 0 total pin(s) used --  5 pins available
        Info (176213): I/O bank number 9 does not use VREF pins and has undetermined VCCIO pins. 4 total pin(s) used --  0 pins available
Info (171121): Fitter preparation operations ending: elapsed time is 00:00:01
Info (170189): Fitter placement preparation operations beginning
Info (170190): Fitter placement preparation operations ending: elapsed time is 00:00:00
Info (170191): Fitter placement operations beginning
Info (170137): Fitter placement was successful
Info (170192): Fitter placement operations ending: elapsed time is 00:00:01
Info (170193): Fitter routing operations beginning
Info (170195): Router estimated average interconnect usage is 0% of the available device resources
    Info (170196): Router estimated peak interconnect usage is 1% of the available device resources in the region that extends from location X22_Y21 to location X33_Y31
Info (170194): Fitter routing operations ending: elapsed time is 00:00:01
Info (170199): The Fitter performed an Auto Fit compilation.  Optimizations were skipped to reduce compilation time.
    Info (170201): Optimizations that may affect the design's routability were skipped
Info (11888): Total time spent on timing analysis during the Fitter is 0.25 seconds.
Info (334003): Started post-fitting delay annotation
Info (334004): Delay annotation completed successfully
Info (334003): Started post-fitting delay annotation
Info (334004): Delay annotation completed successfully
Info (11218): Fitter post-fit operations ending: elapsed time is 00:00:02
Warning (169177): 1 pins must meet Altera requirements for 3.3-, 3.0-, and 2.5-V interfaces. For more information, refer to AN 447: Interfacing Cyclone IV GX Devices with 3.3/3.0/2.5-V LVTTL/LVCMOS I/O Systems.
    Info (169178): Pin CLOCK uses I/O standard 2.5 V at J7
Warning (169064): Following 12 pins have no output enable or a GND or VCC output enable - later changes to this connectivity may change fitting results
    Info (169065): Pin DATA[11] has a permanently enabled output enable
    Info (169065): Pin DATA[10] has a permanently enabled output enable
    Info (169065): Pin DATA[9] has a permanently enabled output enable
    Info (169065): Pin DATA[8] has a permanently enabled output enable
    Info (169065): Pin DATA[7] has a permanently enabled output enable
    Info (169065): Pin DATA[6] has a permanently enabled output enable
    Info (169065): Pin DATA[5] has a permanently enabled output enable
    Info (169065): Pin DATA[4] has a permanently enabled output enable
    Info (169065): Pin DATA[3] has a permanently enabled output enable
    Info (169065): Pin DATA[2] has a permanently enabled output enable
    Info (169065): Pin DATA[1] has a permanently enabled output enable
    Info (169065): Pin DATA[0] has a permanently enabled output enable
Info (144001): Generated suppressed messages file C:/Users/Usuario/Desktop/IDL/Integrador/output_files/TpIntegrador.fit.smsg
Info: Quartus II 64-Bit Fitter was successful. 0 errors, 7 warnings
    Info: Peak virtual memory: 5035 megabytes
    Info: Processing ended: Tue Jul 29 16:46:56 2025
    Info: Elapsed time: 00:00:09
    Info: Total CPU time (on all processors): 00:00:09


+----------------------------+
; Fitter Suppressed Messages ;
+----------------------------+
The suppressed messages can be found in C:/Users/Usuario/Desktop/IDL/Integrador/output_files/TpIntegrador.fit.smsg.


