TimeQuest Timing Analyzer report for TpIntegrador
Tue Jul 29 16:47:02 2025
Quartus II 64-Bit Version 13.1.0 Build 162 10/23/2013 SJ Web Edition


---------------------
; Table of Contents ;
---------------------
  1. Legal Notice
  2. TimeQuest Timing Analyzer Summary
  3. Parallel Compilation
  4. Clocks
  5. Slow 1200mV 85C Model Fmax Summary
  6. Timing Closure Recommendations
  7. Slow 1200mV 85C Model Setup Summary
  8. Slow 1200mV 85C Model Hold Summary
  9. Slow 1200mV 85C Model Recovery Summary
 10. Slow 1200mV 85C Model Removal Summary
 11. Slow 1200mV 85C Model Minimum Pulse Width Summary
 12. Slow 1200mV 85C Model Setup: 'CLOCK'
 13. Slow 1200mV 85C Model Setup: 'LOAD_F'
 14. Slow 1200mV 85C Model Hold: 'LOAD_F'
 15. Slow 1200mV 85C Model Hold: 'CLOCK'
 16. Slow 1200mV 85C Model Minimum Pulse Width: 'CLOCK'
 17. Slow 1200mV 85C Model Minimum Pulse Width: 'LOAD_F'
 18. Setup Times
 19. Hold Times
 20. Clock to Output Times
 21. Minimum Clock to Output Times
 22. Propagation Delay
 23. Minimum Propagation Delay
 24. Slow 1200mV 85C Model Metastability Report
 25. Slow 1200mV 0C Model Fmax Summary
 26. Slow 1200mV 0C Model Setup Summary
 27. Slow 1200mV 0C Model Hold Summary
 28. Slow 1200mV 0C Model Recovery Summary
 29. Slow 1200mV 0C Model Removal Summary
 30. Slow 1200mV 0C Model Minimum Pulse Width Summary
 31. Slow 1200mV 0C Model Setup: 'CLOCK'
 32. Slow 1200mV 0C Model Setup: 'LOAD_F'
 33. Slow 1200mV 0C Model Hold: 'LOAD_F'
 34. Slow 1200mV 0C Model Hold: 'CLOCK'
 35. Slow 1200mV 0C Model Minimum Pulse Width: 'CLOCK'
 36. Slow 1200mV 0C Model Minimum Pulse Width: 'LOAD_F'
 37. Setup Times
 38. Hold Times
 39. Clock to Output Times
 40. Minimum Clock to Output Times
 41. Propagation Delay
 42. Minimum Propagation Delay
 43. Slow 1200mV 0C Model Metastability Report
 44. Fast 1200mV 0C Model Setup Summary
 45. Fast 1200mV 0C Model Hold Summary
 46. Fast 1200mV 0C Model Recovery Summary
 47. Fast 1200mV 0C Model Removal Summary
 48. Fast 1200mV 0C Model Minimum Pulse Width Summary
 49. Fast 1200mV 0C Model Setup: 'CLOCK'
 50. Fast 1200mV 0C Model Setup: 'LOAD_F'
 51. Fast 1200mV 0C Model Hold: 'LOAD_F'
 52. Fast 1200mV 0C Model Hold: 'CLOCK'
 53. Fast 1200mV 0C Model Minimum Pulse Width: 'CLOCK'
 54. Fast 1200mV 0C Model Minimum Pulse Width: 'LOAD_F'
 55. Setup Times
 56. Hold Times
 57. Clock to Output Times
 58. Minimum Clock to Output Times
 59. Propagation Delay
 60. Minimum Propagation Delay
 61. Fast 1200mV 0C Model Metastability Report
 62. Multicorner Timing Analysis Summary
 63. Setup Times
 64. Hold Times
 65. Clock to Output Times
 66. Minimum Clock to Output Times
 67. Propagation Delay
 68. Minimum Propagation Delay
 69. Board Trace Model Assignments
 70. Input Transition Times
 71. Signal Integrity Metrics (Slow 1200mv 0c Model)
 72. Signal Integrity Metrics (Slow 1200mv 85c Model)
 73. Signal Integrity Metrics (Fast 1200mv 0c Model)
 74. Setup Transfers
 75. Hold Transfers
 76. Report TCCS
 77. Report RSKM
 78. Unconstrained Paths
 79. TimeQuest Timing Analyzer Messages



----------------
; Legal Notice ;
----------------
Copyright (C) 1991-2013 Altera Corporation
Your use of Altera Corporation's design tools, logic functions 
and other software and tools, and its AMPP partner logic 
functions, and any output files from any of the foregoing 
(including device programming or simulation files), and any 
associated documentation or information are expressly subject 
to the terms and conditions of the Altera Program License 
Subscription Agreement, Altera MegaCore Function License 
Agreement, or other applicable license agreement, including, 
without limitation, that your use is for the sole purpose of 
programming logic devices manufactured by Altera and sold by 
Altera or its authorized distributors.  Please refer to the 
applicable agreement for further details.



+-------------------------------------------------------------------------+
; TimeQuest Timing Analyzer Summary                                       ;
+--------------------+----------------------------------------------------+
; Quartus II Version ; Version 13.1.0 Build 162 10/23/2013 SJ Web Edition ;
; Revision Name      ; TpIntegrador                                       ;
; Device Family      ; Cyclone IV GX                                      ;
; Device Name        ; EP4CGX15BF14C6                                     ;
; Timing Models      ; Final                                              ;
; Delay Model        ; Combined                                           ;
; Rise/Fall Delays   ; Enabled                                            ;
+--------------------+----------------------------------------------------+


Parallel compilation was disabled, but you have multiple processors available. Enable parallel compilation to reduce compilation time.
+-------------------------------------+
; Parallel Compilation                ;
+----------------------------+--------+
; Processors                 ; Number ;
+----------------------------+--------+
; Number detected on machine ; 8      ;
; Maximum allowed            ; 1      ;
+----------------------------+--------+


+------------------------------------------------------------------------------------------------------------------------------------------------------------------------------------+
; Clocks                                                                                                                                                                             ;
+------------+------+--------+------------+-------+-------+------------+-----------+-------------+-------+--------+-----------+------------+----------+--------+--------+------------+
; Clock Name ; Type ; Period ; Frequency  ; Rise  ; Fall  ; Duty Cycle ; Divide by ; Multiply by ; Phase ; Offset ; Edge List ; Edge Shift ; Inverted ; Master ; Source ; Targets    ;
+------------+------+--------+------------+-------+-------+------------+-----------+-------------+-------+--------+-----------+------------+----------+--------+--------+------------+
; CLOCK      ; Base ; 1.000  ; 1000.0 MHz ; 0.000 ; 0.500 ;            ;           ;             ;       ;        ;           ;            ;          ;        ;        ; { CLOCK }  ;
; LOAD_F     ; Base ; 1.000  ; 1000.0 MHz ; 0.000 ; 0.500 ;            ;           ;             ;       ;        ;           ;            ;          ;        ;        ; { LOAD_F } ;
+------------+------+--------+------------+-------+-------+------------+-----------+-------------+-------+--------+-----------+------------+----------+--------+--------+------------+


+-----------------------------------------------------------------------------------------------------------+
; Slow 1200mV 85C Model Fmax Summary                                                                        ;
+------------+-----------------+------------+---------------------------------------------------------------+
; Fmax       ; Restricted Fmax ; Clock Name ; Note                                                          ;
+------------+-----------------+------------+---------------------------------------------------------------+
; 361.66 MHz ; 250.0 MHz       ; CLOCK      ; limit due to minimum period restriction (max I/O toggle rate) ;
+------------+-----------------+------------+---------------------------------------------------------------+
This panel reports FMAX for every clock in the design, regardless of the user-specified clock periods.  FMAX is only computed for paths where the source and destination registers or ports are driven by the same clock.  Paths of different clocks, including generated clocks, are ignored.  For paths between a clock and its inversion, FMAX is computed as if the rising and falling edges are scaled along with FMAX, such that the duty cycle (in terms of a percentage) is maintained. Altera recommends that you always use clock constraints and other slack reports for sign-off analysis.


----------------------------------
; Timing Closure Recommendations ;
----------------------------------
HTML report is unavailable in plain text report export.


+-------------------------------------+
; Slow 1200mV 85C Model Setup Summary ;
+--------+--------+-------------------+
; Clock  ; Slack  ; End Point TNS     ;
+--------+--------+-------------------+
; CLOCK  ; -2.986 ; -79.388           ;
; LOAD_F ; 0.199  ; 0.000             ;
+--------+--------+-------------------+


+------------------------------------+
; Slow 1200mV 85C Model Hold Summary ;
+--------+--------+------------------+
; Clock  ; Slack  ; End Point TNS    ;
+--------+--------+------------------+
; LOAD_F ; -0.157 ; -0.473           ;
; CLOCK  ; -0.058 ; -0.481           ;
+--------+--------+------------------+


------------------------------------------
; Slow 1200mV 85C Model Recovery Summary ;
------------------------------------------
No paths to report.


-----------------------------------------
; Slow 1200mV 85C Model Removal Summary ;
-----------------------------------------
No paths to report.


+---------------------------------------------------+
; Slow 1200mV 85C Model Minimum Pulse Width Summary ;
+--------+--------+---------------------------------+
; Clock  ; Slack  ; End Point TNS                   ;
+--------+--------+---------------------------------+
; CLOCK  ; -3.000 ; -40.000                         ;
; LOAD_F ; -3.000 ; -15.000                         ;
+--------+--------+---------------------------------+


+-----------------------------------------------------------------------------------------------------------------------------------------------+
; Slow 1200mV 85C Model Setup: 'CLOCK'                                                                                                          ;
+--------+---------------------------+------------------------------------+--------------+-------------+--------------+------------+------------+
; Slack  ; From Node                 ; To Node                            ; Launch Clock ; Latch Clock ; Relationship ; Clock Skew ; Data Delay ;
+--------+---------------------------+------------------------------------+--------------+-------------+--------------+------------+------------+
; -2.986 ; reg_final:inst28|inst23   ; reg_final:inst|inst23              ; LOAD_F       ; CLOCK       ; 0.500        ; -2.339     ; 1.122      ;
; -2.978 ; reg_final:inst28|inst8    ; reg_final:inst|inst8               ; LOAD_F       ; CLOCK       ; 0.500        ; -2.328     ; 1.125      ;
; -2.973 ; reg_final:inst28|inst13   ; reg_final:inst|inst13              ; LOAD_F       ; CLOCK       ; 0.500        ; -2.329     ; 1.119      ;
; -2.876 ; reg_final:inst28|inst26   ; reg_final:inst|inst26              ; LOAD_F       ; CLOCK       ; 0.500        ; -2.340     ; 1.011      ;
; -2.875 ; reg_final:inst28|inst27   ; reg_final:inst|inst27              ; LOAD_F       ; CLOCK       ; 0.500        ; -2.340     ; 1.010      ;
; -2.874 ; reg_final:inst28|inst25   ; reg_final:inst|inst25              ; LOAD_F       ; CLOCK       ; 0.500        ; -2.340     ; 1.009      ;
; -2.870 ; reg_final:inst28|inst10   ; reg_final:inst|inst10              ; LOAD_F       ; CLOCK       ; 0.500        ; -2.328     ; 1.017      ;
; -2.866 ; reg_final:inst28|inst11   ; reg_final:inst|inst11              ; LOAD_F       ; CLOCK       ; 0.500        ; -2.339     ; 1.002      ;
; -2.736 ; reg_final:inst28|inst28   ; reg_final:inst|inst28              ; LOAD_F       ; CLOCK       ; 0.500        ; -2.339     ; 0.872      ;
; -2.701 ; reg_final:inst28|inst14   ; reg_final:inst|inst14              ; LOAD_F       ; CLOCK       ; 0.500        ; -2.329     ; 0.847      ;
; -2.689 ; reg_final:inst28|inst12   ; reg_final:inst|inst12              ; LOAD_F       ; CLOCK       ; 0.500        ; -2.339     ; 0.825      ;
; -2.660 ; reg_final:inst28|inst11   ; reg_inicial:inst2|inst11           ; LOAD_F       ; CLOCK       ; 0.500        ; -2.009     ; 1.126      ;
; -2.611 ; reg_final:inst28|inst12   ; reg_inicial:inst2|inst12           ; LOAD_F       ; CLOCK       ; 0.500        ; -2.009     ; 1.077      ;
; -2.590 ; reg_final:inst28|inst24   ; reg_final:inst|inst24              ; LOAD_F       ; CLOCK       ; 0.500        ; -2.339     ; 0.726      ;
; -2.541 ; reg_final:inst28|inst25   ; reg_inicial:inst2|inst25           ; LOAD_F       ; CLOCK       ; 0.500        ; -2.000     ; 1.016      ;
; -2.541 ; reg_final:inst28|inst26   ; reg_inicial:inst2|inst26           ; LOAD_F       ; CLOCK       ; 0.500        ; -2.000     ; 1.016      ;
; -2.535 ; reg_final:inst28|inst23   ; reg_inicial:inst2|inst23           ; LOAD_F       ; CLOCK       ; 0.500        ; -2.009     ; 1.001      ;
; -2.531 ; reg_final:inst28|inst27   ; reg_inicial:inst2|inst27           ; LOAD_F       ; CLOCK       ; 0.500        ; -2.000     ; 1.006      ;
; -2.386 ; reg_final:inst28|inst28   ; reg_inicial:inst2|inst28           ; LOAD_F       ; CLOCK       ; 0.500        ; -1.996     ; 0.865      ;
; -2.385 ; reg_final:inst28|inst13   ; reg_inicial:inst2|inst13           ; LOAD_F       ; CLOCK       ; 0.500        ; -1.999     ; 0.861      ;
; -2.375 ; reg_final:inst28|inst24   ; reg_inicial:inst2|inst24           ; LOAD_F       ; CLOCK       ; 0.500        ; -1.999     ; 0.851      ;
; -2.251 ; reg_final:inst28|inst14   ; reg_inicial:inst2|inst14           ; LOAD_F       ; CLOCK       ; 0.500        ; -1.999     ; 0.727      ;
; -2.248 ; reg_final:inst28|inst8    ; reg_inicial:inst2|inst8            ; LOAD_F       ; CLOCK       ; 0.500        ; -1.998     ; 0.725      ;
; -2.247 ; reg_final:inst28|inst10   ; reg_inicial:inst2|inst10           ; LOAD_F       ; CLOCK       ; 0.500        ; -1.998     ; 0.724      ;
; -1.765 ; reg_contador:inst3|inst8  ; reg_contador:inst3|inst26          ; CLOCK        ; CLOCK       ; 1.000        ; -0.065     ; 2.695      ;
; -1.763 ; reg_contador:inst3|inst8  ; reg_contador:inst3|inst28          ; CLOCK        ; CLOCK       ; 1.000        ; -0.065     ; 2.693      ;
; -1.763 ; reg_contador:inst3|inst8  ; reg_contador:inst3|inst27          ; CLOCK        ; CLOCK       ; 1.000        ; -0.065     ; 2.693      ;
; -1.572 ; reg_contador:inst3|inst10 ; reg_contador:inst3|inst26          ; CLOCK        ; CLOCK       ; 1.000        ; -0.065     ; 2.502      ;
; -1.570 ; reg_contador:inst3|inst10 ; reg_contador:inst3|inst28          ; CLOCK        ; CLOCK       ; 1.000        ; -0.065     ; 2.500      ;
; -1.570 ; reg_contador:inst3|inst10 ; reg_contador:inst3|inst27          ; CLOCK        ; CLOCK       ; 1.000        ; -0.065     ; 2.500      ;
; -1.569 ; reg_contador:inst3|inst8  ; reg_contador:inst3|inst25          ; CLOCK        ; CLOCK       ; 1.000        ; -0.065     ; 2.499      ;
; -1.446 ; reg_contador:inst3|inst8  ; reg_contador:inst3|inst14          ; CLOCK        ; CLOCK       ; 1.000        ; -0.065     ; 2.376      ;
; -1.440 ; reg_contador:inst3|inst8  ; reg_contador:inst3|inst24          ; CLOCK        ; CLOCK       ; 1.000        ; -0.065     ; 2.370      ;
; -1.376 ; reg_contador:inst3|inst10 ; reg_contador:inst3|inst25          ; CLOCK        ; CLOCK       ; 1.000        ; -0.065     ; 2.306      ;
; -1.375 ; reg_contador:inst3|inst11 ; reg_contador:inst3|inst26          ; CLOCK        ; CLOCK       ; 1.000        ; -0.065     ; 2.305      ;
; -1.373 ; reg_contador:inst3|inst11 ; reg_contador:inst3|inst28          ; CLOCK        ; CLOCK       ; 1.000        ; -0.065     ; 2.303      ;
; -1.373 ; reg_contador:inst3|inst11 ; reg_contador:inst3|inst27          ; CLOCK        ; CLOCK       ; 1.000        ; -0.065     ; 2.303      ;
; -1.253 ; reg_contador:inst3|inst10 ; reg_contador:inst3|inst14          ; CLOCK        ; CLOCK       ; 1.000        ; -0.065     ; 2.183      ;
; -1.247 ; reg_contador:inst3|inst10 ; reg_contador:inst3|inst24          ; CLOCK        ; CLOCK       ; 1.000        ; -0.065     ; 2.177      ;
; -1.239 ; reg_contador:inst3|inst13 ; reg_contador:inst3|inst26          ; CLOCK        ; CLOCK       ; 1.000        ; -0.065     ; 2.169      ;
; -1.237 ; reg_contador:inst3|inst13 ; reg_contador:inst3|inst28          ; CLOCK        ; CLOCK       ; 1.000        ; -0.065     ; 2.167      ;
; -1.237 ; reg_contador:inst3|inst13 ; reg_contador:inst3|inst27          ; CLOCK        ; CLOCK       ; 1.000        ; -0.065     ; 2.167      ;
; -1.179 ; reg_contador:inst3|inst11 ; reg_contador:inst3|inst25          ; CLOCK        ; CLOCK       ; 1.000        ; -0.065     ; 2.109      ;
; -1.102 ; reg_contador:inst3|inst8  ; reg_contador:inst3|inst23          ; CLOCK        ; CLOCK       ; 1.000        ; -0.065     ; 2.032      ;
; -1.086 ; reg_contador:inst3|inst14 ; reg_contador:inst3|inst26          ; CLOCK        ; CLOCK       ; 1.000        ; -0.065     ; 2.016      ;
; -1.084 ; reg_contador:inst3|inst14 ; reg_contador:inst3|inst28          ; CLOCK        ; CLOCK       ; 1.000        ; -0.065     ; 2.014      ;
; -1.084 ; reg_contador:inst3|inst14 ; reg_contador:inst3|inst27          ; CLOCK        ; CLOCK       ; 1.000        ; -0.065     ; 2.014      ;
; -1.056 ; reg_contador:inst3|inst11 ; reg_contador:inst3|inst14          ; CLOCK        ; CLOCK       ; 1.000        ; -0.065     ; 1.986      ;
; -1.054 ; reg_contador:inst3|inst12 ; reg_contador:inst3|inst26          ; CLOCK        ; CLOCK       ; 1.000        ; -0.065     ; 1.984      ;
; -1.052 ; reg_contador:inst3|inst12 ; reg_contador:inst3|inst28          ; CLOCK        ; CLOCK       ; 1.000        ; -0.065     ; 1.982      ;
; -1.052 ; reg_contador:inst3|inst12 ; reg_contador:inst3|inst27          ; CLOCK        ; CLOCK       ; 1.000        ; -0.065     ; 1.982      ;
; -1.050 ; reg_contador:inst3|inst11 ; reg_contador:inst3|inst24          ; CLOCK        ; CLOCK       ; 1.000        ; -0.065     ; 1.980      ;
; -1.043 ; reg_contador:inst3|inst13 ; reg_contador:inst3|inst25          ; CLOCK        ; CLOCK       ; 1.000        ; -0.065     ; 1.973      ;
; -1.003 ; reg_contador:inst3|inst26 ; detectorFlancoSubida:inst21|inst18 ; CLOCK        ; CLOCK       ; 1.000        ; 0.249      ; 2.247      ;
; -0.959 ; reg_contador:inst3|inst27 ; reg_contador:inst3|inst28          ; CLOCK        ; CLOCK       ; 1.000        ; -0.065     ; 1.889      ;
; -0.936 ; reg_final:inst|inst24     ; detectorFlancoSubida:inst21|inst18 ; CLOCK        ; CLOCK       ; 1.000        ; 0.260      ; 2.191      ;
; -0.920 ; reg_contador:inst3|inst13 ; reg_contador:inst3|inst14          ; CLOCK        ; CLOCK       ; 1.000        ; -0.065     ; 1.850      ;
; -0.914 ; reg_contador:inst3|inst13 ; reg_contador:inst3|inst24          ; CLOCK        ; CLOCK       ; 1.000        ; -0.065     ; 1.844      ;
; -0.909 ; reg_contador:inst3|inst10 ; reg_contador:inst3|inst23          ; CLOCK        ; CLOCK       ; 1.000        ; -0.065     ; 1.839      ;
; -0.907 ; reg_contador:inst3|inst8  ; reg_contador:inst3|inst13          ; CLOCK        ; CLOCK       ; 1.000        ; -0.065     ; 1.837      ;
; -0.906 ; reg_contador:inst3|inst8  ; reg_contador:inst3|inst12          ; CLOCK        ; CLOCK       ; 1.000        ; -0.065     ; 1.836      ;
; -0.899 ; reg_contador:inst3|inst10 ; detectorFlancoSubida:inst21|inst18 ; CLOCK        ; CLOCK       ; 1.000        ; 0.249      ; 2.143      ;
; -0.896 ; reg_inicial:inst2|inst10  ; reg_contador:inst3|inst10          ; CLOCK        ; CLOCK       ; 1.000        ; -0.410     ; 1.481      ;
; -0.890 ; reg_contador:inst3|inst14 ; reg_contador:inst3|inst25          ; CLOCK        ; CLOCK       ; 1.000        ; -0.065     ; 1.820      ;
; -0.862 ; reg_contador:inst3|inst24 ; detectorFlancoSubida:inst21|inst18 ; CLOCK        ; CLOCK       ; 1.000        ; 0.249      ; 2.106      ;
; -0.858 ; reg_contador:inst3|inst12 ; reg_contador:inst3|inst25          ; CLOCK        ; CLOCK       ; 1.000        ; -0.065     ; 1.788      ;
; -0.855 ; reg_final:inst|inst26     ; detectorFlancoSubida:inst21|inst18 ; CLOCK        ; CLOCK       ; 1.000        ; 0.250      ; 2.100      ;
; -0.848 ; reg_contador:inst3|inst11 ; detectorFlancoSubida:inst21|inst18 ; CLOCK        ; CLOCK       ; 1.000        ; 0.249      ; 2.092      ;
; -0.843 ; reg_inicial:inst2|inst8   ; reg_contador:inst3|inst8           ; CLOCK        ; CLOCK       ; 1.000        ; -0.410     ; 1.428      ;
; -0.794 ; reg_contador:inst3|inst25 ; detectorFlancoSubida:inst21|inst18 ; CLOCK        ; CLOCK       ; 1.000        ; 0.249      ; 2.038      ;
; -0.761 ; reg_contador:inst3|inst14 ; reg_contador:inst3|inst24          ; CLOCK        ; CLOCK       ; 1.000        ; -0.065     ; 1.691      ;
; -0.760 ; reg_contador:inst3|inst14 ; detectorFlancoSubida:inst21|inst18 ; CLOCK        ; CLOCK       ; 1.000        ; 0.249      ; 2.004      ;
; -0.736 ; reg_final:inst|inst25     ; detectorFlancoSubida:inst21|inst18 ; CLOCK        ; CLOCK       ; 1.000        ; 0.250      ; 1.981      ;
; -0.735 ; reg_contador:inst3|inst12 ; reg_contador:inst3|inst14          ; CLOCK        ; CLOCK       ; 1.000        ; -0.065     ; 1.665      ;
; -0.729 ; reg_contador:inst3|inst12 ; reg_contador:inst3|inst24          ; CLOCK        ; CLOCK       ; 1.000        ; -0.065     ; 1.659      ;
; -0.727 ; reg_contador:inst3|inst25 ; reg_contador:inst3|inst26          ; CLOCK        ; CLOCK       ; 1.000        ; -0.065     ; 1.657      ;
; -0.725 ; reg_contador:inst3|inst25 ; reg_contador:inst3|inst28          ; CLOCK        ; CLOCK       ; 1.000        ; -0.065     ; 1.655      ;
; -0.725 ; reg_contador:inst3|inst25 ; reg_contador:inst3|inst27          ; CLOCK        ; CLOCK       ; 1.000        ; -0.065     ; 1.655      ;
; -0.725 ; reg_contador:inst3|inst27 ; detectorFlancoSubida:inst21|inst18 ; CLOCK        ; CLOCK       ; 1.000        ; 0.249      ; 1.969      ;
; -0.723 ; reg_inicial:inst2|inst23  ; reg_contador:inst3|inst23          ; CLOCK        ; CLOCK       ; 1.000        ; -0.410     ; 1.308      ;
; -0.714 ; reg_contador:inst3|inst10 ; reg_contador:inst3|inst13          ; CLOCK        ; CLOCK       ; 1.000        ; -0.065     ; 1.644      ;
; -0.713 ; reg_contador:inst3|inst10 ; reg_contador:inst3|inst12          ; CLOCK        ; CLOCK       ; 1.000        ; -0.065     ; 1.643      ;
; -0.712 ; reg_contador:inst3|inst11 ; reg_contador:inst3|inst23          ; CLOCK        ; CLOCK       ; 1.000        ; -0.065     ; 1.642      ;
; -0.711 ; reg_inicial:inst2|inst28  ; reg_contador:inst3|inst28          ; CLOCK        ; CLOCK       ; 1.000        ; -0.427     ; 1.279      ;
; -0.706 ; reg_final:inst|inst27     ; detectorFlancoSubida:inst21|inst18 ; CLOCK        ; CLOCK       ; 1.000        ; 0.250      ; 1.951      ;
; -0.701 ; reg_inicial:inst2|inst13  ; reg_contador:inst3|inst13          ; CLOCK        ; CLOCK       ; 1.000        ; -0.410     ; 1.286      ;
; -0.693 ; reg_inicial:inst2|inst12  ; reg_contador:inst3|inst12          ; CLOCK        ; CLOCK       ; 1.000        ; -0.410     ; 1.278      ;
; -0.687 ; reg_inicial:inst2|inst14  ; reg_contador:inst3|inst14          ; CLOCK        ; CLOCK       ; 1.000        ; -0.410     ; 1.272      ;
; -0.685 ; reg_contador:inst3|inst23 ; reg_contador:inst3|inst26          ; CLOCK        ; CLOCK       ; 1.000        ; -0.065     ; 1.615      ;
; -0.683 ; reg_contador:inst3|inst23 ; reg_contador:inst3|inst28          ; CLOCK        ; CLOCK       ; 1.000        ; -0.065     ; 1.613      ;
; -0.683 ; reg_contador:inst3|inst23 ; reg_contador:inst3|inst27          ; CLOCK        ; CLOCK       ; 1.000        ; -0.065     ; 1.613      ;
; -0.683 ; reg_contador:inst3|inst26 ; reg_contador:inst3|inst28          ; CLOCK        ; CLOCK       ; 1.000        ; -0.065     ; 1.613      ;
; -0.676 ; reg_contador:inst3|inst28 ; detectorFlancoSubida:inst21|inst18 ; CLOCK        ; CLOCK       ; 1.000        ; 0.249      ; 1.920      ;
; -0.660 ; reg_inicial:inst2|inst11  ; reg_contador:inst3|inst11          ; CLOCK        ; CLOCK       ; 1.000        ; -0.410     ; 1.245      ;
; -0.634 ; reg_inicial:inst2|inst24  ; reg_contador:inst3|inst24          ; CLOCK        ; CLOCK       ; 1.000        ; -0.409     ; 1.220      ;
; -0.629 ; reg_final:inst|inst14     ; detectorFlancoSubida:inst21|inst18 ; CLOCK        ; CLOCK       ; 1.000        ; 0.249      ; 1.873      ;
; -0.599 ; reg_contador:inst3|inst23 ; detectorFlancoSubida:inst21|inst18 ; CLOCK        ; CLOCK       ; 1.000        ; 0.249      ; 1.843      ;
; -0.578 ; reg_inicial:inst2|inst27  ; reg_contador:inst3|inst27          ; CLOCK        ; CLOCK       ; 1.000        ; -0.419     ; 1.154      ;
; -0.576 ; reg_contador:inst3|inst13 ; reg_contador:inst3|inst23          ; CLOCK        ; CLOCK       ; 1.000        ; -0.065     ; 1.506      ;
; -0.552 ; reg_final:inst|inst28     ; detectorFlancoSubida:inst21|inst18 ; CLOCK        ; CLOCK       ; 1.000        ; 0.244      ; 1.791      ;
+--------+---------------------------+------------------------------------+--------------+-------------+--------------+------------+------------+


+-----------------------------------------------------------------------------------------------------------------------------------+
; Slow 1200mV 85C Model Setup: 'LOAD_F'                                                                                             ;
+-------+---------------------------+-------------------------+--------------+-------------+--------------+------------+------------+
; Slack ; From Node                 ; To Node                 ; Launch Clock ; Latch Clock ; Relationship ; Clock Skew ; Data Delay ;
+-------+---------------------------+-------------------------+--------------+-------------+--------------+------------+------------+
; 0.199 ; reg_contador:inst3|inst27 ; reg_final:inst28|inst27 ; CLOCK        ; LOAD_F      ; 0.500        ; 2.070      ; 2.346      ;
; 0.219 ; reg_contador:inst3|inst12 ; reg_final:inst28|inst12 ; CLOCK        ; LOAD_F      ; 0.500        ; 2.070      ; 2.326      ;
; 0.238 ; reg_contador:inst3|inst24 ; reg_final:inst28|inst24 ; CLOCK        ; LOAD_F      ; 0.500        ; 2.060      ; 2.297      ;
; 0.242 ; reg_contador:inst3|inst28 ; reg_final:inst28|inst28 ; CLOCK        ; LOAD_F      ; 0.500        ; 2.074      ; 2.307      ;
; 0.258 ; reg_contador:inst3|inst10 ; reg_final:inst28|inst10 ; CLOCK        ; LOAD_F      ; 0.500        ; 2.060      ; 2.277      ;
; 0.262 ; reg_contador:inst3|inst23 ; reg_final:inst28|inst23 ; CLOCK        ; LOAD_F      ; 0.500        ; 2.070      ; 2.283      ;
; 0.264 ; reg_contador:inst3|inst14 ; reg_final:inst28|inst14 ; CLOCK        ; LOAD_F      ; 0.500        ; 2.060      ; 2.271      ;
; 0.289 ; reg_contador:inst3|inst11 ; reg_final:inst28|inst11 ; CLOCK        ; LOAD_F      ; 0.500        ; 2.070      ; 2.256      ;
; 0.313 ; reg_contador:inst3|inst8  ; reg_final:inst28|inst8  ; CLOCK        ; LOAD_F      ; 0.500        ; 2.060      ; 2.222      ;
; 0.345 ; reg_contador:inst3|inst26 ; reg_final:inst28|inst26 ; CLOCK        ; LOAD_F      ; 0.500        ; 2.070      ; 2.200      ;
; 0.403 ; reg_contador:inst3|inst13 ; reg_final:inst28|inst13 ; CLOCK        ; LOAD_F      ; 0.500        ; 2.060      ; 2.132      ;
; 0.443 ; reg_contador:inst3|inst25 ; reg_final:inst28|inst25 ; CLOCK        ; LOAD_F      ; 0.500        ; 2.070      ; 2.102      ;
+-------+---------------------------+-------------------------+--------------+-------------+--------------+------------+------------+


+------------------------------------------------------------------------------------------------------------------------------------+
; Slow 1200mV 85C Model Hold: 'LOAD_F'                                                                                               ;
+--------+---------------------------+-------------------------+--------------+-------------+--------------+------------+------------+
; Slack  ; From Node                 ; To Node                 ; Launch Clock ; Latch Clock ; Relationship ; Clock Skew ; Data Delay ;
+--------+---------------------------+-------------------------+--------------+-------------+--------------+------------+------------+
; -0.157 ; reg_contador:inst3|inst25 ; reg_final:inst28|inst25 ; CLOCK        ; LOAD_F      ; -0.500       ; 2.340      ; 1.880      ;
; -0.100 ; reg_contador:inst3|inst26 ; reg_final:inst28|inst26 ; CLOCK        ; LOAD_F      ; -0.500       ; 2.340      ; 1.937      ;
; -0.056 ; reg_contador:inst3|inst8  ; reg_final:inst28|inst8  ; CLOCK        ; LOAD_F      ; -0.500       ; 2.329      ; 1.970      ;
; -0.054 ; reg_contador:inst3|inst11 ; reg_final:inst28|inst11 ; CLOCK        ; LOAD_F      ; -0.500       ; 2.340      ; 1.983      ;
; -0.042 ; reg_contador:inst3|inst14 ; reg_final:inst28|inst14 ; CLOCK        ; LOAD_F      ; -0.500       ; 2.330      ; 1.985      ;
; -0.041 ; reg_contador:inst3|inst13 ; reg_final:inst28|inst13 ; CLOCK        ; LOAD_F      ; -0.500       ; 2.330      ; 1.986      ;
; -0.013 ; reg_contador:inst3|inst10 ; reg_final:inst28|inst10 ; CLOCK        ; LOAD_F      ; -0.500       ; 2.329      ; 2.013      ;
; -0.010 ; reg_contador:inst3|inst28 ; reg_final:inst28|inst28 ; CLOCK        ; LOAD_F      ; -0.500       ; 2.344      ; 2.031      ;
; 0.014  ; reg_contador:inst3|inst24 ; reg_final:inst28|inst24 ; CLOCK        ; LOAD_F      ; -0.500       ; 2.329      ; 2.040      ;
; 0.028  ; reg_contador:inst3|inst23 ; reg_final:inst28|inst23 ; CLOCK        ; LOAD_F      ; -0.500       ; 2.340      ; 2.065      ;
; 0.043  ; reg_contador:inst3|inst27 ; reg_final:inst28|inst27 ; CLOCK        ; LOAD_F      ; -0.500       ; 2.340      ; 2.080      ;
; 0.077  ; reg_contador:inst3|inst12 ; reg_final:inst28|inst12 ; CLOCK        ; LOAD_F      ; -0.500       ; 2.340      ; 2.114      ;
+--------+---------------------------+-------------------------+--------------+-------------+--------------+------------+------------+


+-----------------------------------------------------------------------------------------------------------------------------------------------+
; Slow 1200mV 85C Model Hold: 'CLOCK'                                                                                                           ;
+--------+---------------------------+------------------------------------+--------------+-------------+--------------+------------+------------+
; Slack  ; From Node                 ; To Node                            ; Launch Clock ; Latch Clock ; Relationship ; Clock Skew ; Data Delay ;
+--------+---------------------------+------------------------------------+--------------+-------------+--------------+------------+------------+
; -0.058 ; LOAD_F                    ; reg_final:inst|inst23              ; LOAD_F       ; CLOCK       ; 0.000        ; 2.357      ; 2.496      ;
; -0.058 ; LOAD_F                    ; reg_final:inst|inst14              ; LOAD_F       ; CLOCK       ; 0.000        ; 2.357      ; 2.496      ;
; -0.058 ; LOAD_F                    ; reg_final:inst|inst13              ; LOAD_F       ; CLOCK       ; 0.000        ; 2.357      ; 2.496      ;
; -0.058 ; LOAD_F                    ; reg_final:inst|inst12              ; LOAD_F       ; CLOCK       ; 0.000        ; 2.357      ; 2.496      ;
; -0.058 ; LOAD_F                    ; reg_final:inst|inst11              ; LOAD_F       ; CLOCK       ; 0.000        ; 2.357      ; 2.496      ;
; -0.058 ; LOAD_F                    ; reg_final:inst|inst10              ; LOAD_F       ; CLOCK       ; 0.000        ; 2.357      ; 2.496      ;
; -0.058 ; LOAD_F                    ; reg_final:inst|inst8               ; LOAD_F       ; CLOCK       ; 0.000        ; 2.357      ; 2.496      ;
; -0.056 ; LOAD_F                    ; reg_final:inst|inst24              ; LOAD_F       ; CLOCK       ; 0.000        ; 2.346      ; 2.487      ;
; -0.019 ; LOAD_F                    ; reg_final:inst|inst28              ; LOAD_F       ; CLOCK       ; 0.000        ; 2.362      ; 2.540      ;
; 0.017  ; LOAD_F                    ; reg_final:inst|inst27              ; LOAD_F       ; CLOCK       ; 0.000        ; 2.356      ; 2.570      ;
; 0.017  ; LOAD_F                    ; reg_final:inst|inst26              ; LOAD_F       ; CLOCK       ; 0.000        ; 2.356      ; 2.570      ;
; 0.017  ; LOAD_F                    ; reg_final:inst|inst25              ; LOAD_F       ; CLOCK       ; 0.000        ; 2.356      ; 2.570      ;
; 0.355  ; reg_contador:inst3|inst28 ; reg_contador:inst3|inst28          ; CLOCK        ; CLOCK       ; 0.000        ; 0.065      ; 0.577      ;
; 0.355  ; reg_contador:inst3|inst27 ; reg_contador:inst3|inst27          ; CLOCK        ; CLOCK       ; 0.000        ; 0.065      ; 0.577      ;
; 0.355  ; reg_contador:inst3|inst26 ; reg_contador:inst3|inst26          ; CLOCK        ; CLOCK       ; 0.000        ; 0.065      ; 0.577      ;
; 0.355  ; reg_contador:inst3|inst25 ; reg_contador:inst3|inst25          ; CLOCK        ; CLOCK       ; 0.000        ; 0.065      ; 0.577      ;
; 0.355  ; reg_contador:inst3|inst24 ; reg_contador:inst3|inst24          ; CLOCK        ; CLOCK       ; 0.000        ; 0.065      ; 0.577      ;
; 0.355  ; reg_contador:inst3|inst23 ; reg_contador:inst3|inst23          ; CLOCK        ; CLOCK       ; 0.000        ; 0.065      ; 0.577      ;
; 0.355  ; reg_contador:inst3|inst14 ; reg_contador:inst3|inst14          ; CLOCK        ; CLOCK       ; 0.000        ; 0.065      ; 0.577      ;
; 0.355  ; reg_contador:inst3|inst13 ; reg_contador:inst3|inst13          ; CLOCK        ; CLOCK       ; 0.000        ; 0.065      ; 0.577      ;
; 0.355  ; reg_contador:inst3|inst12 ; reg_contador:inst3|inst12          ; CLOCK        ; CLOCK       ; 0.000        ; 0.065      ; 0.577      ;
; 0.355  ; reg_contador:inst3|inst11 ; reg_contador:inst3|inst11          ; CLOCK        ; CLOCK       ; 0.000        ; 0.065      ; 0.577      ;
; 0.355  ; reg_contador:inst3|inst10 ; reg_contador:inst3|inst10          ; CLOCK        ; CLOCK       ; 0.000        ; 0.065      ; 0.577      ;
; 0.355  ; reg_contador:inst3|inst8  ; reg_contador:inst3|inst8           ; CLOCK        ; CLOCK       ; 0.000        ; 0.065      ; 0.577      ;
; 0.579  ; LOAD_F                    ; reg_final:inst|inst23              ; LOAD_F       ; CLOCK       ; -0.500       ; 2.357      ; 2.633      ;
; 0.579  ; LOAD_F                    ; reg_final:inst|inst14              ; LOAD_F       ; CLOCK       ; -0.500       ; 2.357      ; 2.633      ;
; 0.579  ; LOAD_F                    ; reg_final:inst|inst13              ; LOAD_F       ; CLOCK       ; -0.500       ; 2.357      ; 2.633      ;
; 0.579  ; LOAD_F                    ; reg_final:inst|inst12              ; LOAD_F       ; CLOCK       ; -0.500       ; 2.357      ; 2.633      ;
; 0.579  ; LOAD_F                    ; reg_final:inst|inst11              ; LOAD_F       ; CLOCK       ; -0.500       ; 2.357      ; 2.633      ;
; 0.579  ; LOAD_F                    ; reg_final:inst|inst10              ; LOAD_F       ; CLOCK       ; -0.500       ; 2.357      ; 2.633      ;
; 0.579  ; LOAD_F                    ; reg_final:inst|inst8               ; LOAD_F       ; CLOCK       ; -0.500       ; 2.357      ; 2.633      ;
; 0.588  ; LOAD_F                    ; reg_final:inst|inst24              ; LOAD_F       ; CLOCK       ; -0.500       ; 2.346      ; 2.631      ;
; 0.590  ; reg_contador:inst3|inst27 ; reg_contador:inst3|inst28          ; CLOCK        ; CLOCK       ; 0.000        ; 0.065      ; 0.812      ;
; 0.593  ; reg_contador:inst3|inst12 ; reg_contador:inst3|inst13          ; CLOCK        ; CLOCK       ; 0.000        ; 0.065      ; 0.815      ;
; 0.594  ; reg_contador:inst3|inst13 ; detectorFlancoSubida:inst21|inst18 ; CLOCK        ; CLOCK       ; 0.000        ; 0.392      ; 1.143      ;
; 0.619  ; LOAD_F                    ; reg_final:inst|inst28              ; LOAD_F       ; CLOCK       ; -0.500       ; 2.362      ; 2.678      ;
; 0.657  ; reg_final:inst|inst13     ; detectorFlancoSubida:inst21|inst18 ; CLOCK        ; CLOCK       ; 0.000        ; 0.391      ; 1.205      ;
; 0.673  ; LOAD_F                    ; reg_final:inst|inst27              ; LOAD_F       ; CLOCK       ; -0.500       ; 2.356      ; 2.726      ;
; 0.673  ; LOAD_F                    ; reg_final:inst|inst26              ; LOAD_F       ; CLOCK       ; -0.500       ; 2.356      ; 2.726      ;
; 0.673  ; LOAD_F                    ; reg_final:inst|inst25              ; LOAD_F       ; CLOCK       ; -0.500       ; 2.356      ; 2.726      ;
; 0.710  ; reg_contador:inst3|inst26 ; reg_contador:inst3|inst27          ; CLOCK        ; CLOCK       ; 0.000        ; 0.065      ; 0.932      ;
; 0.733  ; reg_contador:inst3|inst24 ; reg_contador:inst3|inst25          ; CLOCK        ; CLOCK       ; 0.000        ; 0.065      ; 0.955      ;
; 0.806  ; reg_final:inst|inst23     ; detectorFlancoSubida:inst21|inst18 ; CLOCK        ; CLOCK       ; 0.000        ; 0.391      ; 1.354      ;
; 0.808  ; reg_final:inst|inst11     ; detectorFlancoSubida:inst21|inst18 ; CLOCK        ; CLOCK       ; 0.000        ; 0.391      ; 1.356      ;
; 0.840  ; reg_final:inst|inst10     ; detectorFlancoSubida:inst21|inst18 ; CLOCK        ; CLOCK       ; 0.000        ; 0.391      ; 1.388      ;
; 0.861  ; reg_contador:inst3|inst12 ; detectorFlancoSubida:inst21|inst18 ; CLOCK        ; CLOCK       ; 0.000        ; 0.392      ; 1.410      ;
; 0.890  ; reg_contador:inst3|inst23 ; reg_contador:inst3|inst24          ; CLOCK        ; CLOCK       ; 0.000        ; 0.065      ; 1.112      ;
; 0.892  ; reg_contador:inst3|inst24 ; reg_contador:inst3|inst28          ; CLOCK        ; CLOCK       ; 0.000        ; 0.065      ; 1.114      ;
; 0.893  ; reg_contador:inst3|inst24 ; reg_contador:inst3|inst27          ; CLOCK        ; CLOCK       ; 0.000        ; 0.065      ; 1.115      ;
; 0.894  ; reg_contador:inst3|inst24 ; reg_contador:inst3|inst26          ; CLOCK        ; CLOCK       ; 0.000        ; 0.065      ; 1.116      ;
; 0.920  ; reg_final:inst|inst12     ; detectorFlancoSubida:inst21|inst18 ; CLOCK        ; CLOCK       ; 0.000        ; 0.391      ; 1.468      ;
; 0.930  ; reg_contador:inst3|inst10 ; reg_contador:inst3|inst11          ; CLOCK        ; CLOCK       ; 0.000        ; 0.065      ; 1.152      ;
; 0.954  ; reg_contador:inst3|inst12 ; reg_contador:inst3|inst23          ; CLOCK        ; CLOCK       ; 0.000        ; 0.065      ; 1.176      ;
; 0.968  ; reg_contador:inst3|inst14 ; reg_contador:inst3|inst23          ; CLOCK        ; CLOCK       ; 0.000        ; 0.065      ; 1.190      ;
; 1.006  ; reg_inicial:inst2|inst26  ; reg_contador:inst3|inst26          ; CLOCK        ; CLOCK       ; 0.000        ; -0.275     ; 0.888      ;
; 1.020  ; reg_contador:inst3|inst8  ; reg_contador:inst3|inst10          ; CLOCK        ; CLOCK       ; 0.000        ; 0.065      ; 1.242      ;
; 1.020  ; reg_contador:inst3|inst8  ; detectorFlancoSubida:inst21|inst18 ; CLOCK        ; CLOCK       ; 0.000        ; 0.392      ; 1.569      ;
; 1.024  ; reg_final:inst|inst14     ; detectorFlancoSubida:inst21|inst18 ; CLOCK        ; CLOCK       ; 0.000        ; 0.391      ; 1.572      ;
; 1.026  ; reg_contador:inst3|inst23 ; reg_contador:inst3|inst25          ; CLOCK        ; CLOCK       ; 0.000        ; 0.065      ; 1.248      ;
; 1.060  ; reg_final:inst|inst8      ; detectorFlancoSubida:inst21|inst18 ; CLOCK        ; CLOCK       ; 0.000        ; 0.391      ; 1.608      ;
; 1.068  ; reg_contador:inst3|inst13 ; reg_contador:inst3|inst23          ; CLOCK        ; CLOCK       ; 0.000        ; 0.065      ; 1.290      ;
; 1.083  ; reg_contador:inst3|inst11 ; reg_contador:inst3|inst13          ; CLOCK        ; CLOCK       ; 0.000        ; 0.065      ; 1.305      ;
; 1.083  ; reg_contador:inst3|inst11 ; reg_contador:inst3|inst12          ; CLOCK        ; CLOCK       ; 0.000        ; 0.065      ; 1.305      ;
; 1.089  ; reg_final:inst|inst28     ; detectorFlancoSubida:inst21|inst18 ; CLOCK        ; CLOCK       ; 0.000        ; 0.387      ; 1.633      ;
; 1.122  ; reg_contador:inst3|inst23 ; detectorFlancoSubida:inst21|inst18 ; CLOCK        ; CLOCK       ; 0.000        ; 0.392      ; 1.671      ;
; 1.135  ; reg_contador:inst3|inst8  ; reg_contador:inst3|inst11          ; CLOCK        ; CLOCK       ; 0.000        ; 0.065      ; 1.357      ;
; 1.161  ; reg_contador:inst3|inst28 ; detectorFlancoSubida:inst21|inst18 ; CLOCK        ; CLOCK       ; 0.000        ; 0.392      ; 1.710      ;
; 1.168  ; reg_contador:inst3|inst26 ; reg_contador:inst3|inst28          ; CLOCK        ; CLOCK       ; 0.000        ; 0.065      ; 1.390      ;
; 1.168  ; reg_contador:inst3|inst14 ; detectorFlancoSubida:inst21|inst18 ; CLOCK        ; CLOCK       ; 0.000        ; 0.392      ; 1.717      ;
; 1.179  ; reg_inicial:inst2|inst25  ; reg_contador:inst3|inst25          ; CLOCK        ; CLOCK       ; 0.000        ; -0.275     ; 1.061      ;
; 1.182  ; reg_final:inst|inst27     ; detectorFlancoSubida:inst21|inst18 ; CLOCK        ; CLOCK       ; 0.000        ; 0.392      ; 1.731      ;
; 1.191  ; reg_contador:inst3|inst23 ; reg_contador:inst3|inst28          ; CLOCK        ; CLOCK       ; 0.000        ; 0.065      ; 1.413      ;
; 1.192  ; reg_contador:inst3|inst23 ; reg_contador:inst3|inst27          ; CLOCK        ; CLOCK       ; 0.000        ; 0.065      ; 1.414      ;
; 1.193  ; reg_contador:inst3|inst23 ; reg_contador:inst3|inst26          ; CLOCK        ; CLOCK       ; 0.000        ; 0.065      ; 1.415      ;
; 1.200  ; reg_inicial:inst2|inst27  ; reg_contador:inst3|inst27          ; CLOCK        ; CLOCK       ; 0.000        ; -0.275     ; 1.082      ;
; 1.202  ; reg_final:inst|inst25     ; detectorFlancoSubida:inst21|inst18 ; CLOCK        ; CLOCK       ; 0.000        ; 0.392      ; 1.751      ;
; 1.241  ; reg_inicial:inst2|inst24  ; reg_contador:inst3|inst24          ; CLOCK        ; CLOCK       ; 0.000        ; -0.265     ; 1.133      ;
; 1.241  ; reg_contador:inst3|inst25 ; reg_contador:inst3|inst28          ; CLOCK        ; CLOCK       ; 0.000        ; 0.065      ; 1.463      ;
; 1.242  ; reg_contador:inst3|inst25 ; reg_contador:inst3|inst27          ; CLOCK        ; CLOCK       ; 0.000        ; 0.065      ; 1.464      ;
; 1.243  ; reg_contador:inst3|inst25 ; reg_contador:inst3|inst26          ; CLOCK        ; CLOCK       ; 0.000        ; 0.065      ; 1.465      ;
; 1.248  ; reg_contador:inst3|inst27 ; detectorFlancoSubida:inst21|inst18 ; CLOCK        ; CLOCK       ; 0.000        ; 0.392      ; 1.797      ;
; 1.256  ; reg_contador:inst3|inst11 ; reg_contador:inst3|inst23          ; CLOCK        ; CLOCK       ; 0.000        ; 0.065      ; 1.478      ;
; 1.263  ; reg_contador:inst3|inst10 ; reg_contador:inst3|inst13          ; CLOCK        ; CLOCK       ; 0.000        ; 0.065      ; 1.485      ;
; 1.263  ; reg_contador:inst3|inst10 ; reg_contador:inst3|inst12          ; CLOCK        ; CLOCK       ; 0.000        ; 0.065      ; 1.485      ;
; 1.265  ; reg_inicial:inst2|inst11  ; reg_contador:inst3|inst11          ; CLOCK        ; CLOCK       ; 0.000        ; -0.266     ; 1.156      ;
; 1.266  ; reg_inicial:inst2|inst14  ; reg_contador:inst3|inst14          ; CLOCK        ; CLOCK       ; 0.000        ; -0.266     ; 1.157      ;
; 1.267  ; reg_contador:inst3|inst14 ; reg_contador:inst3|inst24          ; CLOCK        ; CLOCK       ; 0.000        ; 0.065      ; 1.489      ;
; 1.273  ; reg_contador:inst3|inst12 ; reg_contador:inst3|inst24          ; CLOCK        ; CLOCK       ; 0.000        ; 0.065      ; 1.495      ;
; 1.279  ; reg_inicial:inst2|inst12  ; reg_contador:inst3|inst12          ; CLOCK        ; CLOCK       ; 0.000        ; -0.266     ; 1.170      ;
; 1.284  ; reg_inicial:inst2|inst13  ; reg_contador:inst3|inst13          ; CLOCK        ; CLOCK       ; 0.000        ; -0.266     ; 1.175      ;
; 1.289  ; reg_final:inst|inst26     ; detectorFlancoSubida:inst21|inst18 ; CLOCK        ; CLOCK       ; 0.000        ; 0.392      ; 1.838      ;
; 1.301  ; reg_inicial:inst2|inst28  ; reg_contador:inst3|inst28          ; CLOCK        ; CLOCK       ; 0.000        ; -0.283     ; 1.175      ;
; 1.305  ; reg_contador:inst3|inst12 ; reg_contador:inst3|inst14          ; CLOCK        ; CLOCK       ; 0.000        ; 0.065      ; 1.527      ;
; 1.310  ; reg_inicial:inst2|inst23  ; reg_contador:inst3|inst23          ; CLOCK        ; CLOCK       ; 0.000        ; -0.266     ; 1.201      ;
; 1.313  ; reg_contador:inst3|inst11 ; detectorFlancoSubida:inst21|inst18 ; CLOCK        ; CLOCK       ; 0.000        ; 0.392      ; 1.862      ;
; 1.335  ; reg_contador:inst3|inst25 ; detectorFlancoSubida:inst21|inst18 ; CLOCK        ; CLOCK       ; 0.000        ; 0.392      ; 1.884      ;
; 1.363  ; reg_contador:inst3|inst10 ; detectorFlancoSubida:inst21|inst18 ; CLOCK        ; CLOCK       ; 0.000        ; 0.392      ; 1.912      ;
; 1.386  ; reg_contador:inst3|inst24 ; detectorFlancoSubida:inst21|inst18 ; CLOCK        ; CLOCK       ; 0.000        ; 0.392      ; 1.935      ;
; 1.387  ; reg_contador:inst3|inst13 ; reg_contador:inst3|inst24          ; CLOCK        ; CLOCK       ; 0.000        ; 0.065      ; 1.609      ;
; 1.403  ; reg_contador:inst3|inst14 ; reg_contador:inst3|inst25          ; CLOCK        ; CLOCK       ; 0.000        ; 0.065      ; 1.625      ;
+--------+---------------------------+------------------------------------+--------------+-------------+--------------+------------+------------+


+--------------------------------------------------------------------------------------------------------------------+
; Slow 1200mV 85C Model Minimum Pulse Width: 'CLOCK'                                                                 ;
+--------+--------------+----------------+-----------------+-------+------------+------------------------------------+
; Slack  ; Actual Width ; Required Width ; Type            ; Clock ; Clock Edge ; Target                             ;
+--------+--------------+----------------+-----------------+-------+------------+------------------------------------+
; -3.000 ; 1.000        ; 4.000          ; Port Rate       ; CLOCK ; Rise       ; CLOCK                              ;
; -1.000 ; 1.000        ; 2.000          ; Min Period      ; CLOCK ; Rise       ; detectorFlancoSubida:inst21|inst18 ;
; -1.000 ; 1.000        ; 2.000          ; Min Period      ; CLOCK ; Rise       ; reg_contador:inst3|inst10          ;
; -1.000 ; 1.000        ; 2.000          ; Min Period      ; CLOCK ; Rise       ; reg_contador:inst3|inst11          ;
; -1.000 ; 1.000        ; 2.000          ; Min Period      ; CLOCK ; Rise       ; reg_contador:inst3|inst12          ;
; -1.000 ; 1.000        ; 2.000          ; Min Period      ; CLOCK ; Rise       ; reg_contador:inst3|inst13          ;
; -1.000 ; 1.000        ; 2.000          ; Min Period      ; CLOCK ; Rise       ; reg_contador:inst3|inst14          ;
; -1.000 ; 1.000        ; 2.000          ; Min Period      ; CLOCK ; Rise       ; reg_contador:inst3|inst23          ;
; -1.000 ; 1.000        ; 2.000          ; Min Period      ; CLOCK ; Rise       ; reg_contador:inst3|inst24          ;
; -1.000 ; 1.000        ; 2.000          ; Min Period      ; CLOCK ; Rise       ; reg_contador:inst3|inst25          ;
; -1.000 ; 1.000        ; 2.000          ; Min Period      ; CLOCK ; Rise       ; reg_contador:inst3|inst26          ;
; -1.000 ; 1.000        ; 2.000          ; Min Period      ; CLOCK ; Rise       ; reg_contador:inst3|inst27          ;
; -1.000 ; 1.000        ; 2.000          ; Min Period      ; CLOCK ; Rise       ; reg_contador:inst3|inst28          ;
; -1.000 ; 1.000        ; 2.000          ; Min Period      ; CLOCK ; Rise       ; reg_contador:inst3|inst8           ;
; -1.000 ; 1.000        ; 2.000          ; Min Period      ; CLOCK ; Rise       ; reg_final:inst|inst10              ;
; -1.000 ; 1.000        ; 2.000          ; Min Period      ; CLOCK ; Rise       ; reg_final:inst|inst11              ;
; -1.000 ; 1.000        ; 2.000          ; Min Period      ; CLOCK ; Rise       ; reg_final:inst|inst12              ;
; -1.000 ; 1.000        ; 2.000          ; Min Period      ; CLOCK ; Rise       ; reg_final:inst|inst13              ;
; -1.000 ; 1.000        ; 2.000          ; Min Period      ; CLOCK ; Rise       ; reg_final:inst|inst14              ;
; -1.000 ; 1.000        ; 2.000          ; Min Period      ; CLOCK ; Rise       ; reg_final:inst|inst23              ;
; -1.000 ; 1.000        ; 2.000          ; Min Period      ; CLOCK ; Rise       ; reg_final:inst|inst24              ;
; -1.000 ; 1.000        ; 2.000          ; Min Period      ; CLOCK ; Rise       ; reg_final:inst|inst25              ;
; -1.000 ; 1.000        ; 2.000          ; Min Period      ; CLOCK ; Rise       ; reg_final:inst|inst26              ;
; -1.000 ; 1.000        ; 2.000          ; Min Period      ; CLOCK ; Rise       ; reg_final:inst|inst27              ;
; -1.000 ; 1.000        ; 2.000          ; Min Period      ; CLOCK ; Rise       ; reg_final:inst|inst28              ;
; -1.000 ; 1.000        ; 2.000          ; Min Period      ; CLOCK ; Rise       ; reg_final:inst|inst8               ;
; -1.000 ; 1.000        ; 2.000          ; Min Period      ; CLOCK ; Rise       ; reg_inicial:inst2|inst10           ;
; -1.000 ; 1.000        ; 2.000          ; Min Period      ; CLOCK ; Rise       ; reg_inicial:inst2|inst11           ;
; -1.000 ; 1.000        ; 2.000          ; Min Period      ; CLOCK ; Rise       ; reg_inicial:inst2|inst12           ;
; -1.000 ; 1.000        ; 2.000          ; Min Period      ; CLOCK ; Rise       ; reg_inicial:inst2|inst13           ;
; -1.000 ; 1.000        ; 2.000          ; Min Period      ; CLOCK ; Rise       ; reg_inicial:inst2|inst14           ;
; -1.000 ; 1.000        ; 2.000          ; Min Period      ; CLOCK ; Rise       ; reg_inicial:inst2|inst23           ;
; -1.000 ; 1.000        ; 2.000          ; Min Period      ; CLOCK ; Rise       ; reg_inicial:inst2|inst24           ;
; -1.000 ; 1.000        ; 2.000          ; Min Period      ; CLOCK ; Rise       ; reg_inicial:inst2|inst25           ;
; -1.000 ; 1.000        ; 2.000          ; Min Period      ; CLOCK ; Rise       ; reg_inicial:inst2|inst26           ;
; -1.000 ; 1.000        ; 2.000          ; Min Period      ; CLOCK ; Rise       ; reg_inicial:inst2|inst27           ;
; -1.000 ; 1.000        ; 2.000          ; Min Period      ; CLOCK ; Rise       ; reg_inicial:inst2|inst28           ;
; -1.000 ; 1.000        ; 2.000          ; Min Period      ; CLOCK ; Rise       ; reg_inicial:inst2|inst8            ;
; 0.176  ; 0.360        ; 0.184          ; Low Pulse Width ; CLOCK ; Rise       ; reg_inicial:inst2|inst25           ;
; 0.176  ; 0.360        ; 0.184          ; Low Pulse Width ; CLOCK ; Rise       ; reg_inicial:inst2|inst26           ;
; 0.176  ; 0.360        ; 0.184          ; Low Pulse Width ; CLOCK ; Rise       ; reg_inicial:inst2|inst27           ;
; 0.189  ; 0.373        ; 0.184          ; Low Pulse Width ; CLOCK ; Rise       ; reg_inicial:inst2|inst28           ;
; 0.190  ; 0.374        ; 0.184          ; Low Pulse Width ; CLOCK ; Rise       ; reg_inicial:inst2|inst10           ;
; 0.190  ; 0.374        ; 0.184          ; Low Pulse Width ; CLOCK ; Rise       ; reg_inicial:inst2|inst11           ;
; 0.190  ; 0.374        ; 0.184          ; Low Pulse Width ; CLOCK ; Rise       ; reg_inicial:inst2|inst12           ;
; 0.190  ; 0.374        ; 0.184          ; Low Pulse Width ; CLOCK ; Rise       ; reg_inicial:inst2|inst13           ;
; 0.190  ; 0.374        ; 0.184          ; Low Pulse Width ; CLOCK ; Rise       ; reg_inicial:inst2|inst14           ;
; 0.190  ; 0.374        ; 0.184          ; Low Pulse Width ; CLOCK ; Rise       ; reg_inicial:inst2|inst23           ;
; 0.190  ; 0.374        ; 0.184          ; Low Pulse Width ; CLOCK ; Rise       ; reg_inicial:inst2|inst24           ;
; 0.190  ; 0.374        ; 0.184          ; Low Pulse Width ; CLOCK ; Rise       ; reg_inicial:inst2|inst8            ;
; 0.200  ; 0.384        ; 0.184          ; Low Pulse Width ; CLOCK ; Rise       ; detectorFlancoSubida:inst21|inst18 ;
; 0.206  ; 0.390        ; 0.184          ; Low Pulse Width ; CLOCK ; Rise       ; reg_contador:inst3|inst11          ;
; 0.206  ; 0.390        ; 0.184          ; Low Pulse Width ; CLOCK ; Rise       ; reg_contador:inst3|inst12          ;
; 0.206  ; 0.390        ; 0.184          ; Low Pulse Width ; CLOCK ; Rise       ; reg_contador:inst3|inst13          ;
; 0.206  ; 0.390        ; 0.184          ; Low Pulse Width ; CLOCK ; Rise       ; reg_contador:inst3|inst14          ;
; 0.206  ; 0.390        ; 0.184          ; Low Pulse Width ; CLOCK ; Rise       ; reg_contador:inst3|inst25          ;
; 0.207  ; 0.391        ; 0.184          ; Low Pulse Width ; CLOCK ; Rise       ; reg_contador:inst3|inst10          ;
; 0.207  ; 0.391        ; 0.184          ; Low Pulse Width ; CLOCK ; Rise       ; reg_contador:inst3|inst23          ;
; 0.207  ; 0.391        ; 0.184          ; Low Pulse Width ; CLOCK ; Rise       ; reg_contador:inst3|inst24          ;
; 0.207  ; 0.391        ; 0.184          ; Low Pulse Width ; CLOCK ; Rise       ; reg_contador:inst3|inst26          ;
; 0.207  ; 0.391        ; 0.184          ; Low Pulse Width ; CLOCK ; Rise       ; reg_contador:inst3|inst27          ;
; 0.207  ; 0.391        ; 0.184          ; Low Pulse Width ; CLOCK ; Rise       ; reg_contador:inst3|inst28          ;
; 0.207  ; 0.391        ; 0.184          ; Low Pulse Width ; CLOCK ; Rise       ; reg_contador:inst3|inst8           ;
; 0.207  ; 0.391        ; 0.184          ; Low Pulse Width ; CLOCK ; Rise       ; reg_final:inst|inst10              ;
; 0.207  ; 0.391        ; 0.184          ; Low Pulse Width ; CLOCK ; Rise       ; reg_final:inst|inst11              ;
; 0.207  ; 0.391        ; 0.184          ; Low Pulse Width ; CLOCK ; Rise       ; reg_final:inst|inst12              ;
; 0.207  ; 0.391        ; 0.184          ; Low Pulse Width ; CLOCK ; Rise       ; reg_final:inst|inst13              ;
; 0.207  ; 0.391        ; 0.184          ; Low Pulse Width ; CLOCK ; Rise       ; reg_final:inst|inst14              ;
; 0.207  ; 0.391        ; 0.184          ; Low Pulse Width ; CLOCK ; Rise       ; reg_final:inst|inst23              ;
; 0.207  ; 0.391        ; 0.184          ; Low Pulse Width ; CLOCK ; Rise       ; reg_final:inst|inst25              ;
; 0.207  ; 0.391        ; 0.184          ; Low Pulse Width ; CLOCK ; Rise       ; reg_final:inst|inst26              ;
; 0.207  ; 0.391        ; 0.184          ; Low Pulse Width ; CLOCK ; Rise       ; reg_final:inst|inst27              ;
; 0.207  ; 0.391        ; 0.184          ; Low Pulse Width ; CLOCK ; Rise       ; reg_final:inst|inst28              ;
; 0.207  ; 0.391        ; 0.184          ; Low Pulse Width ; CLOCK ; Rise       ; reg_final:inst|inst8               ;
; 0.210  ; 0.394        ; 0.184          ; Low Pulse Width ; CLOCK ; Rise       ; reg_final:inst|inst24              ;
; 0.326  ; 0.326        ; 0.000          ; Low Pulse Width ; CLOCK ; Rise       ; CLOCK~input|o                      ;
; 0.337  ; 0.337        ; 0.000          ; Low Pulse Width ; CLOCK ; Rise       ; CLOCK~inputclkctrl|inclk[0]        ;
; 0.337  ; 0.337        ; 0.000          ; Low Pulse Width ; CLOCK ; Rise       ; CLOCK~inputclkctrl|outclk          ;
; 0.337  ; 0.337        ; 0.000          ; Low Pulse Width ; CLOCK ; Rise       ; inst2|inst25|clk                   ;
; 0.337  ; 0.337        ; 0.000          ; Low Pulse Width ; CLOCK ; Rise       ; inst2|inst26|clk                   ;
; 0.337  ; 0.337        ; 0.000          ; Low Pulse Width ; CLOCK ; Rise       ; inst2|inst27|clk                   ;
; 0.349  ; 0.349        ; 0.000          ; Low Pulse Width ; CLOCK ; Rise       ; inst2|inst28|clk                   ;
; 0.350  ; 0.350        ; 0.000          ; Low Pulse Width ; CLOCK ; Rise       ; inst2|inst10|clk                   ;
; 0.350  ; 0.350        ; 0.000          ; Low Pulse Width ; CLOCK ; Rise       ; inst2|inst11|clk                   ;
; 0.350  ; 0.350        ; 0.000          ; Low Pulse Width ; CLOCK ; Rise       ; inst2|inst12|clk                   ;
; 0.350  ; 0.350        ; 0.000          ; Low Pulse Width ; CLOCK ; Rise       ; inst2|inst13|clk                   ;
; 0.350  ; 0.350        ; 0.000          ; Low Pulse Width ; CLOCK ; Rise       ; inst2|inst14|clk                   ;
; 0.350  ; 0.350        ; 0.000          ; Low Pulse Width ; CLOCK ; Rise       ; inst2|inst23|clk                   ;
; 0.350  ; 0.350        ; 0.000          ; Low Pulse Width ; CLOCK ; Rise       ; inst2|inst24|clk                   ;
; 0.350  ; 0.350        ; 0.000          ; Low Pulse Width ; CLOCK ; Rise       ; inst2|inst8|clk                    ;
; 0.360  ; 0.360        ; 0.000          ; Low Pulse Width ; CLOCK ; Rise       ; inst21|inst18|clk                  ;
; 0.366  ; 0.366        ; 0.000          ; Low Pulse Width ; CLOCK ; Rise       ; inst3|inst11|clk                   ;
; 0.366  ; 0.366        ; 0.000          ; Low Pulse Width ; CLOCK ; Rise       ; inst3|inst12|clk                   ;
; 0.366  ; 0.366        ; 0.000          ; Low Pulse Width ; CLOCK ; Rise       ; inst3|inst13|clk                   ;
; 0.366  ; 0.366        ; 0.000          ; Low Pulse Width ; CLOCK ; Rise       ; inst3|inst14|clk                   ;
; 0.366  ; 0.366        ; 0.000          ; Low Pulse Width ; CLOCK ; Rise       ; inst3|inst25|clk                   ;
; 0.367  ; 0.367        ; 0.000          ; Low Pulse Width ; CLOCK ; Rise       ; inst3|inst10|clk                   ;
; 0.367  ; 0.367        ; 0.000          ; Low Pulse Width ; CLOCK ; Rise       ; inst3|inst23|clk                   ;
; 0.367  ; 0.367        ; 0.000          ; Low Pulse Width ; CLOCK ; Rise       ; inst3|inst24|clk                   ;
; 0.367  ; 0.367        ; 0.000          ; Low Pulse Width ; CLOCK ; Rise       ; inst3|inst26|clk                   ;
+--------+--------------+----------------+-----------------+-------+------------+------------------------------------+


+-----------------------------------------------------------------------------------------------------------+
; Slow 1200mV 85C Model Minimum Pulse Width: 'LOAD_F'                                                       ;
+--------+--------------+----------------+------------------+--------+------------+-------------------------+
; Slack  ; Actual Width ; Required Width ; Type             ; Clock  ; Clock Edge ; Target                  ;
+--------+--------------+----------------+------------------+--------+------------+-------------------------+
; -3.000 ; 1.000        ; 4.000          ; Port Rate        ; LOAD_F ; Rise       ; LOAD_F                  ;
; -1.000 ; 1.000        ; 2.000          ; Min Period       ; LOAD_F ; Fall       ; reg_final:inst28|inst10 ;
; -1.000 ; 1.000        ; 2.000          ; Min Period       ; LOAD_F ; Fall       ; reg_final:inst28|inst11 ;
; -1.000 ; 1.000        ; 2.000          ; Min Period       ; LOAD_F ; Fall       ; reg_final:inst28|inst12 ;
; -1.000 ; 1.000        ; 2.000          ; Min Period       ; LOAD_F ; Fall       ; reg_final:inst28|inst13 ;
; -1.000 ; 1.000        ; 2.000          ; Min Period       ; LOAD_F ; Fall       ; reg_final:inst28|inst14 ;
; -1.000 ; 1.000        ; 2.000          ; Min Period       ; LOAD_F ; Fall       ; reg_final:inst28|inst23 ;
; -1.000 ; 1.000        ; 2.000          ; Min Period       ; LOAD_F ; Fall       ; reg_final:inst28|inst24 ;
; -1.000 ; 1.000        ; 2.000          ; Min Period       ; LOAD_F ; Fall       ; reg_final:inst28|inst25 ;
; -1.000 ; 1.000        ; 2.000          ; Min Period       ; LOAD_F ; Fall       ; reg_final:inst28|inst26 ;
; -1.000 ; 1.000        ; 2.000          ; Min Period       ; LOAD_F ; Fall       ; reg_final:inst28|inst27 ;
; -1.000 ; 1.000        ; 2.000          ; Min Period       ; LOAD_F ; Fall       ; reg_final:inst28|inst28 ;
; -1.000 ; 1.000        ; 2.000          ; Min Period       ; LOAD_F ; Fall       ; reg_final:inst28|inst8  ;
; 0.009  ; 0.225        ; 0.216          ; High Pulse Width ; LOAD_F ; Fall       ; reg_final:inst28|inst10 ;
; 0.009  ; 0.225        ; 0.216          ; High Pulse Width ; LOAD_F ; Fall       ; reg_final:inst28|inst13 ;
; 0.009  ; 0.225        ; 0.216          ; High Pulse Width ; LOAD_F ; Fall       ; reg_final:inst28|inst14 ;
; 0.009  ; 0.225        ; 0.216          ; High Pulse Width ; LOAD_F ; Fall       ; reg_final:inst28|inst24 ;
; 0.009  ; 0.225        ; 0.216          ; High Pulse Width ; LOAD_F ; Fall       ; reg_final:inst28|inst8  ;
; 0.012  ; 0.228        ; 0.216          ; High Pulse Width ; LOAD_F ; Fall       ; reg_final:inst28|inst11 ;
; 0.012  ; 0.228        ; 0.216          ; High Pulse Width ; LOAD_F ; Fall       ; reg_final:inst28|inst12 ;
; 0.012  ; 0.228        ; 0.216          ; High Pulse Width ; LOAD_F ; Fall       ; reg_final:inst28|inst23 ;
; 0.012  ; 0.228        ; 0.216          ; High Pulse Width ; LOAD_F ; Fall       ; reg_final:inst28|inst25 ;
; 0.012  ; 0.228        ; 0.216          ; High Pulse Width ; LOAD_F ; Fall       ; reg_final:inst28|inst26 ;
; 0.012  ; 0.228        ; 0.216          ; High Pulse Width ; LOAD_F ; Fall       ; reg_final:inst28|inst27 ;
; 0.012  ; 0.228        ; 0.216          ; High Pulse Width ; LOAD_F ; Fall       ; reg_final:inst28|inst28 ;
; 0.247  ; 0.247        ; 0.000          ; High Pulse Width ; LOAD_F ; Fall       ; inst28|inst10|clk       ;
; 0.247  ; 0.247        ; 0.000          ; High Pulse Width ; LOAD_F ; Fall       ; inst28|inst13|clk       ;
; 0.247  ; 0.247        ; 0.000          ; High Pulse Width ; LOAD_F ; Fall       ; inst28|inst14|clk       ;
; 0.247  ; 0.247        ; 0.000          ; High Pulse Width ; LOAD_F ; Fall       ; inst28|inst24|clk       ;
; 0.247  ; 0.247        ; 0.000          ; High Pulse Width ; LOAD_F ; Fall       ; inst28|inst8|clk        ;
; 0.250  ; 0.250        ; 0.000          ; High Pulse Width ; LOAD_F ; Fall       ; inst28|inst11|clk       ;
; 0.250  ; 0.250        ; 0.000          ; High Pulse Width ; LOAD_F ; Fall       ; inst28|inst12|clk       ;
; 0.250  ; 0.250        ; 0.000          ; High Pulse Width ; LOAD_F ; Fall       ; inst28|inst23|clk       ;
; 0.250  ; 0.250        ; 0.000          ; High Pulse Width ; LOAD_F ; Fall       ; inst28|inst25|clk       ;
; 0.250  ; 0.250        ; 0.000          ; High Pulse Width ; LOAD_F ; Fall       ; inst28|inst26|clk       ;
; 0.250  ; 0.250        ; 0.000          ; High Pulse Width ; LOAD_F ; Fall       ; inst28|inst27|clk       ;
; 0.250  ; 0.250        ; 0.000          ; High Pulse Width ; LOAD_F ; Fall       ; inst28|inst28|clk       ;
; 0.275  ; 0.275        ; 0.000          ; High Pulse Width ; LOAD_F ; Fall       ; inst25~clkctrl|inclk[0] ;
; 0.275  ; 0.275        ; 0.000          ; High Pulse Width ; LOAD_F ; Fall       ; inst25~clkctrl|outclk   ;
; 0.281  ; 0.281        ; 0.000          ; High Pulse Width ; LOAD_F ; Fall       ; inst25|combout          ;
; 0.290  ; 0.290        ; 0.000          ; Low Pulse Width  ; LOAD_F ; Rise       ; inst25|datad            ;
; 0.327  ; 0.327        ; 0.000          ; Low Pulse Width  ; LOAD_F ; Rise       ; LOAD_F~input|o          ;
; 0.500  ; 0.500        ; 0.000          ; High Pulse Width ; LOAD_F ; Rise       ; LOAD_F~input|i          ;
; 0.500  ; 0.500        ; 0.000          ; Low Pulse Width  ; LOAD_F ; Rise       ; LOAD_F~input|i          ;
; 0.587  ; 0.771        ; 0.184          ; Low Pulse Width  ; LOAD_F ; Fall       ; reg_final:inst28|inst11 ;
; 0.587  ; 0.771        ; 0.184          ; Low Pulse Width  ; LOAD_F ; Fall       ; reg_final:inst28|inst12 ;
; 0.587  ; 0.771        ; 0.184          ; Low Pulse Width  ; LOAD_F ; Fall       ; reg_final:inst28|inst23 ;
; 0.587  ; 0.771        ; 0.184          ; Low Pulse Width  ; LOAD_F ; Fall       ; reg_final:inst28|inst25 ;
; 0.587  ; 0.771        ; 0.184          ; Low Pulse Width  ; LOAD_F ; Fall       ; reg_final:inst28|inst26 ;
; 0.587  ; 0.771        ; 0.184          ; Low Pulse Width  ; LOAD_F ; Fall       ; reg_final:inst28|inst27 ;
; 0.587  ; 0.771        ; 0.184          ; Low Pulse Width  ; LOAD_F ; Fall       ; reg_final:inst28|inst28 ;
; 0.589  ; 0.773        ; 0.184          ; Low Pulse Width  ; LOAD_F ; Fall       ; reg_final:inst28|inst13 ;
; 0.589  ; 0.773        ; 0.184          ; Low Pulse Width  ; LOAD_F ; Fall       ; reg_final:inst28|inst14 ;
; 0.590  ; 0.774        ; 0.184          ; Low Pulse Width  ; LOAD_F ; Fall       ; reg_final:inst28|inst10 ;
; 0.590  ; 0.774        ; 0.184          ; Low Pulse Width  ; LOAD_F ; Fall       ; reg_final:inst28|inst24 ;
; 0.590  ; 0.774        ; 0.184          ; Low Pulse Width  ; LOAD_F ; Fall       ; reg_final:inst28|inst8  ;
; 0.673  ; 0.673        ; 0.000          ; High Pulse Width ; LOAD_F ; Rise       ; LOAD_F~input|o          ;
; 0.708  ; 0.708        ; 0.000          ; High Pulse Width ; LOAD_F ; Rise       ; inst25|datad            ;
; 0.717  ; 0.717        ; 0.000          ; Low Pulse Width  ; LOAD_F ; Fall       ; inst25|combout          ;
; 0.723  ; 0.723        ; 0.000          ; Low Pulse Width  ; LOAD_F ; Fall       ; inst25~clkctrl|inclk[0] ;
; 0.723  ; 0.723        ; 0.000          ; Low Pulse Width  ; LOAD_F ; Fall       ; inst25~clkctrl|outclk   ;
; 0.747  ; 0.747        ; 0.000          ; Low Pulse Width  ; LOAD_F ; Fall       ; inst28|inst11|clk       ;
; 0.747  ; 0.747        ; 0.000          ; Low Pulse Width  ; LOAD_F ; Fall       ; inst28|inst12|clk       ;
; 0.747  ; 0.747        ; 0.000          ; Low Pulse Width  ; LOAD_F ; Fall       ; inst28|inst23|clk       ;
; 0.747  ; 0.747        ; 0.000          ; Low Pulse Width  ; LOAD_F ; Fall       ; inst28|inst25|clk       ;
; 0.747  ; 0.747        ; 0.000          ; Low Pulse Width  ; LOAD_F ; Fall       ; inst28|inst26|clk       ;
; 0.747  ; 0.747        ; 0.000          ; Low Pulse Width  ; LOAD_F ; Fall       ; inst28|inst27|clk       ;
; 0.747  ; 0.747        ; 0.000          ; Low Pulse Width  ; LOAD_F ; Fall       ; inst28|inst28|clk       ;
; 0.749  ; 0.749        ; 0.000          ; Low Pulse Width  ; LOAD_F ; Fall       ; inst28|inst13|clk       ;
; 0.749  ; 0.749        ; 0.000          ; Low Pulse Width  ; LOAD_F ; Fall       ; inst28|inst14|clk       ;
; 0.750  ; 0.750        ; 0.000          ; Low Pulse Width  ; LOAD_F ; Fall       ; inst28|inst10|clk       ;
; 0.750  ; 0.750        ; 0.000          ; Low Pulse Width  ; LOAD_F ; Fall       ; inst28|inst24|clk       ;
; 0.750  ; 0.750        ; 0.000          ; Low Pulse Width  ; LOAD_F ; Fall       ; inst28|inst8|clk        ;
+--------+--------------+----------------+------------------+--------+------------+-------------------------+


+-----------------------------------------------------------------------+
; Setup Times                                                           ;
+-----------+------------+-------+-------+------------+-----------------+
; Data Port ; Clock Port ; Rise  ; Fall  ; Clock Edge ; Clock Reference ;
+-----------+------------+-------+-------+------------+-----------------+
; LOAD_F    ; CLOCK      ; 0.265 ; 0.423 ; Rise       ; CLOCK           ;
; LOAD_I    ; CLOCK      ; 2.875 ; 3.275 ; Rise       ; CLOCK           ;
; UP_DOWN   ; CLOCK      ; 3.804 ; 4.328 ; Rise       ; CLOCK           ;
; b[*]      ; CLOCK      ; 3.861 ; 4.309 ; Rise       ; CLOCK           ;
;  b[0]     ; CLOCK      ; 3.861 ; 4.309 ; Rise       ; CLOCK           ;
;  b[1]     ; CLOCK      ; 3.527 ; 3.895 ; Rise       ; CLOCK           ;
;  b[2]     ; CLOCK      ; 3.190 ; 3.577 ; Rise       ; CLOCK           ;
+-----------+------------+-------+-------+------------+-----------------+


+-------------------------------------------------------------------------+
; Hold Times                                                              ;
+-----------+------------+--------+--------+------------+-----------------+
; Data Port ; Clock Port ; Rise   ; Fall   ; Clock Edge ; Clock Reference ;
+-----------+------------+--------+--------+------------+-----------------+
; LOAD_F    ; CLOCK      ; 0.018  ; -0.119 ; Rise       ; CLOCK           ;
; LOAD_I    ; CLOCK      ; -1.828 ; -2.224 ; Rise       ; CLOCK           ;
; UP_DOWN   ; CLOCK      ; -1.190 ; -1.624 ; Rise       ; CLOCK           ;
; b[*]      ; CLOCK      ; -1.332 ; -1.760 ; Rise       ; CLOCK           ;
;  b[0]     ; CLOCK      ; -1.553 ; -1.984 ; Rise       ; CLOCK           ;
;  b[1]     ; CLOCK      ; -1.332 ; -1.762 ; Rise       ; CLOCK           ;
;  b[2]     ; CLOCK      ; -1.348 ; -1.760 ; Rise       ; CLOCK           ;
+-----------+------------+--------+--------+------------+-----------------+


+-------------------------------------------------------------------------+
; Clock to Output Times                                                   ;
+-----------+------------+--------+--------+------------+-----------------+
; Data Port ; Clock Port ; Rise   ; Fall   ; Clock Edge ; Clock Reference ;
+-----------+------------+--------+--------+------------+-----------------+
; ERROR     ; CLOCK      ; 12.013 ; 11.961 ; Rise       ; CLOCK           ;
; FIN       ; CLOCK      ; 8.016  ; 8.010  ; Rise       ; CLOCK           ;
; DATA[*]   ; LOAD_F     ; 9.088  ; 9.086  ; Fall       ; LOAD_F          ;
;  DATA[0]  ; LOAD_F     ; 8.125  ; 8.065  ; Fall       ; LOAD_F          ;
;  DATA[1]  ; LOAD_F     ; 8.660  ; 8.617  ; Fall       ; LOAD_F          ;
;  DATA[2]  ; LOAD_F     ; 8.346  ; 8.295  ; Fall       ; LOAD_F          ;
;  DATA[3]  ; LOAD_F     ; 8.377  ; 8.333  ; Fall       ; LOAD_F          ;
;  DATA[4]  ; LOAD_F     ; 8.246  ; 8.170  ; Fall       ; LOAD_F          ;
;  DATA[5]  ; LOAD_F     ; 8.223  ; 8.191  ; Fall       ; LOAD_F          ;
;  DATA[6]  ; LOAD_F     ; 9.088  ; 9.086  ; Fall       ; LOAD_F          ;
;  DATA[7]  ; LOAD_F     ; 8.403  ; 8.347  ; Fall       ; LOAD_F          ;
;  DATA[8]  ; LOAD_F     ; 8.415  ; 8.359  ; Fall       ; LOAD_F          ;
;  DATA[9]  ; LOAD_F     ; 8.332  ; 8.262  ; Fall       ; LOAD_F          ;
;  DATA[10] ; LOAD_F     ; 8.533  ; 8.483  ; Fall       ; LOAD_F          ;
;  DATA[11] ; LOAD_F     ; 8.309  ; 8.248  ; Fall       ; LOAD_F          ;
+-----------+------------+--------+--------+------------+-----------------+


+-----------------------------------------------------------------------+
; Minimum Clock to Output Times                                         ;
+-----------+------------+-------+-------+------------+-----------------+
; Data Port ; Clock Port ; Rise  ; Fall  ; Clock Edge ; Clock Reference ;
+-----------+------------+-------+-------+------------+-----------------+
; ERROR     ; CLOCK      ; 7.381 ; 7.326 ; Rise       ; CLOCK           ;
; FIN       ; CLOCK      ; 6.502 ; 6.371 ; Rise       ; CLOCK           ;
; DATA[*]   ; LOAD_F     ; 7.852 ; 7.791 ; Fall       ; LOAD_F          ;
;  DATA[0]  ; LOAD_F     ; 7.852 ; 7.791 ; Fall       ; LOAD_F          ;
;  DATA[1]  ; LOAD_F     ; 8.363 ; 8.318 ; Fall       ; LOAD_F          ;
;  DATA[2]  ; LOAD_F     ; 8.060 ; 8.008 ; Fall       ; LOAD_F          ;
;  DATA[3]  ; LOAD_F     ; 8.090 ; 8.044 ; Fall       ; LOAD_F          ;
;  DATA[4]  ; LOAD_F     ; 7.957 ; 7.880 ; Fall       ; LOAD_F          ;
;  DATA[5]  ; LOAD_F     ; 7.942 ; 7.908 ; Fall       ; LOAD_F          ;
;  DATA[6]  ; LOAD_F     ; 8.799 ; 8.796 ; Fall       ; LOAD_F          ;
;  DATA[7]  ; LOAD_F     ; 8.119 ; 8.061 ; Fall       ; LOAD_F          ;
;  DATA[8]  ; LOAD_F     ; 8.126 ; 8.068 ; Fall       ; LOAD_F          ;
;  DATA[9]  ; LOAD_F     ; 8.050 ; 7.978 ; Fall       ; LOAD_F          ;
;  DATA[10] ; LOAD_F     ; 8.244 ; 8.191 ; Fall       ; LOAD_F          ;
;  DATA[11] ; LOAD_F     ; 8.026 ; 7.964 ; Fall       ; LOAD_F          ;
+-----------+------------+-------+-------+------------+-----------------+


+----------------------------------------------------------+
; Propagation Delay                                        ;
+------------+-------------+-------+-------+-------+-------+
; Input Port ; Output Port ; RR    ; RF    ; FR    ; FF    ;
+------------+-------------+-------+-------+-------+-------+
; UP_DOWN    ; ERROR       ; 7.965 ; 7.905 ; 8.374 ; 8.349 ;
; b[0]       ; PAUSA       ;       ; 7.564 ; 8.092 ;       ;
; b[1]       ; PAUSA       ;       ; 7.406 ; 7.911 ;       ;
; b[2]       ; PAUSA       ;       ; 7.282 ; 7.798 ;       ;
+------------+-------------+-------+-------+-------+-------+


+----------------------------------------------------------+
; Minimum Propagation Delay                                ;
+------------+-------------+-------+-------+-------+-------+
; Input Port ; Output Port ; RR    ; RF    ; FR    ; FF    ;
+------------+-------------+-------+-------+-------+-------+
; UP_DOWN    ; ERROR       ; 7.728 ; 7.671 ; 8.127 ; 8.100 ;
; b[0]       ; PAUSA       ;       ; 7.296 ; 7.794 ;       ;
; b[1]       ; PAUSA       ;       ; 7.157 ; 7.651 ;       ;
; b[2]       ; PAUSA       ;       ; 7.036 ; 7.542 ;       ;
+------------+-------------+-------+-------+-------+-------+


----------------------------------------------
; Slow 1200mV 85C Model Metastability Report ;
----------------------------------------------
No synchronizer chains to report.


+-----------------------------------------------------------------------------------------------------------+
; Slow 1200mV 0C Model Fmax Summary                                                                         ;
+------------+-----------------+------------+---------------------------------------------------------------+
; Fmax       ; Restricted Fmax ; Clock Name ; Note                                                          ;
+------------+-----------------+------------+---------------------------------------------------------------+
; 406.01 MHz ; 250.0 MHz       ; CLOCK      ; limit due to minimum period restriction (max I/O toggle rate) ;
+------------+-----------------+------------+---------------------------------------------------------------+
This panel reports FMAX for every clock in the design, regardless of the user-specified clock periods.  FMAX is only computed for paths where the source and destination registers or ports are driven by the same clock.  Paths of different clocks, including generated clocks, are ignored.  For paths between a clock and its inversion, FMAX is computed as if the rising and falling edges are scaled along with FMAX, such that the duty cycle (in terms of a percentage) is maintained. Altera recommends that you always use clock constraints and other slack reports for sign-off analysis.


+------------------------------------+
; Slow 1200mV 0C Model Setup Summary ;
+--------+--------+------------------+
; Clock  ; Slack  ; End Point TNS    ;
+--------+--------+------------------+
; CLOCK  ; -2.633 ; -68.470          ;
; LOAD_F ; 0.239  ; 0.000            ;
+--------+--------+------------------+


+-----------------------------------+
; Slow 1200mV 0C Model Hold Summary ;
+--------+--------+-----------------+
; Clock  ; Slack  ; End Point TNS   ;
+--------+--------+-----------------+
; LOAD_F ; -0.079 ; -0.094          ;
; CLOCK  ; -0.023 ; -0.179          ;
+--------+--------+-----------------+


-----------------------------------------
; Slow 1200mV 0C Model Recovery Summary ;
-----------------------------------------
No paths to report.


----------------------------------------
; Slow 1200mV 0C Model Removal Summary ;
----------------------------------------
No paths to report.


+--------------------------------------------------+
; Slow 1200mV 0C Model Minimum Pulse Width Summary ;
+--------+--------+--------------------------------+
; Clock  ; Slack  ; End Point TNS                  ;
+--------+--------+--------------------------------+
; CLOCK  ; -3.000 ; -40.000                        ;
; LOAD_F ; -3.000 ; -15.000                        ;
+--------+--------+--------------------------------+


+-----------------------------------------------------------------------------------------------------------------------------------------------+
; Slow 1200mV 0C Model Setup: 'CLOCK'                                                                                                           ;
+--------+---------------------------+------------------------------------+--------------+-------------+--------------+------------+------------+
; Slack  ; From Node                 ; To Node                            ; Launch Clock ; Latch Clock ; Relationship ; Clock Skew ; Data Delay ;
+--------+---------------------------+------------------------------------+--------------+-------------+--------------+------------+------------+
; -2.633 ; reg_final:inst28|inst23   ; reg_final:inst|inst23              ; LOAD_F       ; CLOCK       ; 0.500        ; -2.105     ; 1.003      ;
; -2.623 ; reg_final:inst28|inst8    ; reg_final:inst|inst8               ; LOAD_F       ; CLOCK       ; 0.500        ; -2.095     ; 1.003      ;
; -2.616 ; reg_final:inst28|inst13   ; reg_final:inst|inst13              ; LOAD_F       ; CLOCK       ; 0.500        ; -2.095     ; 0.996      ;
; -2.532 ; reg_final:inst28|inst27   ; reg_final:inst|inst27              ; LOAD_F       ; CLOCK       ; 0.500        ; -2.106     ; 0.901      ;
; -2.530 ; reg_final:inst28|inst26   ; reg_final:inst|inst26              ; LOAD_F       ; CLOCK       ; 0.500        ; -2.106     ; 0.899      ;
; -2.529 ; reg_final:inst28|inst11   ; reg_final:inst|inst11              ; LOAD_F       ; CLOCK       ; 0.500        ; -2.105     ; 0.899      ;
; -2.528 ; reg_final:inst28|inst25   ; reg_final:inst|inst25              ; LOAD_F       ; CLOCK       ; 0.500        ; -2.106     ; 0.897      ;
; -2.523 ; reg_final:inst28|inst10   ; reg_final:inst|inst10              ; LOAD_F       ; CLOCK       ; 0.500        ; -2.095     ; 0.903      ;
; -2.403 ; reg_final:inst28|inst28   ; reg_final:inst|inst28              ; LOAD_F       ; CLOCK       ; 0.500        ; -2.105     ; 0.773      ;
; -2.371 ; reg_final:inst28|inst14   ; reg_final:inst|inst14              ; LOAD_F       ; CLOCK       ; 0.500        ; -2.095     ; 0.751      ;
; -2.364 ; reg_final:inst28|inst12   ; reg_final:inst|inst12              ; LOAD_F       ; CLOCK       ; 0.500        ; -2.105     ; 0.734      ;
; -2.330 ; reg_final:inst28|inst11   ; reg_inicial:inst2|inst11           ; LOAD_F       ; CLOCK       ; 0.500        ; -1.803     ; 1.002      ;
; -2.285 ; reg_final:inst28|inst12   ; reg_inicial:inst2|inst12           ; LOAD_F       ; CLOCK       ; 0.500        ; -1.802     ; 0.958      ;
; -2.274 ; reg_final:inst28|inst24   ; reg_final:inst|inst24              ; LOAD_F       ; CLOCK       ; 0.500        ; -2.105     ; 0.644      ;
; -2.226 ; reg_final:inst28|inst25   ; reg_inicial:inst2|inst25           ; LOAD_F       ; CLOCK       ; 0.500        ; -1.793     ; 0.908      ;
; -2.226 ; reg_final:inst28|inst26   ; reg_inicial:inst2|inst26           ; LOAD_F       ; CLOCK       ; 0.500        ; -1.793     ; 0.908      ;
; -2.219 ; reg_final:inst28|inst23   ; reg_inicial:inst2|inst23           ; LOAD_F       ; CLOCK       ; 0.500        ; -1.803     ; 0.891      ;
; -2.215 ; reg_final:inst28|inst27   ; reg_inicial:inst2|inst27           ; LOAD_F       ; CLOCK       ; 0.500        ; -1.793     ; 0.897      ;
; -2.089 ; reg_final:inst28|inst28   ; reg_inicial:inst2|inst28           ; LOAD_F       ; CLOCK       ; 0.500        ; -1.792     ; 0.772      ;
; -2.085 ; reg_final:inst28|inst13   ; reg_inicial:inst2|inst13           ; LOAD_F       ; CLOCK       ; 0.500        ; -1.792     ; 0.768      ;
; -2.072 ; reg_final:inst28|inst24   ; reg_inicial:inst2|inst24           ; LOAD_F       ; CLOCK       ; 0.500        ; -1.793     ; 0.754      ;
; -1.962 ; reg_final:inst28|inst14   ; reg_inicial:inst2|inst14           ; LOAD_F       ; CLOCK       ; 0.500        ; -1.792     ; 0.645      ;
; -1.961 ; reg_final:inst28|inst8    ; reg_inicial:inst2|inst8            ; LOAD_F       ; CLOCK       ; 0.500        ; -1.793     ; 0.643      ;
; -1.960 ; reg_final:inst28|inst10   ; reg_inicial:inst2|inst10           ; LOAD_F       ; CLOCK       ; 0.500        ; -1.793     ; 0.642      ;
; -1.463 ; reg_contador:inst3|inst8  ; reg_contador:inst3|inst26          ; CLOCK        ; CLOCK       ; 1.000        ; -0.058     ; 2.400      ;
; -1.461 ; reg_contador:inst3|inst8  ; reg_contador:inst3|inst28          ; CLOCK        ; CLOCK       ; 1.000        ; -0.058     ; 2.398      ;
; -1.461 ; reg_contador:inst3|inst8  ; reg_contador:inst3|inst27          ; CLOCK        ; CLOCK       ; 1.000        ; -0.058     ; 2.398      ;
; -1.296 ; reg_contador:inst3|inst10 ; reg_contador:inst3|inst26          ; CLOCK        ; CLOCK       ; 1.000        ; -0.058     ; 2.233      ;
; -1.294 ; reg_contador:inst3|inst10 ; reg_contador:inst3|inst28          ; CLOCK        ; CLOCK       ; 1.000        ; -0.058     ; 2.231      ;
; -1.294 ; reg_contador:inst3|inst10 ; reg_contador:inst3|inst27          ; CLOCK        ; CLOCK       ; 1.000        ; -0.058     ; 2.231      ;
; -1.290 ; reg_contador:inst3|inst8  ; reg_contador:inst3|inst25          ; CLOCK        ; CLOCK       ; 1.000        ; -0.057     ; 2.228      ;
; -1.178 ; reg_contador:inst3|inst8  ; reg_contador:inst3|inst14          ; CLOCK        ; CLOCK       ; 1.000        ; -0.057     ; 2.116      ;
; -1.175 ; reg_contador:inst3|inst8  ; reg_contador:inst3|inst24          ; CLOCK        ; CLOCK       ; 1.000        ; -0.058     ; 2.112      ;
; -1.123 ; reg_contador:inst3|inst10 ; reg_contador:inst3|inst25          ; CLOCK        ; CLOCK       ; 1.000        ; -0.057     ; 2.061      ;
; -1.121 ; reg_contador:inst3|inst11 ; reg_contador:inst3|inst26          ; CLOCK        ; CLOCK       ; 1.000        ; -0.058     ; 2.058      ;
; -1.119 ; reg_contador:inst3|inst11 ; reg_contador:inst3|inst28          ; CLOCK        ; CLOCK       ; 1.000        ; -0.058     ; 2.056      ;
; -1.119 ; reg_contador:inst3|inst11 ; reg_contador:inst3|inst27          ; CLOCK        ; CLOCK       ; 1.000        ; -0.058     ; 2.056      ;
; -1.011 ; reg_contador:inst3|inst10 ; reg_contador:inst3|inst14          ; CLOCK        ; CLOCK       ; 1.000        ; -0.057     ; 1.949      ;
; -1.008 ; reg_contador:inst3|inst10 ; reg_contador:inst3|inst24          ; CLOCK        ; CLOCK       ; 1.000        ; -0.058     ; 1.945      ;
; -0.994 ; reg_contador:inst3|inst13 ; reg_contador:inst3|inst26          ; CLOCK        ; CLOCK       ; 1.000        ; -0.058     ; 1.931      ;
; -0.992 ; reg_contador:inst3|inst13 ; reg_contador:inst3|inst28          ; CLOCK        ; CLOCK       ; 1.000        ; -0.058     ; 1.929      ;
; -0.992 ; reg_contador:inst3|inst13 ; reg_contador:inst3|inst27          ; CLOCK        ; CLOCK       ; 1.000        ; -0.058     ; 1.929      ;
; -0.948 ; reg_contador:inst3|inst11 ; reg_contador:inst3|inst25          ; CLOCK        ; CLOCK       ; 1.000        ; -0.057     ; 1.886      ;
; -0.874 ; reg_contador:inst3|inst8  ; reg_contador:inst3|inst23          ; CLOCK        ; CLOCK       ; 1.000        ; -0.058     ; 1.811      ;
; -0.856 ; reg_contador:inst3|inst14 ; reg_contador:inst3|inst26          ; CLOCK        ; CLOCK       ; 1.000        ; -0.058     ; 1.793      ;
; -0.854 ; reg_contador:inst3|inst14 ; reg_contador:inst3|inst28          ; CLOCK        ; CLOCK       ; 1.000        ; -0.058     ; 1.791      ;
; -0.854 ; reg_contador:inst3|inst14 ; reg_contador:inst3|inst27          ; CLOCK        ; CLOCK       ; 1.000        ; -0.058     ; 1.791      ;
; -0.838 ; reg_contador:inst3|inst12 ; reg_contador:inst3|inst26          ; CLOCK        ; CLOCK       ; 1.000        ; -0.058     ; 1.775      ;
; -0.836 ; reg_contador:inst3|inst12 ; reg_contador:inst3|inst28          ; CLOCK        ; CLOCK       ; 1.000        ; -0.058     ; 1.773      ;
; -0.836 ; reg_contador:inst3|inst12 ; reg_contador:inst3|inst27          ; CLOCK        ; CLOCK       ; 1.000        ; -0.058     ; 1.773      ;
; -0.836 ; reg_contador:inst3|inst11 ; reg_contador:inst3|inst14          ; CLOCK        ; CLOCK       ; 1.000        ; -0.057     ; 1.774      ;
; -0.833 ; reg_contador:inst3|inst11 ; reg_contador:inst3|inst24          ; CLOCK        ; CLOCK       ; 1.000        ; -0.058     ; 1.770      ;
; -0.821 ; reg_contador:inst3|inst13 ; reg_contador:inst3|inst25          ; CLOCK        ; CLOCK       ; 1.000        ; -0.057     ; 1.759      ;
; -0.768 ; reg_contador:inst3|inst26 ; detectorFlancoSubida:inst21|inst18 ; CLOCK        ; CLOCK       ; 1.000        ; 0.229      ; 1.992      ;
; -0.747 ; reg_final:inst|inst24     ; detectorFlancoSubida:inst21|inst18 ; CLOCK        ; CLOCK       ; 1.000        ; 0.239      ; 1.981      ;
; -0.742 ; reg_contador:inst3|inst27 ; reg_contador:inst3|inst28          ; CLOCK        ; CLOCK       ; 1.000        ; -0.058     ; 1.679      ;
; -0.709 ; reg_contador:inst3|inst13 ; reg_contador:inst3|inst14          ; CLOCK        ; CLOCK       ; 1.000        ; -0.057     ; 1.647      ;
; -0.707 ; reg_contador:inst3|inst10 ; reg_contador:inst3|inst23          ; CLOCK        ; CLOCK       ; 1.000        ; -0.058     ; 1.644      ;
; -0.706 ; reg_contador:inst3|inst13 ; reg_contador:inst3|inst24          ; CLOCK        ; CLOCK       ; 1.000        ; -0.058     ; 1.643      ;
; -0.704 ; reg_contador:inst3|inst10 ; detectorFlancoSubida:inst21|inst18 ; CLOCK        ; CLOCK       ; 1.000        ; 0.229      ; 1.928      ;
; -0.700 ; reg_contador:inst3|inst8  ; reg_contador:inst3|inst13          ; CLOCK        ; CLOCK       ; 1.000        ; -0.057     ; 1.638      ;
; -0.700 ; reg_contador:inst3|inst8  ; reg_contador:inst3|inst12          ; CLOCK        ; CLOCK       ; 1.000        ; -0.057     ; 1.638      ;
; -0.699 ; reg_inicial:inst2|inst10  ; reg_contador:inst3|inst10          ; CLOCK        ; CLOCK       ; 1.000        ; -0.373     ; 1.321      ;
; -0.683 ; reg_contador:inst3|inst14 ; reg_contador:inst3|inst25          ; CLOCK        ; CLOCK       ; 1.000        ; -0.057     ; 1.621      ;
; -0.665 ; reg_contador:inst3|inst12 ; reg_contador:inst3|inst25          ; CLOCK        ; CLOCK       ; 1.000        ; -0.057     ; 1.603      ;
; -0.653 ; reg_inicial:inst2|inst8   ; reg_contador:inst3|inst8           ; CLOCK        ; CLOCK       ; 1.000        ; -0.373     ; 1.275      ;
; -0.651 ; reg_contador:inst3|inst24 ; detectorFlancoSubida:inst21|inst18 ; CLOCK        ; CLOCK       ; 1.000        ; 0.229      ; 1.875      ;
; -0.651 ; reg_contador:inst3|inst11 ; detectorFlancoSubida:inst21|inst18 ; CLOCK        ; CLOCK       ; 1.000        ; 0.229      ; 1.875      ;
; -0.641 ; reg_final:inst|inst26     ; detectorFlancoSubida:inst21|inst18 ; CLOCK        ; CLOCK       ; 1.000        ; 0.230      ; 1.866      ;
; -0.622 ; reg_contador:inst3|inst25 ; detectorFlancoSubida:inst21|inst18 ; CLOCK        ; CLOCK       ; 1.000        ; 0.229      ; 1.846      ;
; -0.568 ; reg_contador:inst3|inst14 ; reg_contador:inst3|inst24          ; CLOCK        ; CLOCK       ; 1.000        ; -0.058     ; 1.505      ;
; -0.568 ; reg_final:inst|inst25     ; detectorFlancoSubida:inst21|inst18 ; CLOCK        ; CLOCK       ; 1.000        ; 0.230      ; 1.793      ;
; -0.553 ; reg_contador:inst3|inst12 ; reg_contador:inst3|inst14          ; CLOCK        ; CLOCK       ; 1.000        ; -0.057     ; 1.491      ;
; -0.550 ; reg_contador:inst3|inst12 ; reg_contador:inst3|inst24          ; CLOCK        ; CLOCK       ; 1.000        ; -0.058     ; 1.487      ;
; -0.549 ; reg_inicial:inst2|inst23  ; reg_contador:inst3|inst23          ; CLOCK        ; CLOCK       ; 1.000        ; -0.373     ; 1.171      ;
; -0.549 ; reg_contador:inst3|inst14 ; detectorFlancoSubida:inst21|inst18 ; CLOCK        ; CLOCK       ; 1.000        ; 0.229      ; 1.773      ;
; -0.549 ; reg_contador:inst3|inst27 ; detectorFlancoSubida:inst21|inst18 ; CLOCK        ; CLOCK       ; 1.000        ; 0.229      ; 1.773      ;
; -0.541 ; reg_inicial:inst2|inst28  ; reg_contador:inst3|inst28          ; CLOCK        ; CLOCK       ; 1.000        ; -0.388     ; 1.148      ;
; -0.541 ; reg_contador:inst3|inst25 ; reg_contador:inst3|inst26          ; CLOCK        ; CLOCK       ; 1.000        ; -0.058     ; 1.478      ;
; -0.539 ; reg_contador:inst3|inst25 ; reg_contador:inst3|inst28          ; CLOCK        ; CLOCK       ; 1.000        ; -0.058     ; 1.476      ;
; -0.539 ; reg_contador:inst3|inst25 ; reg_contador:inst3|inst27          ; CLOCK        ; CLOCK       ; 1.000        ; -0.058     ; 1.476      ;
; -0.537 ; reg_final:inst|inst27     ; detectorFlancoSubida:inst21|inst18 ; CLOCK        ; CLOCK       ; 1.000        ; 0.230      ; 1.762      ;
; -0.533 ; reg_contador:inst3|inst10 ; reg_contador:inst3|inst13          ; CLOCK        ; CLOCK       ; 1.000        ; -0.057     ; 1.471      ;
; -0.533 ; reg_contador:inst3|inst10 ; reg_contador:inst3|inst12          ; CLOCK        ; CLOCK       ; 1.000        ; -0.057     ; 1.471      ;
; -0.532 ; reg_contador:inst3|inst11 ; reg_contador:inst3|inst23          ; CLOCK        ; CLOCK       ; 1.000        ; -0.058     ; 1.469      ;
; -0.528 ; reg_inicial:inst2|inst13  ; reg_contador:inst3|inst13          ; CLOCK        ; CLOCK       ; 1.000        ; -0.373     ; 1.150      ;
; -0.521 ; reg_inicial:inst2|inst12  ; reg_contador:inst3|inst12          ; CLOCK        ; CLOCK       ; 1.000        ; -0.373     ; 1.143      ;
; -0.516 ; reg_contador:inst3|inst26 ; reg_contador:inst3|inst28          ; CLOCK        ; CLOCK       ; 1.000        ; -0.058     ; 1.453      ;
; -0.514 ; reg_inicial:inst2|inst14  ; reg_contador:inst3|inst14          ; CLOCK        ; CLOCK       ; 1.000        ; -0.373     ; 1.136      ;
; -0.508 ; reg_contador:inst3|inst28 ; detectorFlancoSubida:inst21|inst18 ; CLOCK        ; CLOCK       ; 1.000        ; 0.229      ; 1.732      ;
; -0.505 ; reg_contador:inst3|inst23 ; reg_contador:inst3|inst26          ; CLOCK        ; CLOCK       ; 1.000        ; -0.058     ; 1.442      ;
; -0.503 ; reg_contador:inst3|inst23 ; reg_contador:inst3|inst28          ; CLOCK        ; CLOCK       ; 1.000        ; -0.058     ; 1.440      ;
; -0.503 ; reg_contador:inst3|inst23 ; reg_contador:inst3|inst27          ; CLOCK        ; CLOCK       ; 1.000        ; -0.058     ; 1.440      ;
; -0.492 ; reg_inicial:inst2|inst11  ; reg_contador:inst3|inst11          ; CLOCK        ; CLOCK       ; 1.000        ; -0.372     ; 1.115      ;
; -0.472 ; reg_inicial:inst2|inst24  ; reg_contador:inst3|inst24          ; CLOCK        ; CLOCK       ; 1.000        ; -0.373     ; 1.094      ;
; -0.435 ; reg_final:inst|inst14     ; detectorFlancoSubida:inst21|inst18 ; CLOCK        ; CLOCK       ; 1.000        ; 0.229      ; 1.659      ;
; -0.422 ; reg_inicial:inst2|inst27  ; reg_contador:inst3|inst27          ; CLOCK        ; CLOCK       ; 1.000        ; -0.383     ; 1.034      ;
; -0.411 ; reg_contador:inst3|inst23 ; detectorFlancoSubida:inst21|inst18 ; CLOCK        ; CLOCK       ; 1.000        ; 0.229      ; 1.635      ;
; -0.405 ; reg_contador:inst3|inst13 ; reg_contador:inst3|inst23          ; CLOCK        ; CLOCK       ; 1.000        ; -0.058     ; 1.342      ;
; -0.395 ; reg_inicial:inst2|inst25  ; reg_contador:inst3|inst25          ; CLOCK        ; CLOCK       ; 1.000        ; -0.382     ; 1.008      ;
+--------+---------------------------+------------------------------------+--------------+-------------+--------------+------------+------------+


+-----------------------------------------------------------------------------------------------------------------------------------+
; Slow 1200mV 0C Model Setup: 'LOAD_F'                                                                                              ;
+-------+---------------------------+-------------------------+--------------+-------------+--------------+------------+------------+
; Slack ; From Node                 ; To Node                 ; Launch Clock ; Latch Clock ; Relationship ; Clock Skew ; Data Delay ;
+-------+---------------------------+-------------------------+--------------+-------------+--------------+------------+------------+
; 0.239 ; reg_contador:inst3|inst27 ; reg_final:inst28|inst27 ; CLOCK        ; LOAD_F      ; 0.500        ; 1.864      ; 2.100      ;
; 0.249 ; reg_contador:inst3|inst12 ; reg_final:inst28|inst12 ; CLOCK        ; LOAD_F      ; 0.500        ; 1.865      ; 2.091      ;
; 0.275 ; reg_contador:inst3|inst24 ; reg_final:inst28|inst24 ; CLOCK        ; LOAD_F      ; 0.500        ; 1.855      ; 2.055      ;
; 0.282 ; reg_contador:inst3|inst28 ; reg_final:inst28|inst28 ; CLOCK        ; LOAD_F      ; 0.500        ; 1.868      ; 2.061      ;
; 0.286 ; reg_contador:inst3|inst23 ; reg_final:inst28|inst23 ; CLOCK        ; LOAD_F      ; 0.500        ; 1.865      ; 2.054      ;
; 0.300 ; reg_contador:inst3|inst10 ; reg_final:inst28|inst10 ; CLOCK        ; LOAD_F      ; 0.500        ; 1.855      ; 2.030      ;
; 0.316 ; reg_contador:inst3|inst14 ; reg_final:inst28|inst14 ; CLOCK        ; LOAD_F      ; 0.500        ; 1.856      ; 2.015      ;
; 0.324 ; reg_contador:inst3|inst11 ; reg_final:inst28|inst11 ; CLOCK        ; LOAD_F      ; 0.500        ; 1.865      ; 2.016      ;
; 0.344 ; reg_contador:inst3|inst8  ; reg_final:inst28|inst8  ; CLOCK        ; LOAD_F      ; 0.500        ; 1.855      ; 1.986      ;
; 0.386 ; reg_contador:inst3|inst26 ; reg_final:inst28|inst26 ; CLOCK        ; LOAD_F      ; 0.500        ; 1.864      ; 1.953      ;
; 0.428 ; reg_contador:inst3|inst13 ; reg_final:inst28|inst13 ; CLOCK        ; LOAD_F      ; 0.500        ; 1.856      ; 1.903      ;
; 0.468 ; reg_contador:inst3|inst25 ; reg_final:inst28|inst25 ; CLOCK        ; LOAD_F      ; 0.500        ; 1.864      ; 1.871      ;
+-------+---------------------------+-------------------------+--------------+-------------+--------------+------------+------------+


+------------------------------------------------------------------------------------------------------------------------------------+
; Slow 1200mV 0C Model Hold: 'LOAD_F'                                                                                                ;
+--------+---------------------------+-------------------------+--------------+-------------+--------------+------------+------------+
; Slack  ; From Node                 ; To Node                 ; Launch Clock ; Latch Clock ; Relationship ; Clock Skew ; Data Delay ;
+--------+---------------------------+-------------------------+--------------+-------------+--------------+------------+------------+
; -0.079 ; reg_contador:inst3|inst25 ; reg_final:inst28|inst25 ; CLOCK        ; LOAD_F      ; -0.500       ; 2.105      ; 1.710      ;
; -0.015 ; reg_contador:inst3|inst26 ; reg_final:inst28|inst26 ; CLOCK        ; LOAD_F      ; -0.500       ; 2.106      ; 1.775      ;
; 0.021  ; reg_contador:inst3|inst11 ; reg_final:inst28|inst11 ; CLOCK        ; LOAD_F      ; -0.500       ; 2.105      ; 1.810      ;
; 0.029  ; reg_contador:inst3|inst8  ; reg_final:inst28|inst8  ; CLOCK        ; LOAD_F      ; -0.500       ; 2.096      ; 1.809      ;
; 0.034  ; reg_contador:inst3|inst13 ; reg_final:inst28|inst13 ; CLOCK        ; LOAD_F      ; -0.500       ; 2.095      ; 1.813      ;
; 0.041  ; reg_contador:inst3|inst14 ; reg_final:inst28|inst14 ; CLOCK        ; LOAD_F      ; -0.500       ; 2.095      ; 1.820      ;
; 0.070  ; reg_contador:inst3|inst10 ; reg_final:inst28|inst10 ; CLOCK        ; LOAD_F      ; -0.500       ; 2.096      ; 1.850      ;
; 0.074  ; reg_contador:inst3|inst28 ; reg_final:inst28|inst28 ; CLOCK        ; LOAD_F      ; -0.500       ; 2.110      ; 1.868      ;
; 0.090  ; reg_contador:inst3|inst24 ; reg_final:inst28|inst24 ; CLOCK        ; LOAD_F      ; -0.500       ; 2.096      ; 1.870      ;
; 0.108  ; reg_contador:inst3|inst27 ; reg_final:inst28|inst27 ; CLOCK        ; LOAD_F      ; -0.500       ; 2.106      ; 1.898      ;
; 0.110  ; reg_contador:inst3|inst23 ; reg_final:inst28|inst23 ; CLOCK        ; LOAD_F      ; -0.500       ; 2.106      ; 1.900      ;
; 0.149  ; reg_contador:inst3|inst12 ; reg_final:inst28|inst12 ; CLOCK        ; LOAD_F      ; -0.500       ; 2.105      ; 1.938      ;
+--------+---------------------------+-------------------------+--------------+-------------+--------------+------------+------------+


+-----------------------------------------------------------------------------------------------------------------------------------------------+
; Slow 1200mV 0C Model Hold: 'CLOCK'                                                                                                            ;
+--------+---------------------------+------------------------------------+--------------+-------------+--------------+------------+------------+
; Slack  ; From Node                 ; To Node                            ; Launch Clock ; Latch Clock ; Relationship ; Clock Skew ; Data Delay ;
+--------+---------------------------+------------------------------------+--------------+-------------+--------------+------------+------------+
; -0.023 ; LOAD_F                    ; reg_final:inst|inst23              ; LOAD_F       ; CLOCK       ; 0.000        ; 2.130      ; 2.291      ;
; -0.023 ; LOAD_F                    ; reg_final:inst|inst14              ; LOAD_F       ; CLOCK       ; 0.000        ; 2.130      ; 2.291      ;
; -0.023 ; LOAD_F                    ; reg_final:inst|inst13              ; LOAD_F       ; CLOCK       ; 0.000        ; 2.130      ; 2.291      ;
; -0.023 ; LOAD_F                    ; reg_final:inst|inst12              ; LOAD_F       ; CLOCK       ; 0.000        ; 2.130      ; 2.291      ;
; -0.023 ; LOAD_F                    ; reg_final:inst|inst11              ; LOAD_F       ; CLOCK       ; 0.000        ; 2.130      ; 2.291      ;
; -0.023 ; LOAD_F                    ; reg_final:inst|inst10              ; LOAD_F       ; CLOCK       ; 0.000        ; 2.130      ; 2.291      ;
; -0.023 ; LOAD_F                    ; reg_final:inst|inst8               ; LOAD_F       ; CLOCK       ; 0.000        ; 2.130      ; 2.291      ;
; -0.018 ; LOAD_F                    ; reg_final:inst|inst24              ; LOAD_F       ; CLOCK       ; 0.000        ; 2.120      ; 2.286      ;
; 0.018  ; LOAD_F                    ; reg_final:inst|inst28              ; LOAD_F       ; CLOCK       ; 0.000        ; 2.134      ; 2.336      ;
; 0.049  ; LOAD_F                    ; reg_final:inst|inst27              ; LOAD_F       ; CLOCK       ; 0.000        ; 2.129      ; 2.362      ;
; 0.049  ; LOAD_F                    ; reg_final:inst|inst26              ; LOAD_F       ; CLOCK       ; 0.000        ; 2.129      ; 2.362      ;
; 0.049  ; LOAD_F                    ; reg_final:inst|inst25              ; LOAD_F       ; CLOCK       ; 0.000        ; 2.129      ; 2.362      ;
; 0.309  ; reg_contador:inst3|inst28 ; reg_contador:inst3|inst28          ; CLOCK        ; CLOCK       ; 0.000        ; 0.058      ; 0.511      ;
; 0.309  ; reg_contador:inst3|inst27 ; reg_contador:inst3|inst27          ; CLOCK        ; CLOCK       ; 0.000        ; 0.058      ; 0.511      ;
; 0.309  ; reg_contador:inst3|inst26 ; reg_contador:inst3|inst26          ; CLOCK        ; CLOCK       ; 0.000        ; 0.058      ; 0.511      ;
; 0.309  ; reg_contador:inst3|inst24 ; reg_contador:inst3|inst24          ; CLOCK        ; CLOCK       ; 0.000        ; 0.058      ; 0.511      ;
; 0.309  ; reg_contador:inst3|inst23 ; reg_contador:inst3|inst23          ; CLOCK        ; CLOCK       ; 0.000        ; 0.058      ; 0.511      ;
; 0.309  ; reg_contador:inst3|inst10 ; reg_contador:inst3|inst10          ; CLOCK        ; CLOCK       ; 0.000        ; 0.058      ; 0.511      ;
; 0.309  ; reg_contador:inst3|inst8  ; reg_contador:inst3|inst8           ; CLOCK        ; CLOCK       ; 0.000        ; 0.058      ; 0.511      ;
; 0.310  ; reg_contador:inst3|inst25 ; reg_contador:inst3|inst25          ; CLOCK        ; CLOCK       ; 0.000        ; 0.057      ; 0.511      ;
; 0.310  ; reg_contador:inst3|inst14 ; reg_contador:inst3|inst14          ; CLOCK        ; CLOCK       ; 0.000        ; 0.057      ; 0.511      ;
; 0.310  ; reg_contador:inst3|inst13 ; reg_contador:inst3|inst13          ; CLOCK        ; CLOCK       ; 0.000        ; 0.057      ; 0.511      ;
; 0.310  ; reg_contador:inst3|inst12 ; reg_contador:inst3|inst12          ; CLOCK        ; CLOCK       ; 0.000        ; 0.057      ; 0.511      ;
; 0.310  ; reg_contador:inst3|inst11 ; reg_contador:inst3|inst11          ; CLOCK        ; CLOCK       ; 0.000        ; 0.057      ; 0.511      ;
; 0.533  ; reg_contador:inst3|inst27 ; reg_contador:inst3|inst28          ; CLOCK        ; CLOCK       ; 0.000        ; 0.058      ; 0.735      ;
; 0.538  ; reg_contador:inst3|inst12 ; reg_contador:inst3|inst13          ; CLOCK        ; CLOCK       ; 0.000        ; 0.057      ; 0.739      ;
; 0.546  ; reg_contador:inst3|inst13 ; detectorFlancoSubida:inst21|inst18 ; CLOCK        ; CLOCK       ; 0.000        ; 0.355      ; 1.045      ;
; 0.584  ; LOAD_F                    ; reg_final:inst|inst23              ; LOAD_F       ; CLOCK       ; -0.500       ; 2.130      ; 2.398      ;
; 0.584  ; LOAD_F                    ; reg_final:inst|inst14              ; LOAD_F       ; CLOCK       ; -0.500       ; 2.130      ; 2.398      ;
; 0.584  ; LOAD_F                    ; reg_final:inst|inst13              ; LOAD_F       ; CLOCK       ; -0.500       ; 2.130      ; 2.398      ;
; 0.584  ; LOAD_F                    ; reg_final:inst|inst12              ; LOAD_F       ; CLOCK       ; -0.500       ; 2.130      ; 2.398      ;
; 0.584  ; LOAD_F                    ; reg_final:inst|inst11              ; LOAD_F       ; CLOCK       ; -0.500       ; 2.130      ; 2.398      ;
; 0.584  ; LOAD_F                    ; reg_final:inst|inst10              ; LOAD_F       ; CLOCK       ; -0.500       ; 2.130      ; 2.398      ;
; 0.584  ; LOAD_F                    ; reg_final:inst|inst8               ; LOAD_F       ; CLOCK       ; -0.500       ; 2.130      ; 2.398      ;
; 0.593  ; LOAD_F                    ; reg_final:inst|inst24              ; LOAD_F       ; CLOCK       ; -0.500       ; 2.120      ; 2.397      ;
; 0.594  ; reg_final:inst|inst13     ; detectorFlancoSubida:inst21|inst18 ; CLOCK        ; CLOCK       ; 0.000        ; 0.355      ; 1.093      ;
; 0.620  ; LOAD_F                    ; reg_final:inst|inst28              ; LOAD_F       ; CLOCK       ; -0.500       ; 2.134      ; 2.438      ;
; 0.648  ; reg_contador:inst3|inst26 ; reg_contador:inst3|inst27          ; CLOCK        ; CLOCK       ; 0.000        ; 0.058      ; 0.850      ;
; 0.666  ; LOAD_F                    ; reg_final:inst|inst27              ; LOAD_F       ; CLOCK       ; -0.500       ; 2.129      ; 2.479      ;
; 0.666  ; LOAD_F                    ; reg_final:inst|inst26              ; LOAD_F       ; CLOCK       ; -0.500       ; 2.129      ; 2.479      ;
; 0.666  ; LOAD_F                    ; reg_final:inst|inst25              ; LOAD_F       ; CLOCK       ; -0.500       ; 2.129      ; 2.479      ;
; 0.669  ; reg_contador:inst3|inst24 ; reg_contador:inst3|inst25          ; CLOCK        ; CLOCK       ; 0.000        ; 0.058      ; 0.871      ;
; 0.724  ; reg_final:inst|inst23     ; detectorFlancoSubida:inst21|inst18 ; CLOCK        ; CLOCK       ; 0.000        ; 0.355      ; 1.223      ;
; 0.726  ; reg_final:inst|inst11     ; detectorFlancoSubida:inst21|inst18 ; CLOCK        ; CLOCK       ; 0.000        ; 0.355      ; 1.225      ;
; 0.760  ; reg_final:inst|inst10     ; detectorFlancoSubida:inst21|inst18 ; CLOCK        ; CLOCK       ; 0.000        ; 0.355      ; 1.259      ;
; 0.784  ; reg_contador:inst3|inst12 ; detectorFlancoSubida:inst21|inst18 ; CLOCK        ; CLOCK       ; 0.000        ; 0.355      ; 1.283      ;
; 0.798  ; reg_contador:inst3|inst23 ; reg_contador:inst3|inst24          ; CLOCK        ; CLOCK       ; 0.000        ; 0.058      ; 1.000      ;
; 0.802  ; reg_contador:inst3|inst24 ; reg_contador:inst3|inst28          ; CLOCK        ; CLOCK       ; 0.000        ; 0.058      ; 1.004      ;
; 0.803  ; reg_contador:inst3|inst24 ; reg_contador:inst3|inst27          ; CLOCK        ; CLOCK       ; 0.000        ; 0.058      ; 1.005      ;
; 0.803  ; reg_contador:inst3|inst24 ; reg_contador:inst3|inst26          ; CLOCK        ; CLOCK       ; 0.000        ; 0.058      ; 1.005      ;
; 0.823  ; reg_final:inst|inst12     ; detectorFlancoSubida:inst21|inst18 ; CLOCK        ; CLOCK       ; 0.000        ; 0.355      ; 1.322      ;
; 0.842  ; reg_contador:inst3|inst10 ; reg_contador:inst3|inst11          ; CLOCK        ; CLOCK       ; 0.000        ; 0.058      ; 1.044      ;
; 0.868  ; reg_contador:inst3|inst12 ; reg_contador:inst3|inst23          ; CLOCK        ; CLOCK       ; 0.000        ; 0.057      ; 1.069      ;
; 0.892  ; reg_contador:inst3|inst14 ; reg_contador:inst3|inst23          ; CLOCK        ; CLOCK       ; 0.000        ; 0.057      ; 1.093      ;
; 0.920  ; reg_inicial:inst2|inst26  ; reg_contador:inst3|inst26          ; CLOCK        ; CLOCK       ; 0.000        ; -0.255     ; 0.809      ;
; 0.925  ; reg_final:inst|inst14     ; detectorFlancoSubida:inst21|inst18 ; CLOCK        ; CLOCK       ; 0.000        ; 0.355      ; 1.424      ;
; 0.928  ; reg_contador:inst3|inst8  ; reg_contador:inst3|inst10          ; CLOCK        ; CLOCK       ; 0.000        ; 0.058      ; 1.130      ;
; 0.929  ; reg_contador:inst3|inst23 ; reg_contador:inst3|inst25          ; CLOCK        ; CLOCK       ; 0.000        ; 0.058      ; 1.131      ;
; 0.934  ; reg_contador:inst3|inst8  ; detectorFlancoSubida:inst21|inst18 ; CLOCK        ; CLOCK       ; 0.000        ; 0.356      ; 1.434      ;
; 0.947  ; reg_final:inst|inst8      ; detectorFlancoSubida:inst21|inst18 ; CLOCK        ; CLOCK       ; 0.000        ; 0.355      ; 1.446      ;
; 0.973  ; reg_contador:inst3|inst13 ; reg_contador:inst3|inst23          ; CLOCK        ; CLOCK       ; 0.000        ; 0.057      ; 1.174      ;
; 0.979  ; reg_final:inst|inst28     ; detectorFlancoSubida:inst21|inst18 ; CLOCK        ; CLOCK       ; 0.000        ; 0.351      ; 1.474      ;
; 0.991  ; reg_contador:inst3|inst11 ; reg_contador:inst3|inst13          ; CLOCK        ; CLOCK       ; 0.000        ; 0.057      ; 1.192      ;
; 0.991  ; reg_contador:inst3|inst11 ; reg_contador:inst3|inst12          ; CLOCK        ; CLOCK       ; 0.000        ; 0.057      ; 1.192      ;
; 1.028  ; reg_contador:inst3|inst23 ; detectorFlancoSubida:inst21|inst18 ; CLOCK        ; CLOCK       ; 0.000        ; 0.356      ; 1.528      ;
; 1.030  ; reg_contador:inst3|inst8  ; reg_contador:inst3|inst11          ; CLOCK        ; CLOCK       ; 0.000        ; 0.058      ; 1.232      ;
; 1.056  ; reg_final:inst|inst27     ; detectorFlancoSubida:inst21|inst18 ; CLOCK        ; CLOCK       ; 0.000        ; 0.356      ; 1.556      ;
; 1.062  ; reg_contador:inst3|inst14 ; detectorFlancoSubida:inst21|inst18 ; CLOCK        ; CLOCK       ; 0.000        ; 0.355      ; 1.561      ;
; 1.067  ; reg_contador:inst3|inst28 ; detectorFlancoSubida:inst21|inst18 ; CLOCK        ; CLOCK       ; 0.000        ; 0.356      ; 1.567      ;
; 1.073  ; reg_contador:inst3|inst26 ; reg_contador:inst3|inst28          ; CLOCK        ; CLOCK       ; 0.000        ; 0.058      ; 1.275      ;
; 1.074  ; reg_contador:inst3|inst23 ; reg_contador:inst3|inst28          ; CLOCK        ; CLOCK       ; 0.000        ; 0.058      ; 1.276      ;
; 1.075  ; reg_contador:inst3|inst23 ; reg_contador:inst3|inst27          ; CLOCK        ; CLOCK       ; 0.000        ; 0.058      ; 1.277      ;
; 1.075  ; reg_contador:inst3|inst23 ; reg_contador:inst3|inst26          ; CLOCK        ; CLOCK       ; 0.000        ; 0.058      ; 1.277      ;
; 1.081  ; reg_inicial:inst2|inst25  ; reg_contador:inst3|inst25          ; CLOCK        ; CLOCK       ; 0.000        ; -0.255     ; 0.970      ;
; 1.093  ; reg_final:inst|inst25     ; detectorFlancoSubida:inst21|inst18 ; CLOCK        ; CLOCK       ; 0.000        ; 0.356      ; 1.593      ;
; 1.097  ; reg_inicial:inst2|inst27  ; reg_contador:inst3|inst27          ; CLOCK        ; CLOCK       ; 0.000        ; -0.255     ; 0.986      ;
; 1.117  ; reg_contador:inst3|inst27 ; detectorFlancoSubida:inst21|inst18 ; CLOCK        ; CLOCK       ; 0.000        ; 0.356      ; 1.617      ;
; 1.130  ; reg_contador:inst3|inst25 ; reg_contador:inst3|inst28          ; CLOCK        ; CLOCK       ; 0.000        ; 0.057      ; 1.331      ;
; 1.131  ; reg_contador:inst3|inst25 ; reg_contador:inst3|inst27          ; CLOCK        ; CLOCK       ; 0.000        ; 0.057      ; 1.332      ;
; 1.131  ; reg_contador:inst3|inst25 ; reg_contador:inst3|inst26          ; CLOCK        ; CLOCK       ; 0.000        ; 0.057      ; 1.332      ;
; 1.133  ; reg_inicial:inst2|inst24  ; reg_contador:inst3|inst24          ; CLOCK        ; CLOCK       ; 0.000        ; -0.245     ; 1.032      ;
; 1.141  ; reg_contador:inst3|inst11 ; reg_contador:inst3|inst23          ; CLOCK        ; CLOCK       ; 0.000        ; 0.057      ; 1.342      ;
; 1.146  ; reg_contador:inst3|inst10 ; reg_contador:inst3|inst13          ; CLOCK        ; CLOCK       ; 0.000        ; 0.058      ; 1.348      ;
; 1.146  ; reg_contador:inst3|inst10 ; reg_contador:inst3|inst12          ; CLOCK        ; CLOCK       ; 0.000        ; 0.058      ; 1.348      ;
; 1.153  ; reg_inicial:inst2|inst11  ; reg_contador:inst3|inst11          ; CLOCK        ; CLOCK       ; 0.000        ; -0.245     ; 1.052      ;
; 1.156  ; reg_contador:inst3|inst14 ; reg_contador:inst3|inst24          ; CLOCK        ; CLOCK       ; 0.000        ; 0.057      ; 1.357      ;
; 1.158  ; reg_contador:inst3|inst12 ; reg_contador:inst3|inst24          ; CLOCK        ; CLOCK       ; 0.000        ; 0.057      ; 1.359      ;
; 1.161  ; reg_inicial:inst2|inst14  ; reg_contador:inst3|inst14          ; CLOCK        ; CLOCK       ; 0.000        ; -0.246     ; 1.059      ;
; 1.165  ; reg_final:inst|inst26     ; detectorFlancoSubida:inst21|inst18 ; CLOCK        ; CLOCK       ; 0.000        ; 0.356      ; 1.665      ;
; 1.174  ; reg_inicial:inst2|inst12  ; reg_contador:inst3|inst12          ; CLOCK        ; CLOCK       ; 0.000        ; -0.246     ; 1.072      ;
; 1.177  ; reg_inicial:inst2|inst13  ; reg_contador:inst3|inst13          ; CLOCK        ; CLOCK       ; 0.000        ; -0.246     ; 1.075      ;
; 1.189  ; reg_inicial:inst2|inst28  ; reg_contador:inst3|inst28          ; CLOCK        ; CLOCK       ; 0.000        ; -0.260     ; 1.073      ;
; 1.195  ; reg_inicial:inst2|inst23  ; reg_contador:inst3|inst23          ; CLOCK        ; CLOCK       ; 0.000        ; -0.245     ; 1.094      ;
; 1.195  ; reg_contador:inst3|inst11 ; detectorFlancoSubida:inst21|inst18 ; CLOCK        ; CLOCK       ; 0.000        ; 0.355      ; 1.694      ;
; 1.195  ; reg_contador:inst3|inst25 ; detectorFlancoSubida:inst21|inst18 ; CLOCK        ; CLOCK       ; 0.000        ; 0.355      ; 1.694      ;
; 1.197  ; reg_contador:inst3|inst12 ; reg_contador:inst3|inst14          ; CLOCK        ; CLOCK       ; 0.000        ; 0.057      ; 1.398      ;
; 1.241  ; reg_contador:inst3|inst24 ; detectorFlancoSubida:inst21|inst18 ; CLOCK        ; CLOCK       ; 0.000        ; 0.356      ; 1.741      ;
; 1.245  ; reg_contador:inst3|inst10 ; detectorFlancoSubida:inst21|inst18 ; CLOCK        ; CLOCK       ; 0.000        ; 0.356      ; 1.745      ;
; 1.263  ; reg_contador:inst3|inst13 ; reg_contador:inst3|inst24          ; CLOCK        ; CLOCK       ; 0.000        ; 0.057      ; 1.464      ;
; 1.286  ; reg_contador:inst3|inst13 ; reg_contador:inst3|inst14          ; CLOCK        ; CLOCK       ; 0.000        ; 0.057      ; 1.487      ;
+--------+---------------------------+------------------------------------+--------------+-------------+--------------+------------+------------+


+--------------------------------------------------------------------------------------------------------------------+
; Slow 1200mV 0C Model Minimum Pulse Width: 'CLOCK'                                                                  ;
+--------+--------------+----------------+-----------------+-------+------------+------------------------------------+
; Slack  ; Actual Width ; Required Width ; Type            ; Clock ; Clock Edge ; Target                             ;
+--------+--------------+----------------+-----------------+-------+------------+------------------------------------+
; -3.000 ; 1.000        ; 4.000          ; Port Rate       ; CLOCK ; Rise       ; CLOCK                              ;
; -1.000 ; 1.000        ; 2.000          ; Min Period      ; CLOCK ; Rise       ; detectorFlancoSubida:inst21|inst18 ;
; -1.000 ; 1.000        ; 2.000          ; Min Period      ; CLOCK ; Rise       ; reg_contador:inst3|inst10          ;
; -1.000 ; 1.000        ; 2.000          ; Min Period      ; CLOCK ; Rise       ; reg_contador:inst3|inst11          ;
; -1.000 ; 1.000        ; 2.000          ; Min Period      ; CLOCK ; Rise       ; reg_contador:inst3|inst12          ;
; -1.000 ; 1.000        ; 2.000          ; Min Period      ; CLOCK ; Rise       ; reg_contador:inst3|inst13          ;
; -1.000 ; 1.000        ; 2.000          ; Min Period      ; CLOCK ; Rise       ; reg_contador:inst3|inst14          ;
; -1.000 ; 1.000        ; 2.000          ; Min Period      ; CLOCK ; Rise       ; reg_contador:inst3|inst23          ;
; -1.000 ; 1.000        ; 2.000          ; Min Period      ; CLOCK ; Rise       ; reg_contador:inst3|inst24          ;
; -1.000 ; 1.000        ; 2.000          ; Min Period      ; CLOCK ; Rise       ; reg_contador:inst3|inst25          ;
; -1.000 ; 1.000        ; 2.000          ; Min Period      ; CLOCK ; Rise       ; reg_contador:inst3|inst26          ;
; -1.000 ; 1.000        ; 2.000          ; Min Period      ; CLOCK ; Rise       ; reg_contador:inst3|inst27          ;
; -1.000 ; 1.000        ; 2.000          ; Min Period      ; CLOCK ; Rise       ; reg_contador:inst3|inst28          ;
; -1.000 ; 1.000        ; 2.000          ; Min Period      ; CLOCK ; Rise       ; reg_contador:inst3|inst8           ;
; -1.000 ; 1.000        ; 2.000          ; Min Period      ; CLOCK ; Rise       ; reg_final:inst|inst10              ;
; -1.000 ; 1.000        ; 2.000          ; Min Period      ; CLOCK ; Rise       ; reg_final:inst|inst11              ;
; -1.000 ; 1.000        ; 2.000          ; Min Period      ; CLOCK ; Rise       ; reg_final:inst|inst12              ;
; -1.000 ; 1.000        ; 2.000          ; Min Period      ; CLOCK ; Rise       ; reg_final:inst|inst13              ;
; -1.000 ; 1.000        ; 2.000          ; Min Period      ; CLOCK ; Rise       ; reg_final:inst|inst14              ;
; -1.000 ; 1.000        ; 2.000          ; Min Period      ; CLOCK ; Rise       ; reg_final:inst|inst23              ;
; -1.000 ; 1.000        ; 2.000          ; Min Period      ; CLOCK ; Rise       ; reg_final:inst|inst24              ;
; -1.000 ; 1.000        ; 2.000          ; Min Period      ; CLOCK ; Rise       ; reg_final:inst|inst25              ;
; -1.000 ; 1.000        ; 2.000          ; Min Period      ; CLOCK ; Rise       ; reg_final:inst|inst26              ;
; -1.000 ; 1.000        ; 2.000          ; Min Period      ; CLOCK ; Rise       ; reg_final:inst|inst27              ;
; -1.000 ; 1.000        ; 2.000          ; Min Period      ; CLOCK ; Rise       ; reg_final:inst|inst28              ;
; -1.000 ; 1.000        ; 2.000          ; Min Period      ; CLOCK ; Rise       ; reg_final:inst|inst8               ;
; -1.000 ; 1.000        ; 2.000          ; Min Period      ; CLOCK ; Rise       ; reg_inicial:inst2|inst10           ;
; -1.000 ; 1.000        ; 2.000          ; Min Period      ; CLOCK ; Rise       ; reg_inicial:inst2|inst11           ;
; -1.000 ; 1.000        ; 2.000          ; Min Period      ; CLOCK ; Rise       ; reg_inicial:inst2|inst12           ;
; -1.000 ; 1.000        ; 2.000          ; Min Period      ; CLOCK ; Rise       ; reg_inicial:inst2|inst13           ;
; -1.000 ; 1.000        ; 2.000          ; Min Period      ; CLOCK ; Rise       ; reg_inicial:inst2|inst14           ;
; -1.000 ; 1.000        ; 2.000          ; Min Period      ; CLOCK ; Rise       ; reg_inicial:inst2|inst23           ;
; -1.000 ; 1.000        ; 2.000          ; Min Period      ; CLOCK ; Rise       ; reg_inicial:inst2|inst24           ;
; -1.000 ; 1.000        ; 2.000          ; Min Period      ; CLOCK ; Rise       ; reg_inicial:inst2|inst25           ;
; -1.000 ; 1.000        ; 2.000          ; Min Period      ; CLOCK ; Rise       ; reg_inicial:inst2|inst26           ;
; -1.000 ; 1.000        ; 2.000          ; Min Period      ; CLOCK ; Rise       ; reg_inicial:inst2|inst27           ;
; -1.000 ; 1.000        ; 2.000          ; Min Period      ; CLOCK ; Rise       ; reg_inicial:inst2|inst28           ;
; -1.000 ; 1.000        ; 2.000          ; Min Period      ; CLOCK ; Rise       ; reg_inicial:inst2|inst8            ;
; 0.196  ; 0.380        ; 0.184          ; Low Pulse Width ; CLOCK ; Rise       ; reg_inicial:inst2|inst25           ;
; 0.196  ; 0.380        ; 0.184          ; Low Pulse Width ; CLOCK ; Rise       ; reg_inicial:inst2|inst26           ;
; 0.196  ; 0.380        ; 0.184          ; Low Pulse Width ; CLOCK ; Rise       ; reg_inicial:inst2|inst27           ;
; 0.206  ; 0.390        ; 0.184          ; Low Pulse Width ; CLOCK ; Rise       ; reg_inicial:inst2|inst28           ;
; 0.209  ; 0.393        ; 0.184          ; Low Pulse Width ; CLOCK ; Rise       ; reg_contador:inst3|inst10          ;
; 0.209  ; 0.393        ; 0.184          ; Low Pulse Width ; CLOCK ; Rise       ; reg_contador:inst3|inst23          ;
; 0.209  ; 0.393        ; 0.184          ; Low Pulse Width ; CLOCK ; Rise       ; reg_contador:inst3|inst24          ;
; 0.209  ; 0.393        ; 0.184          ; Low Pulse Width ; CLOCK ; Rise       ; reg_contador:inst3|inst26          ;
; 0.209  ; 0.393        ; 0.184          ; Low Pulse Width ; CLOCK ; Rise       ; reg_contador:inst3|inst27          ;
; 0.209  ; 0.393        ; 0.184          ; Low Pulse Width ; CLOCK ; Rise       ; reg_contador:inst3|inst28          ;
; 0.209  ; 0.393        ; 0.184          ; Low Pulse Width ; CLOCK ; Rise       ; reg_contador:inst3|inst8           ;
; 0.209  ; 0.393        ; 0.184          ; Low Pulse Width ; CLOCK ; Rise       ; reg_final:inst|inst10              ;
; 0.209  ; 0.393        ; 0.184          ; Low Pulse Width ; CLOCK ; Rise       ; reg_final:inst|inst11              ;
; 0.209  ; 0.393        ; 0.184          ; Low Pulse Width ; CLOCK ; Rise       ; reg_final:inst|inst12              ;
; 0.209  ; 0.393        ; 0.184          ; Low Pulse Width ; CLOCK ; Rise       ; reg_final:inst|inst13              ;
; 0.209  ; 0.393        ; 0.184          ; Low Pulse Width ; CLOCK ; Rise       ; reg_final:inst|inst14              ;
; 0.209  ; 0.393        ; 0.184          ; Low Pulse Width ; CLOCK ; Rise       ; reg_final:inst|inst23              ;
; 0.209  ; 0.393        ; 0.184          ; Low Pulse Width ; CLOCK ; Rise       ; reg_final:inst|inst25              ;
; 0.209  ; 0.393        ; 0.184          ; Low Pulse Width ; CLOCK ; Rise       ; reg_final:inst|inst26              ;
; 0.209  ; 0.393        ; 0.184          ; Low Pulse Width ; CLOCK ; Rise       ; reg_final:inst|inst27              ;
; 0.209  ; 0.393        ; 0.184          ; Low Pulse Width ; CLOCK ; Rise       ; reg_final:inst|inst8               ;
; 0.209  ; 0.393        ; 0.184          ; Low Pulse Width ; CLOCK ; Rise       ; reg_inicial:inst2|inst10           ;
; 0.209  ; 0.393        ; 0.184          ; Low Pulse Width ; CLOCK ; Rise       ; reg_inicial:inst2|inst11           ;
; 0.209  ; 0.393        ; 0.184          ; Low Pulse Width ; CLOCK ; Rise       ; reg_inicial:inst2|inst12           ;
; 0.209  ; 0.393        ; 0.184          ; Low Pulse Width ; CLOCK ; Rise       ; reg_inicial:inst2|inst13           ;
; 0.209  ; 0.393        ; 0.184          ; Low Pulse Width ; CLOCK ; Rise       ; reg_inicial:inst2|inst14           ;
; 0.209  ; 0.393        ; 0.184          ; Low Pulse Width ; CLOCK ; Rise       ; reg_inicial:inst2|inst23           ;
; 0.209  ; 0.393        ; 0.184          ; Low Pulse Width ; CLOCK ; Rise       ; reg_inicial:inst2|inst24           ;
; 0.209  ; 0.393        ; 0.184          ; Low Pulse Width ; CLOCK ; Rise       ; reg_inicial:inst2|inst8            ;
; 0.210  ; 0.394        ; 0.184          ; Low Pulse Width ; CLOCK ; Rise       ; reg_contador:inst3|inst11          ;
; 0.210  ; 0.394        ; 0.184          ; Low Pulse Width ; CLOCK ; Rise       ; reg_contador:inst3|inst12          ;
; 0.210  ; 0.394        ; 0.184          ; Low Pulse Width ; CLOCK ; Rise       ; reg_contador:inst3|inst13          ;
; 0.210  ; 0.394        ; 0.184          ; Low Pulse Width ; CLOCK ; Rise       ; reg_contador:inst3|inst14          ;
; 0.210  ; 0.394        ; 0.184          ; Low Pulse Width ; CLOCK ; Rise       ; reg_contador:inst3|inst25          ;
; 0.210  ; 0.394        ; 0.184          ; Low Pulse Width ; CLOCK ; Rise       ; reg_final:inst|inst28              ;
; 0.214  ; 0.398        ; 0.184          ; Low Pulse Width ; CLOCK ; Rise       ; detectorFlancoSubida:inst21|inst18 ;
; 0.214  ; 0.398        ; 0.184          ; Low Pulse Width ; CLOCK ; Rise       ; reg_final:inst|inst24              ;
; 0.344  ; 0.344        ; 0.000          ; Low Pulse Width ; CLOCK ; Rise       ; CLOCK~input|o                      ;
; 0.346  ; 0.346        ; 0.000          ; Low Pulse Width ; CLOCK ; Rise       ; CLOCK~inputclkctrl|inclk[0]        ;
; 0.346  ; 0.346        ; 0.000          ; Low Pulse Width ; CLOCK ; Rise       ; CLOCK~inputclkctrl|outclk          ;
; 0.356  ; 0.356        ; 0.000          ; Low Pulse Width ; CLOCK ; Rise       ; inst2|inst25|clk                   ;
; 0.356  ; 0.356        ; 0.000          ; Low Pulse Width ; CLOCK ; Rise       ; inst2|inst26|clk                   ;
; 0.356  ; 0.356        ; 0.000          ; Low Pulse Width ; CLOCK ; Rise       ; inst2|inst27|clk                   ;
; 0.366  ; 0.366        ; 0.000          ; Low Pulse Width ; CLOCK ; Rise       ; inst2|inst28|clk                   ;
; 0.369  ; 0.369        ; 0.000          ; Low Pulse Width ; CLOCK ; Rise       ; inst2|inst10|clk                   ;
; 0.369  ; 0.369        ; 0.000          ; Low Pulse Width ; CLOCK ; Rise       ; inst2|inst11|clk                   ;
; 0.369  ; 0.369        ; 0.000          ; Low Pulse Width ; CLOCK ; Rise       ; inst2|inst12|clk                   ;
; 0.369  ; 0.369        ; 0.000          ; Low Pulse Width ; CLOCK ; Rise       ; inst2|inst13|clk                   ;
; 0.369  ; 0.369        ; 0.000          ; Low Pulse Width ; CLOCK ; Rise       ; inst2|inst14|clk                   ;
; 0.369  ; 0.369        ; 0.000          ; Low Pulse Width ; CLOCK ; Rise       ; inst2|inst23|clk                   ;
; 0.369  ; 0.369        ; 0.000          ; Low Pulse Width ; CLOCK ; Rise       ; inst2|inst24|clk                   ;
; 0.369  ; 0.369        ; 0.000          ; Low Pulse Width ; CLOCK ; Rise       ; inst2|inst8|clk                    ;
; 0.369  ; 0.369        ; 0.000          ; Low Pulse Width ; CLOCK ; Rise       ; inst3|inst10|clk                   ;
; 0.369  ; 0.369        ; 0.000          ; Low Pulse Width ; CLOCK ; Rise       ; inst3|inst23|clk                   ;
; 0.369  ; 0.369        ; 0.000          ; Low Pulse Width ; CLOCK ; Rise       ; inst3|inst24|clk                   ;
; 0.369  ; 0.369        ; 0.000          ; Low Pulse Width ; CLOCK ; Rise       ; inst3|inst26|clk                   ;
; 0.369  ; 0.369        ; 0.000          ; Low Pulse Width ; CLOCK ; Rise       ; inst3|inst27|clk                   ;
; 0.369  ; 0.369        ; 0.000          ; Low Pulse Width ; CLOCK ; Rise       ; inst3|inst28|clk                   ;
; 0.369  ; 0.369        ; 0.000          ; Low Pulse Width ; CLOCK ; Rise       ; inst3|inst8|clk                    ;
; 0.369  ; 0.369        ; 0.000          ; Low Pulse Width ; CLOCK ; Rise       ; inst|inst10|clk                    ;
; 0.369  ; 0.369        ; 0.000          ; Low Pulse Width ; CLOCK ; Rise       ; inst|inst11|clk                    ;
; 0.369  ; 0.369        ; 0.000          ; Low Pulse Width ; CLOCK ; Rise       ; inst|inst12|clk                    ;
+--------+--------------+----------------+-----------------+-------+------------+------------------------------------+


+-----------------------------------------------------------------------------------------------------------+
; Slow 1200mV 0C Model Minimum Pulse Width: 'LOAD_F'                                                        ;
+--------+--------------+----------------+------------------+--------+------------+-------------------------+
; Slack  ; Actual Width ; Required Width ; Type             ; Clock  ; Clock Edge ; Target                  ;
+--------+--------------+----------------+------------------+--------+------------+-------------------------+
; -3.000 ; 1.000        ; 4.000          ; Port Rate        ; LOAD_F ; Rise       ; LOAD_F                  ;
; -1.000 ; 1.000        ; 2.000          ; Min Period       ; LOAD_F ; Fall       ; reg_final:inst28|inst10 ;
; -1.000 ; 1.000        ; 2.000          ; Min Period       ; LOAD_F ; Fall       ; reg_final:inst28|inst11 ;
; -1.000 ; 1.000        ; 2.000          ; Min Period       ; LOAD_F ; Fall       ; reg_final:inst28|inst12 ;
; -1.000 ; 1.000        ; 2.000          ; Min Period       ; LOAD_F ; Fall       ; reg_final:inst28|inst13 ;
; -1.000 ; 1.000        ; 2.000          ; Min Period       ; LOAD_F ; Fall       ; reg_final:inst28|inst14 ;
; -1.000 ; 1.000        ; 2.000          ; Min Period       ; LOAD_F ; Fall       ; reg_final:inst28|inst23 ;
; -1.000 ; 1.000        ; 2.000          ; Min Period       ; LOAD_F ; Fall       ; reg_final:inst28|inst24 ;
; -1.000 ; 1.000        ; 2.000          ; Min Period       ; LOAD_F ; Fall       ; reg_final:inst28|inst25 ;
; -1.000 ; 1.000        ; 2.000          ; Min Period       ; LOAD_F ; Fall       ; reg_final:inst28|inst26 ;
; -1.000 ; 1.000        ; 2.000          ; Min Period       ; LOAD_F ; Fall       ; reg_final:inst28|inst27 ;
; -1.000 ; 1.000        ; 2.000          ; Min Period       ; LOAD_F ; Fall       ; reg_final:inst28|inst28 ;
; -1.000 ; 1.000        ; 2.000          ; Min Period       ; LOAD_F ; Fall       ; reg_final:inst28|inst8  ;
; 0.065  ; 0.281        ; 0.216          ; High Pulse Width ; LOAD_F ; Fall       ; reg_final:inst28|inst10 ;
; 0.065  ; 0.281        ; 0.216          ; High Pulse Width ; LOAD_F ; Fall       ; reg_final:inst28|inst13 ;
; 0.065  ; 0.281        ; 0.216          ; High Pulse Width ; LOAD_F ; Fall       ; reg_final:inst28|inst14 ;
; 0.065  ; 0.281        ; 0.216          ; High Pulse Width ; LOAD_F ; Fall       ; reg_final:inst28|inst24 ;
; 0.065  ; 0.281        ; 0.216          ; High Pulse Width ; LOAD_F ; Fall       ; reg_final:inst28|inst8  ;
; 0.069  ; 0.285        ; 0.216          ; High Pulse Width ; LOAD_F ; Fall       ; reg_final:inst28|inst11 ;
; 0.069  ; 0.285        ; 0.216          ; High Pulse Width ; LOAD_F ; Fall       ; reg_final:inst28|inst12 ;
; 0.069  ; 0.285        ; 0.216          ; High Pulse Width ; LOAD_F ; Fall       ; reg_final:inst28|inst23 ;
; 0.069  ; 0.285        ; 0.216          ; High Pulse Width ; LOAD_F ; Fall       ; reg_final:inst28|inst28 ;
; 0.070  ; 0.286        ; 0.216          ; High Pulse Width ; LOAD_F ; Fall       ; reg_final:inst28|inst25 ;
; 0.070  ; 0.286        ; 0.216          ; High Pulse Width ; LOAD_F ; Fall       ; reg_final:inst28|inst26 ;
; 0.070  ; 0.286        ; 0.216          ; High Pulse Width ; LOAD_F ; Fall       ; reg_final:inst28|inst27 ;
; 0.305  ; 0.305        ; 0.000          ; High Pulse Width ; LOAD_F ; Fall       ; inst28|inst10|clk       ;
; 0.305  ; 0.305        ; 0.000          ; High Pulse Width ; LOAD_F ; Fall       ; inst28|inst13|clk       ;
; 0.305  ; 0.305        ; 0.000          ; High Pulse Width ; LOAD_F ; Fall       ; inst28|inst14|clk       ;
; 0.305  ; 0.305        ; 0.000          ; High Pulse Width ; LOAD_F ; Fall       ; inst28|inst24|clk       ;
; 0.305  ; 0.305        ; 0.000          ; High Pulse Width ; LOAD_F ; Fall       ; inst28|inst8|clk        ;
; 0.309  ; 0.309        ; 0.000          ; High Pulse Width ; LOAD_F ; Fall       ; inst28|inst11|clk       ;
; 0.309  ; 0.309        ; 0.000          ; High Pulse Width ; LOAD_F ; Fall       ; inst28|inst12|clk       ;
; 0.309  ; 0.309        ; 0.000          ; High Pulse Width ; LOAD_F ; Fall       ; inst28|inst23|clk       ;
; 0.309  ; 0.309        ; 0.000          ; High Pulse Width ; LOAD_F ; Fall       ; inst28|inst28|clk       ;
; 0.310  ; 0.310        ; 0.000          ; High Pulse Width ; LOAD_F ; Fall       ; inst28|inst25|clk       ;
; 0.310  ; 0.310        ; 0.000          ; High Pulse Width ; LOAD_F ; Fall       ; inst28|inst26|clk       ;
; 0.310  ; 0.310        ; 0.000          ; High Pulse Width ; LOAD_F ; Fall       ; inst28|inst27|clk       ;
; 0.328  ; 0.328        ; 0.000          ; High Pulse Width ; LOAD_F ; Fall       ; inst25~clkctrl|inclk[0] ;
; 0.328  ; 0.328        ; 0.000          ; High Pulse Width ; LOAD_F ; Fall       ; inst25~clkctrl|outclk   ;
; 0.336  ; 0.336        ; 0.000          ; High Pulse Width ; LOAD_F ; Fall       ; inst25|combout          ;
; 0.346  ; 0.346        ; 0.000          ; Low Pulse Width  ; LOAD_F ; Rise       ; LOAD_F~input|o          ;
; 0.346  ; 0.346        ; 0.000          ; Low Pulse Width  ; LOAD_F ; Rise       ; inst25|datad            ;
; 0.500  ; 0.500        ; 0.000          ; High Pulse Width ; LOAD_F ; Rise       ; LOAD_F~input|i          ;
; 0.500  ; 0.500        ; 0.000          ; Low Pulse Width  ; LOAD_F ; Rise       ; LOAD_F~input|i          ;
; 0.530  ; 0.714        ; 0.184          ; Low Pulse Width  ; LOAD_F ; Fall       ; reg_final:inst28|inst11 ;
; 0.530  ; 0.714        ; 0.184          ; Low Pulse Width  ; LOAD_F ; Fall       ; reg_final:inst28|inst12 ;
; 0.530  ; 0.714        ; 0.184          ; Low Pulse Width  ; LOAD_F ; Fall       ; reg_final:inst28|inst23 ;
; 0.530  ; 0.714        ; 0.184          ; Low Pulse Width  ; LOAD_F ; Fall       ; reg_final:inst28|inst25 ;
; 0.530  ; 0.714        ; 0.184          ; Low Pulse Width  ; LOAD_F ; Fall       ; reg_final:inst28|inst26 ;
; 0.530  ; 0.714        ; 0.184          ; Low Pulse Width  ; LOAD_F ; Fall       ; reg_final:inst28|inst27 ;
; 0.530  ; 0.714        ; 0.184          ; Low Pulse Width  ; LOAD_F ; Fall       ; reg_final:inst28|inst28 ;
; 0.534  ; 0.718        ; 0.184          ; Low Pulse Width  ; LOAD_F ; Fall       ; reg_final:inst28|inst13 ;
; 0.534  ; 0.718        ; 0.184          ; Low Pulse Width  ; LOAD_F ; Fall       ; reg_final:inst28|inst14 ;
; 0.535  ; 0.719        ; 0.184          ; Low Pulse Width  ; LOAD_F ; Fall       ; reg_final:inst28|inst10 ;
; 0.535  ; 0.719        ; 0.184          ; Low Pulse Width  ; LOAD_F ; Fall       ; reg_final:inst28|inst24 ;
; 0.535  ; 0.719        ; 0.184          ; Low Pulse Width  ; LOAD_F ; Fall       ; reg_final:inst28|inst8  ;
; 0.653  ; 0.653        ; 0.000          ; High Pulse Width ; LOAD_F ; Rise       ; inst25|datad            ;
; 0.654  ; 0.654        ; 0.000          ; High Pulse Width ; LOAD_F ; Rise       ; LOAD_F~input|o          ;
; 0.663  ; 0.663        ; 0.000          ; Low Pulse Width  ; LOAD_F ; Fall       ; inst25|combout          ;
; 0.671  ; 0.671        ; 0.000          ; Low Pulse Width  ; LOAD_F ; Fall       ; inst25~clkctrl|inclk[0] ;
; 0.671  ; 0.671        ; 0.000          ; Low Pulse Width  ; LOAD_F ; Fall       ; inst25~clkctrl|outclk   ;
; 0.690  ; 0.690        ; 0.000          ; Low Pulse Width  ; LOAD_F ; Fall       ; inst28|inst11|clk       ;
; 0.690  ; 0.690        ; 0.000          ; Low Pulse Width  ; LOAD_F ; Fall       ; inst28|inst12|clk       ;
; 0.690  ; 0.690        ; 0.000          ; Low Pulse Width  ; LOAD_F ; Fall       ; inst28|inst23|clk       ;
; 0.690  ; 0.690        ; 0.000          ; Low Pulse Width  ; LOAD_F ; Fall       ; inst28|inst25|clk       ;
; 0.690  ; 0.690        ; 0.000          ; Low Pulse Width  ; LOAD_F ; Fall       ; inst28|inst26|clk       ;
; 0.690  ; 0.690        ; 0.000          ; Low Pulse Width  ; LOAD_F ; Fall       ; inst28|inst27|clk       ;
; 0.690  ; 0.690        ; 0.000          ; Low Pulse Width  ; LOAD_F ; Fall       ; inst28|inst28|clk       ;
; 0.694  ; 0.694        ; 0.000          ; Low Pulse Width  ; LOAD_F ; Fall       ; inst28|inst13|clk       ;
; 0.694  ; 0.694        ; 0.000          ; Low Pulse Width  ; LOAD_F ; Fall       ; inst28|inst14|clk       ;
; 0.695  ; 0.695        ; 0.000          ; Low Pulse Width  ; LOAD_F ; Fall       ; inst28|inst10|clk       ;
; 0.695  ; 0.695        ; 0.000          ; Low Pulse Width  ; LOAD_F ; Fall       ; inst28|inst24|clk       ;
; 0.695  ; 0.695        ; 0.000          ; Low Pulse Width  ; LOAD_F ; Fall       ; inst28|inst8|clk        ;
+--------+--------------+----------------+------------------+--------+------------+-------------------------+


+-----------------------------------------------------------------------+
; Setup Times                                                           ;
+-----------+------------+-------+-------+------------+-----------------+
; Data Port ; Clock Port ; Rise  ; Fall  ; Clock Edge ; Clock Reference ;
+-----------+------------+-------+-------+------------+-----------------+
; LOAD_F    ; CLOCK      ; 0.282 ; 0.396 ; Rise       ; CLOCK           ;
; LOAD_I    ; CLOCK      ; 2.526 ; 2.813 ; Rise       ; CLOCK           ;
; UP_DOWN   ; CLOCK      ; 3.356 ; 3.735 ; Rise       ; CLOCK           ;
; b[*]      ; CLOCK      ; 3.375 ; 3.724 ; Rise       ; CLOCK           ;
;  b[0]     ; CLOCK      ; 3.375 ; 3.724 ; Rise       ; CLOCK           ;
;  b[1]     ; CLOCK      ; 3.059 ; 3.391 ; Rise       ; CLOCK           ;
;  b[2]     ; CLOCK      ; 2.761 ; 3.097 ; Rise       ; CLOCK           ;
+-----------+------------+-------+-------+------------+-----------------+


+-------------------------------------------------------------------------+
; Hold Times                                                              ;
+-----------+------------+--------+--------+------------+-----------------+
; Data Port ; Clock Port ; Rise   ; Fall   ; Clock Edge ; Clock Reference ;
+-----------+------------+--------+--------+------------+-----------------+
; LOAD_F    ; CLOCK      ; -0.017 ; -0.124 ; Rise       ; CLOCK           ;
; LOAD_I    ; CLOCK      ; -1.565 ; -1.874 ; Rise       ; CLOCK           ;
; UP_DOWN   ; CLOCK      ; -0.981 ; -1.331 ; Rise       ; CLOCK           ;
; b[*]      ; CLOCK      ; -1.112 ; -1.454 ; Rise       ; CLOCK           ;
;  b[0]     ; CLOCK      ; -1.315 ; -1.648 ; Rise       ; CLOCK           ;
;  b[1]     ; CLOCK      ; -1.112 ; -1.456 ; Rise       ; CLOCK           ;
;  b[2]     ; CLOCK      ; -1.118 ; -1.454 ; Rise       ; CLOCK           ;
+-----------+------------+--------+--------+------------+-----------------+


+-------------------------------------------------------------------------+
; Clock to Output Times                                                   ;
+-----------+------------+--------+--------+------------+-----------------+
; Data Port ; Clock Port ; Rise   ; Fall   ; Clock Edge ; Clock Reference ;
+-----------+------------+--------+--------+------------+-----------------+
; ERROR     ; CLOCK      ; 10.731 ; 10.661 ; Rise       ; CLOCK           ;
; FIN       ; CLOCK      ; 7.195  ; 7.121  ; Rise       ; CLOCK           ;
; DATA[*]   ; LOAD_F     ; 8.121  ; 8.091  ; Fall       ; LOAD_F          ;
;  DATA[0]  ; LOAD_F     ; 7.297  ; 7.214  ; Fall       ; LOAD_F          ;
;  DATA[1]  ; LOAD_F     ; 7.787  ; 7.696  ; Fall       ; LOAD_F          ;
;  DATA[2]  ; LOAD_F     ; 7.496  ; 7.403  ; Fall       ; LOAD_F          ;
;  DATA[3]  ; LOAD_F     ; 7.528  ; 7.436  ; Fall       ; LOAD_F          ;
;  DATA[4]  ; LOAD_F     ; 7.381  ; 7.306  ; Fall       ; LOAD_F          ;
;  DATA[5]  ; LOAD_F     ; 7.384  ; 7.314  ; Fall       ; LOAD_F          ;
;  DATA[6]  ; LOAD_F     ; 8.121  ; 8.091  ; Fall       ; LOAD_F          ;
;  DATA[7]  ; LOAD_F     ; 7.559  ; 7.470  ; Fall       ; LOAD_F          ;
;  DATA[8]  ; LOAD_F     ; 7.548  ; 7.476  ; Fall       ; LOAD_F          ;
;  DATA[9]  ; LOAD_F     ; 7.495  ; 7.389  ; Fall       ; LOAD_F          ;
;  DATA[10] ; LOAD_F     ; 7.683  ; 7.585  ; Fall       ; LOAD_F          ;
;  DATA[11] ; LOAD_F     ; 7.470  ; 7.370  ; Fall       ; LOAD_F          ;
+-----------+------------+--------+--------+------------+-----------------+


+-----------------------------------------------------------------------+
; Minimum Clock to Output Times                                         ;
+-----------+------------+-------+-------+------------+-----------------+
; Data Port ; Clock Port ; Rise  ; Fall  ; Clock Edge ; Clock Reference ;
+-----------+------------+-------+-------+------------+-----------------+
; ERROR     ; CLOCK      ; 6.585 ; 6.514 ; Rise       ; CLOCK           ;
; FIN       ; CLOCK      ; 5.839 ; 5.684 ; Rise       ; CLOCK           ;
; DATA[*]   ; LOAD_F     ; 7.049 ; 6.965 ; Fall       ; LOAD_F          ;
;  DATA[0]  ; LOAD_F     ; 7.049 ; 6.965 ; Fall       ; LOAD_F          ;
;  DATA[1]  ; LOAD_F     ; 7.519 ; 7.429 ; Fall       ; LOAD_F          ;
;  DATA[2]  ; LOAD_F     ; 7.241 ; 7.148 ; Fall       ; LOAD_F          ;
;  DATA[3]  ; LOAD_F     ; 7.272 ; 7.179 ; Fall       ; LOAD_F          ;
;  DATA[4]  ; LOAD_F     ; 7.124 ; 7.050 ; Fall       ; LOAD_F          ;
;  DATA[5]  ; LOAD_F     ; 7.134 ; 7.063 ; Fall       ; LOAD_F          ;
;  DATA[6]  ; LOAD_F     ; 7.863 ; 7.833 ; Fall       ; LOAD_F          ;
;  DATA[7]  ; LOAD_F     ; 7.301 ; 7.211 ; Fall       ; LOAD_F          ;
;  DATA[8]  ; LOAD_F     ; 7.284 ; 7.213 ; Fall       ; LOAD_F          ;
;  DATA[9]  ; LOAD_F     ; 7.239 ; 7.133 ; Fall       ; LOAD_F          ;
;  DATA[10] ; LOAD_F     ; 7.420 ; 7.321 ; Fall       ; LOAD_F          ;
;  DATA[11] ; LOAD_F     ; 7.213 ; 7.113 ; Fall       ; LOAD_F          ;
+-----------+------------+-------+-------+------------+-----------------+


+----------------------------------------------------------+
; Propagation Delay                                        ;
+------------+-------------+-------+-------+-------+-------+
; Input Port ; Output Port ; RR    ; RF    ; FR    ; FF    ;
+------------+-------------+-------+-------+-------+-------+
; UP_DOWN    ; ERROR       ; 7.023 ; 6.947 ; 7.347 ; 7.302 ;
; b[0]       ; PAUSA       ;       ; 6.656 ; 7.146 ;       ;
; b[1]       ; PAUSA       ;       ; 6.516 ; 6.998 ;       ;
; b[2]       ; PAUSA       ;       ; 6.400 ; 6.891 ;       ;
+------------+-------------+-------+-------+-------+-------+


+----------------------------------------------------------+
; Minimum Propagation Delay                                ;
+------------+-------------+-------+-------+-------+-------+
; Input Port ; Output Port ; RR    ; RF    ; FR    ; FF    ;
+------------+-------------+-------+-------+-------+-------+
; UP_DOWN    ; ERROR       ; 6.810 ; 6.737 ; 7.128 ; 7.082 ;
; b[0]       ; PAUSA       ;       ; 6.421 ; 6.883 ;       ;
; b[1]       ; PAUSA       ;       ; 6.295 ; 6.769 ;       ;
; b[2]       ; PAUSA       ;       ; 6.183 ; 6.665 ;       ;
+------------+-------------+-------+-------+-------+-------+


---------------------------------------------
; Slow 1200mV 0C Model Metastability Report ;
---------------------------------------------
No synchronizer chains to report.


+------------------------------------+
; Fast 1200mV 0C Model Setup Summary ;
+--------+--------+------------------+
; Clock  ; Slack  ; End Point TNS    ;
+--------+--------+------------------+
; CLOCK  ; -1.812 ; -41.967          ;
; LOAD_F ; 0.539  ; 0.000            ;
+--------+--------+------------------+


+-----------------------------------+
; Fast 1200mV 0C Model Hold Summary ;
+--------+--------+-----------------+
; Clock  ; Slack  ; End Point TNS   ;
+--------+--------+-----------------+
; LOAD_F ; -0.263 ; -1.936          ;
; CLOCK  ; -0.151 ; -1.649          ;
+--------+--------+-----------------+


-----------------------------------------
; Fast 1200mV 0C Model Recovery Summary ;
-----------------------------------------
No paths to report.


----------------------------------------
; Fast 1200mV 0C Model Removal Summary ;
----------------------------------------
No paths to report.


+--------------------------------------------------+
; Fast 1200mV 0C Model Minimum Pulse Width Summary ;
+--------+--------+--------------------------------+
; Clock  ; Slack  ; End Point TNS                  ;
+--------+--------+--------------------------------+
; CLOCK  ; -3.000 ; -41.550                        ;
; LOAD_F ; -3.000 ; -17.336                        ;
+--------+--------+--------------------------------+


+-----------------------------------------------------------------------------------------------------------------------------------------------+
; Fast 1200mV 0C Model Setup: 'CLOCK'                                                                                                           ;
+--------+---------------------------+------------------------------------+--------------+-------------+--------------+------------+------------+
; Slack  ; From Node                 ; To Node                            ; Launch Clock ; Latch Clock ; Relationship ; Clock Skew ; Data Delay ;
+--------+---------------------------+------------------------------------+--------------+-------------+--------------+------------+------------+
; -1.812 ; reg_final:inst28|inst13   ; reg_final:inst|inst13              ; LOAD_F       ; CLOCK       ; 0.500        ; -1.641     ; 0.638      ;
; -1.812 ; reg_final:inst28|inst8    ; reg_final:inst|inst8               ; LOAD_F       ; CLOCK       ; 0.500        ; -1.641     ; 0.638      ;
; -1.791 ; reg_final:inst28|inst23   ; reg_final:inst|inst23              ; LOAD_F       ; CLOCK       ; 0.500        ; -1.648     ; 0.610      ;
; -1.741 ; reg_final:inst28|inst10   ; reg_final:inst|inst10              ; LOAD_F       ; CLOCK       ; 0.500        ; -1.641     ; 0.567      ;
; -1.739 ; reg_final:inst28|inst26   ; reg_final:inst|inst26              ; LOAD_F       ; CLOCK       ; 0.500        ; -1.649     ; 0.557      ;
; -1.738 ; reg_final:inst28|inst25   ; reg_final:inst|inst25              ; LOAD_F       ; CLOCK       ; 0.500        ; -1.649     ; 0.556      ;
; -1.728 ; reg_final:inst28|inst27   ; reg_final:inst|inst27              ; LOAD_F       ; CLOCK       ; 0.500        ; -1.649     ; 0.546      ;
; -1.720 ; reg_final:inst28|inst11   ; reg_final:inst|inst11              ; LOAD_F       ; CLOCK       ; 0.500        ; -1.648     ; 0.539      ;
; -1.662 ; reg_final:inst28|inst28   ; reg_final:inst|inst28              ; LOAD_F       ; CLOCK       ; 0.500        ; -1.648     ; 0.481      ;
; -1.642 ; reg_final:inst28|inst11   ; reg_inicial:inst2|inst11           ; LOAD_F       ; CLOCK       ; 0.500        ; -1.468     ; 0.641      ;
; -1.640 ; reg_final:inst28|inst14   ; reg_final:inst|inst14              ; LOAD_F       ; CLOCK       ; 0.500        ; -1.641     ; 0.466      ;
; -1.635 ; reg_final:inst28|inst12   ; reg_final:inst|inst12              ; LOAD_F       ; CLOCK       ; 0.500        ; -1.648     ; 0.454      ;
; -1.611 ; reg_final:inst28|inst12   ; reg_inicial:inst2|inst12           ; LOAD_F       ; CLOCK       ; 0.500        ; -1.468     ; 0.610      ;
; -1.579 ; reg_final:inst28|inst24   ; reg_final:inst|inst24              ; LOAD_F       ; CLOCK       ; 0.500        ; -1.648     ; 0.398      ;
; -1.550 ; reg_final:inst28|inst23   ; reg_inicial:inst2|inst23           ; LOAD_F       ; CLOCK       ; 0.500        ; -1.468     ; 0.549      ;
; -1.544 ; reg_final:inst28|inst25   ; reg_inicial:inst2|inst25           ; LOAD_F       ; CLOCK       ; 0.500        ; -1.462     ; 0.549      ;
; -1.543 ; reg_final:inst28|inst26   ; reg_inicial:inst2|inst26           ; LOAD_F       ; CLOCK       ; 0.500        ; -1.462     ; 0.548      ;
; -1.537 ; reg_final:inst28|inst27   ; reg_inicial:inst2|inst27           ; LOAD_F       ; CLOCK       ; 0.500        ; -1.462     ; 0.542      ;
; -1.467 ; reg_final:inst28|inst28   ; reg_inicial:inst2|inst28           ; LOAD_F       ; CLOCK       ; 0.500        ; -1.462     ; 0.472      ;
; -1.465 ; reg_final:inst28|inst24   ; reg_inicial:inst2|inst24           ; LOAD_F       ; CLOCK       ; 0.500        ; -1.462     ; 0.470      ;
; -1.462 ; reg_final:inst28|inst13   ; reg_inicial:inst2|inst13           ; LOAD_F       ; CLOCK       ; 0.500        ; -1.461     ; 0.468      ;
; -1.392 ; reg_final:inst28|inst14   ; reg_inicial:inst2|inst14           ; LOAD_F       ; CLOCK       ; 0.500        ; -1.461     ; 0.398      ;
; -1.391 ; reg_final:inst28|inst8    ; reg_inicial:inst2|inst8            ; LOAD_F       ; CLOCK       ; 0.500        ; -1.461     ; 0.397      ;
; -1.389 ; reg_final:inst28|inst10   ; reg_inicial:inst2|inst10           ; LOAD_F       ; CLOCK       ; 0.500        ; -1.461     ; 0.395      ;
; -0.549 ; reg_contador:inst3|inst8  ; reg_contador:inst3|inst26          ; CLOCK        ; CLOCK       ; 1.000        ; -0.037     ; 1.499      ;
; -0.547 ; reg_contador:inst3|inst8  ; reg_contador:inst3|inst28          ; CLOCK        ; CLOCK       ; 1.000        ; -0.037     ; 1.497      ;
; -0.547 ; reg_contador:inst3|inst8  ; reg_contador:inst3|inst27          ; CLOCK        ; CLOCK       ; 1.000        ; -0.037     ; 1.497      ;
; -0.440 ; reg_contador:inst3|inst8  ; reg_contador:inst3|inst25          ; CLOCK        ; CLOCK       ; 1.000        ; -0.037     ; 1.390      ;
; -0.436 ; reg_contador:inst3|inst10 ; reg_contador:inst3|inst26          ; CLOCK        ; CLOCK       ; 1.000        ; -0.037     ; 1.386      ;
; -0.434 ; reg_contador:inst3|inst10 ; reg_contador:inst3|inst28          ; CLOCK        ; CLOCK       ; 1.000        ; -0.037     ; 1.384      ;
; -0.434 ; reg_contador:inst3|inst10 ; reg_contador:inst3|inst27          ; CLOCK        ; CLOCK       ; 1.000        ; -0.037     ; 1.384      ;
; -0.380 ; reg_contador:inst3|inst8  ; reg_contador:inst3|inst14          ; CLOCK        ; CLOCK       ; 1.000        ; -0.037     ; 1.330      ;
; -0.367 ; reg_contador:inst3|inst8  ; reg_contador:inst3|inst24          ; CLOCK        ; CLOCK       ; 1.000        ; -0.037     ; 1.317      ;
; -0.334 ; reg_contador:inst3|inst11 ; reg_contador:inst3|inst26          ; CLOCK        ; CLOCK       ; 1.000        ; -0.037     ; 1.284      ;
; -0.332 ; reg_contador:inst3|inst11 ; reg_contador:inst3|inst28          ; CLOCK        ; CLOCK       ; 1.000        ; -0.037     ; 1.282      ;
; -0.332 ; reg_contador:inst3|inst11 ; reg_contador:inst3|inst27          ; CLOCK        ; CLOCK       ; 1.000        ; -0.037     ; 1.282      ;
; -0.327 ; reg_contador:inst3|inst10 ; reg_contador:inst3|inst25          ; CLOCK        ; CLOCK       ; 1.000        ; -0.037     ; 1.277      ;
; -0.267 ; reg_contador:inst3|inst10 ; reg_contador:inst3|inst14          ; CLOCK        ; CLOCK       ; 1.000        ; -0.037     ; 1.217      ;
; -0.261 ; reg_contador:inst3|inst13 ; reg_contador:inst3|inst26          ; CLOCK        ; CLOCK       ; 1.000        ; -0.037     ; 1.211      ;
; -0.259 ; reg_contador:inst3|inst13 ; reg_contador:inst3|inst28          ; CLOCK        ; CLOCK       ; 1.000        ; -0.037     ; 1.209      ;
; -0.259 ; reg_contador:inst3|inst13 ; reg_contador:inst3|inst27          ; CLOCK        ; CLOCK       ; 1.000        ; -0.037     ; 1.209      ;
; -0.254 ; reg_contador:inst3|inst10 ; reg_contador:inst3|inst24          ; CLOCK        ; CLOCK       ; 1.000        ; -0.037     ; 1.204      ;
; -0.225 ; reg_contador:inst3|inst11 ; reg_contador:inst3|inst25          ; CLOCK        ; CLOCK       ; 1.000        ; -0.037     ; 1.175      ;
; -0.182 ; reg_contador:inst3|inst14 ; reg_contador:inst3|inst26          ; CLOCK        ; CLOCK       ; 1.000        ; -0.037     ; 1.132      ;
; -0.180 ; reg_contador:inst3|inst14 ; reg_contador:inst3|inst28          ; CLOCK        ; CLOCK       ; 1.000        ; -0.037     ; 1.130      ;
; -0.180 ; reg_contador:inst3|inst14 ; reg_contador:inst3|inst27          ; CLOCK        ; CLOCK       ; 1.000        ; -0.037     ; 1.130      ;
; -0.177 ; reg_contador:inst3|inst8  ; reg_contador:inst3|inst23          ; CLOCK        ; CLOCK       ; 1.000        ; -0.037     ; 1.127      ;
; -0.165 ; reg_contador:inst3|inst11 ; reg_contador:inst3|inst14          ; CLOCK        ; CLOCK       ; 1.000        ; -0.037     ; 1.115      ;
; -0.153 ; reg_contador:inst3|inst12 ; reg_contador:inst3|inst26          ; CLOCK        ; CLOCK       ; 1.000        ; -0.037     ; 1.103      ;
; -0.152 ; reg_contador:inst3|inst13 ; reg_contador:inst3|inst25          ; CLOCK        ; CLOCK       ; 1.000        ; -0.037     ; 1.102      ;
; -0.152 ; reg_contador:inst3|inst11 ; reg_contador:inst3|inst24          ; CLOCK        ; CLOCK       ; 1.000        ; -0.037     ; 1.102      ;
; -0.151 ; reg_contador:inst3|inst12 ; reg_contador:inst3|inst28          ; CLOCK        ; CLOCK       ; 1.000        ; -0.037     ; 1.101      ;
; -0.151 ; reg_contador:inst3|inst12 ; reg_contador:inst3|inst27          ; CLOCK        ; CLOCK       ; 1.000        ; -0.037     ; 1.101      ;
; -0.139 ; reg_contador:inst3|inst26 ; detectorFlancoSubida:inst21|inst18 ; CLOCK        ; CLOCK       ; 1.000        ; 0.136      ; 1.262      ;
; -0.115 ; reg_final:inst|inst24     ; detectorFlancoSubida:inst21|inst18 ; CLOCK        ; CLOCK       ; 1.000        ; 0.143      ; 1.245      ;
; -0.105 ; reg_contador:inst3|inst27 ; reg_contador:inst3|inst28          ; CLOCK        ; CLOCK       ; 1.000        ; -0.037     ; 1.055      ;
; -0.092 ; reg_contador:inst3|inst13 ; reg_contador:inst3|inst14          ; CLOCK        ; CLOCK       ; 1.000        ; -0.037     ; 1.042      ;
; -0.079 ; reg_contador:inst3|inst13 ; reg_contador:inst3|inst24          ; CLOCK        ; CLOCK       ; 1.000        ; -0.037     ; 1.029      ;
; -0.078 ; reg_contador:inst3|inst10 ; detectorFlancoSubida:inst21|inst18 ; CLOCK        ; CLOCK       ; 1.000        ; 0.136      ; 1.201      ;
; -0.073 ; reg_contador:inst3|inst14 ; reg_contador:inst3|inst25          ; CLOCK        ; CLOCK       ; 1.000        ; -0.037     ; 1.023      ;
; -0.068 ; reg_contador:inst3|inst8  ; reg_contador:inst3|inst13          ; CLOCK        ; CLOCK       ; 1.000        ; -0.037     ; 1.018      ;
; -0.068 ; reg_contador:inst3|inst8  ; reg_contador:inst3|inst12          ; CLOCK        ; CLOCK       ; 1.000        ; -0.037     ; 1.018      ;
; -0.064 ; reg_contador:inst3|inst10 ; reg_contador:inst3|inst23          ; CLOCK        ; CLOCK       ; 1.000        ; -0.037     ; 1.014      ;
; -0.062 ; reg_inicial:inst2|inst10  ; reg_contador:inst3|inst10          ; CLOCK        ; CLOCK       ; 1.000        ; -0.224     ; 0.825      ;
; -0.057 ; reg_contador:inst3|inst24 ; detectorFlancoSubida:inst21|inst18 ; CLOCK        ; CLOCK       ; 1.000        ; 0.136      ; 1.180      ;
; -0.053 ; reg_final:inst|inst26     ; detectorFlancoSubida:inst21|inst18 ; CLOCK        ; CLOCK       ; 1.000        ; 0.136      ; 1.176      ;
; -0.052 ; reg_contador:inst3|inst11 ; detectorFlancoSubida:inst21|inst18 ; CLOCK        ; CLOCK       ; 1.000        ; 0.136      ; 1.175      ;
; -0.044 ; reg_contador:inst3|inst12 ; reg_contador:inst3|inst25          ; CLOCK        ; CLOCK       ; 1.000        ; -0.037     ; 0.994      ;
; -0.033 ; reg_inicial:inst2|inst8   ; reg_contador:inst3|inst8           ; CLOCK        ; CLOCK       ; 1.000        ; -0.224     ; 0.796      ;
; -0.024 ; reg_contador:inst3|inst25 ; detectorFlancoSubida:inst21|inst18 ; CLOCK        ; CLOCK       ; 1.000        ; 0.136      ; 1.147      ;
; -0.023 ; LOAD_F                    ; reg_final:inst|inst27              ; LOAD_F       ; CLOCK       ; 0.500        ; 1.303      ; 1.793      ;
; -0.023 ; LOAD_F                    ; reg_final:inst|inst26              ; LOAD_F       ; CLOCK       ; 0.500        ; 1.303      ; 1.793      ;
; -0.023 ; LOAD_F                    ; reg_final:inst|inst25              ; LOAD_F       ; CLOCK       ; 0.500        ; 1.303      ; 1.793      ;
; 0.000  ; reg_contador:inst3|inst14 ; reg_contador:inst3|inst24          ; CLOCK        ; CLOCK       ; 1.000        ; -0.037     ; 0.950      ;
; 0.005  ; LOAD_F                    ; reg_final:inst|inst28              ; LOAD_F       ; CLOCK       ; 0.500        ; 1.306      ; 1.768      ;
; 0.006  ; reg_contador:inst3|inst14 ; detectorFlancoSubida:inst21|inst18 ; CLOCK        ; CLOCK       ; 1.000        ; 0.136      ; 1.117      ;
; 0.015  ; reg_contador:inst3|inst27 ; detectorFlancoSubida:inst21|inst18 ; CLOCK        ; CLOCK       ; 1.000        ; 0.136      ; 1.108      ;
; 0.016  ; reg_contador:inst3|inst12 ; reg_contador:inst3|inst14          ; CLOCK        ; CLOCK       ; 1.000        ; -0.037     ; 0.934      ;
; 0.017  ; reg_contador:inst3|inst25 ; reg_contador:inst3|inst26          ; CLOCK        ; CLOCK       ; 1.000        ; -0.037     ; 0.933      ;
; 0.019  ; reg_contador:inst3|inst25 ; reg_contador:inst3|inst28          ; CLOCK        ; CLOCK       ; 1.000        ; -0.037     ; 0.931      ;
; 0.019  ; reg_contador:inst3|inst25 ; reg_contador:inst3|inst27          ; CLOCK        ; CLOCK       ; 1.000        ; -0.037     ; 0.931      ;
; 0.026  ; LOAD_F                    ; reg_final:inst|inst24              ; LOAD_F       ; CLOCK       ; 0.500        ; 1.297      ; 1.738      ;
; 0.029  ; reg_contador:inst3|inst12 ; reg_contador:inst3|inst24          ; CLOCK        ; CLOCK       ; 1.000        ; -0.037     ; 0.921      ;
; 0.032  ; reg_inicial:inst2|inst28  ; reg_contador:inst3|inst28          ; CLOCK        ; CLOCK       ; 1.000        ; -0.233     ; 0.722      ;
; 0.036  ; reg_inicial:inst2|inst23  ; reg_contador:inst3|inst23          ; CLOCK        ; CLOCK       ; 1.000        ; -0.224     ; 0.727      ;
; 0.037  ; LOAD_F                    ; reg_final:inst|inst23              ; LOAD_F       ; CLOCK       ; 0.500        ; 1.304      ; 1.734      ;
; 0.037  ; LOAD_F                    ; reg_final:inst|inst14              ; LOAD_F       ; CLOCK       ; 0.500        ; 1.304      ; 1.734      ;
; 0.037  ; LOAD_F                    ; reg_final:inst|inst13              ; LOAD_F       ; CLOCK       ; 0.500        ; 1.304      ; 1.734      ;
; 0.037  ; LOAD_F                    ; reg_final:inst|inst12              ; LOAD_F       ; CLOCK       ; 0.500        ; 1.304      ; 1.734      ;
; 0.037  ; LOAD_F                    ; reg_final:inst|inst11              ; LOAD_F       ; CLOCK       ; 0.500        ; 1.304      ; 1.734      ;
; 0.037  ; LOAD_F                    ; reg_final:inst|inst10              ; LOAD_F       ; CLOCK       ; 0.500        ; 1.304      ; 1.734      ;
; 0.037  ; LOAD_F                    ; reg_final:inst|inst8               ; LOAD_F       ; CLOCK       ; 0.500        ; 1.304      ; 1.734      ;
; 0.038  ; reg_contador:inst3|inst11 ; reg_contador:inst3|inst23          ; CLOCK        ; CLOCK       ; 1.000        ; -0.037     ; 0.912      ;
; 0.041  ; reg_final:inst|inst25     ; detectorFlancoSubida:inst21|inst18 ; CLOCK        ; CLOCK       ; 1.000        ; 0.136      ; 1.082      ;
; 0.045  ; reg_contador:inst3|inst10 ; reg_contador:inst3|inst13          ; CLOCK        ; CLOCK       ; 1.000        ; -0.037     ; 0.905      ;
; 0.045  ; reg_contador:inst3|inst10 ; reg_contador:inst3|inst12          ; CLOCK        ; CLOCK       ; 1.000        ; -0.037     ; 0.905      ;
; 0.047  ; reg_inicial:inst2|inst13  ; reg_contador:inst3|inst13          ; CLOCK        ; CLOCK       ; 1.000        ; -0.225     ; 0.715      ;
; 0.047  ; reg_final:inst|inst27     ; detectorFlancoSubida:inst21|inst18 ; CLOCK        ; CLOCK       ; 1.000        ; 0.136      ; 1.076      ;
; 0.049  ; reg_contador:inst3|inst28 ; detectorFlancoSubida:inst21|inst18 ; CLOCK        ; CLOCK       ; 1.000        ; 0.136      ; 1.074      ;
; 0.052  ; reg_inicial:inst2|inst12  ; reg_contador:inst3|inst12          ; CLOCK        ; CLOCK       ; 1.000        ; -0.225     ; 0.710      ;
+--------+---------------------------+------------------------------------+--------------+-------------+--------------+------------+------------+


+-----------------------------------------------------------------------------------------------------------------------------------+
; Fast 1200mV 0C Model Setup: 'LOAD_F'                                                                                              ;
+-------+---------------------------+-------------------------+--------------+-------------+--------------+------------+------------+
; Slack ; From Node                 ; To Node                 ; Launch Clock ; Latch Clock ; Relationship ; Clock Skew ; Data Delay ;
+-------+---------------------------+-------------------------+--------------+-------------+--------------+------------+------------+
; 0.539 ; reg_contador:inst3|inst12 ; reg_final:inst28|inst12 ; CLOCK        ; LOAD_F      ; 0.500        ; 1.489      ; 1.417      ;
; 0.558 ; reg_contador:inst3|inst27 ; reg_final:inst28|inst27 ; CLOCK        ; LOAD_F      ; 0.500        ; 1.489      ; 1.398      ;
; 0.564 ; reg_contador:inst3|inst23 ; reg_final:inst28|inst23 ; CLOCK        ; LOAD_F      ; 0.500        ; 1.489      ; 1.392      ;
; 0.576 ; reg_contador:inst3|inst24 ; reg_final:inst28|inst24 ; CLOCK        ; LOAD_F      ; 0.500        ; 1.482      ; 1.373      ;
; 0.585 ; reg_contador:inst3|inst28 ; reg_final:inst28|inst28 ; CLOCK        ; LOAD_F      ; 0.500        ; 1.491      ; 1.373      ;
; 0.597 ; reg_contador:inst3|inst10 ; reg_final:inst28|inst10 ; CLOCK        ; LOAD_F      ; 0.500        ; 1.482      ; 1.352      ;
; 0.611 ; reg_contador:inst3|inst11 ; reg_final:inst28|inst11 ; CLOCK        ; LOAD_F      ; 0.500        ; 1.489      ; 1.345      ;
; 0.618 ; reg_contador:inst3|inst14 ; reg_final:inst28|inst14 ; CLOCK        ; LOAD_F      ; 0.500        ; 1.482      ; 1.331      ;
; 0.627 ; reg_contador:inst3|inst8  ; reg_final:inst28|inst8  ; CLOCK        ; LOAD_F      ; 0.500        ; 1.482      ; 1.322      ;
; 0.675 ; reg_contador:inst3|inst26 ; reg_final:inst28|inst26 ; CLOCK        ; LOAD_F      ; 0.500        ; 1.489      ; 1.281      ;
; 0.703 ; reg_contador:inst3|inst13 ; reg_final:inst28|inst13 ; CLOCK        ; LOAD_F      ; 0.500        ; 1.482      ; 1.246      ;
; 0.731 ; reg_contador:inst3|inst25 ; reg_final:inst28|inst25 ; CLOCK        ; LOAD_F      ; 0.500        ; 1.489      ; 1.225      ;
+-------+---------------------------+-------------------------+--------------+-------------+--------------+------------+------------+


+------------------------------------------------------------------------------------------------------------------------------------+
; Fast 1200mV 0C Model Hold: 'LOAD_F'                                                                                                ;
+--------+---------------------------+-------------------------+--------------+-------------+--------------+------------+------------+
; Slack  ; From Node                 ; To Node                 ; Launch Clock ; Latch Clock ; Relationship ; Clock Skew ; Data Delay ;
+--------+---------------------------+-------------------------+--------------+-------------+--------------+------------+------------+
; -0.263 ; reg_contador:inst3|inst25 ; reg_final:inst28|inst25 ; CLOCK        ; LOAD_F      ; -0.500       ; 1.648      ; 1.009      ;
; -0.226 ; reg_contador:inst3|inst26 ; reg_final:inst28|inst26 ; CLOCK        ; LOAD_F      ; -0.500       ; 1.648      ; 1.046      ;
; -0.195 ; reg_contador:inst3|inst13 ; reg_final:inst28|inst13 ; CLOCK        ; LOAD_F      ; -0.500       ; 1.641      ; 1.070      ;
; -0.180 ; reg_contador:inst3|inst14 ; reg_final:inst28|inst14 ; CLOCK        ; LOAD_F      ; -0.500       ; 1.641      ; 1.085      ;
; -0.175 ; reg_contador:inst3|inst8  ; reg_final:inst28|inst8  ; CLOCK        ; LOAD_F      ; -0.500       ; 1.641      ; 1.090      ;
; -0.171 ; reg_contador:inst3|inst11 ; reg_final:inst28|inst11 ; CLOCK        ; LOAD_F      ; -0.500       ; 1.648      ; 1.101      ;
; -0.156 ; reg_contador:inst3|inst10 ; reg_final:inst28|inst10 ; CLOCK        ; LOAD_F      ; -0.500       ; 1.641      ; 1.109      ;
; -0.144 ; reg_contador:inst3|inst28 ; reg_final:inst28|inst28 ; CLOCK        ; LOAD_F      ; -0.500       ; 1.650      ; 1.130      ;
; -0.130 ; reg_contador:inst3|inst24 ; reg_final:inst28|inst24 ; CLOCK        ; LOAD_F      ; -0.500       ; 1.641      ; 1.135      ;
; -0.119 ; reg_contador:inst3|inst27 ; reg_final:inst28|inst27 ; CLOCK        ; LOAD_F      ; -0.500       ; 1.648      ; 1.153      ;
; -0.100 ; reg_contador:inst3|inst23 ; reg_final:inst28|inst23 ; CLOCK        ; LOAD_F      ; -0.500       ; 1.648      ; 1.172      ;
; -0.077 ; reg_contador:inst3|inst12 ; reg_final:inst28|inst12 ; CLOCK        ; LOAD_F      ; -0.500       ; 1.648      ; 1.195      ;
+--------+---------------------------+-------------------------+--------------+-------------+--------------+------------+------------+


+-----------------------------------------------------------------------------------------------------------------------------------------------+
; Fast 1200mV 0C Model Hold: 'CLOCK'                                                                                                            ;
+--------+---------------------------+------------------------------------+--------------+-------------+--------------+------------+------------+
; Slack  ; From Node                 ; To Node                            ; Launch Clock ; Latch Clock ; Relationship ; Clock Skew ; Data Delay ;
+--------+---------------------------+------------------------------------+--------------+-------------+--------------+------------+------------+
; -0.151 ; LOAD_F                    ; reg_final:inst|inst23              ; LOAD_F       ; CLOCK       ; 0.000        ; 1.358      ; 1.331      ;
; -0.151 ; LOAD_F                    ; reg_final:inst|inst14              ; LOAD_F       ; CLOCK       ; 0.000        ; 1.358      ; 1.331      ;
; -0.151 ; LOAD_F                    ; reg_final:inst|inst13              ; LOAD_F       ; CLOCK       ; 0.000        ; 1.358      ; 1.331      ;
; -0.151 ; LOAD_F                    ; reg_final:inst|inst12              ; LOAD_F       ; CLOCK       ; 0.000        ; 1.358      ; 1.331      ;
; -0.151 ; LOAD_F                    ; reg_final:inst|inst11              ; LOAD_F       ; CLOCK       ; 0.000        ; 1.358      ; 1.331      ;
; -0.151 ; LOAD_F                    ; reg_final:inst|inst10              ; LOAD_F       ; CLOCK       ; 0.000        ; 1.358      ; 1.331      ;
; -0.151 ; LOAD_F                    ; reg_final:inst|inst8               ; LOAD_F       ; CLOCK       ; 0.000        ; 1.358      ; 1.331      ;
; -0.140 ; LOAD_F                    ; reg_final:inst|inst24              ; LOAD_F       ; CLOCK       ; 0.000        ; 1.350      ; 1.334      ;
; -0.119 ; LOAD_F                    ; reg_final:inst|inst28              ; LOAD_F       ; CLOCK       ; 0.000        ; 1.359      ; 1.364      ;
; -0.111 ; LOAD_F                    ; reg_final:inst|inst27              ; LOAD_F       ; CLOCK       ; 0.000        ; 1.357      ; 1.370      ;
; -0.111 ; LOAD_F                    ; reg_final:inst|inst26              ; LOAD_F       ; CLOCK       ; 0.000        ; 1.357      ; 1.370      ;
; -0.111 ; LOAD_F                    ; reg_final:inst|inst25              ; LOAD_F       ; CLOCK       ; 0.000        ; 1.357      ; 1.370      ;
; 0.186  ; reg_contador:inst3|inst28 ; reg_contador:inst3|inst28          ; CLOCK        ; CLOCK       ; 0.000        ; 0.037      ; 0.307      ;
; 0.186  ; reg_contador:inst3|inst27 ; reg_contador:inst3|inst27          ; CLOCK        ; CLOCK       ; 0.000        ; 0.037      ; 0.307      ;
; 0.186  ; reg_contador:inst3|inst26 ; reg_contador:inst3|inst26          ; CLOCK        ; CLOCK       ; 0.000        ; 0.037      ; 0.307      ;
; 0.186  ; reg_contador:inst3|inst25 ; reg_contador:inst3|inst25          ; CLOCK        ; CLOCK       ; 0.000        ; 0.037      ; 0.307      ;
; 0.186  ; reg_contador:inst3|inst24 ; reg_contador:inst3|inst24          ; CLOCK        ; CLOCK       ; 0.000        ; 0.037      ; 0.307      ;
; 0.186  ; reg_contador:inst3|inst23 ; reg_contador:inst3|inst23          ; CLOCK        ; CLOCK       ; 0.000        ; 0.037      ; 0.307      ;
; 0.186  ; reg_contador:inst3|inst14 ; reg_contador:inst3|inst14          ; CLOCK        ; CLOCK       ; 0.000        ; 0.037      ; 0.307      ;
; 0.186  ; reg_contador:inst3|inst13 ; reg_contador:inst3|inst13          ; CLOCK        ; CLOCK       ; 0.000        ; 0.037      ; 0.307      ;
; 0.186  ; reg_contador:inst3|inst12 ; reg_contador:inst3|inst12          ; CLOCK        ; CLOCK       ; 0.000        ; 0.037      ; 0.307      ;
; 0.186  ; reg_contador:inst3|inst11 ; reg_contador:inst3|inst11          ; CLOCK        ; CLOCK       ; 0.000        ; 0.037      ; 0.307      ;
; 0.186  ; reg_contador:inst3|inst10 ; reg_contador:inst3|inst10          ; CLOCK        ; CLOCK       ; 0.000        ; 0.037      ; 0.307      ;
; 0.186  ; reg_contador:inst3|inst8  ; reg_contador:inst3|inst8           ; CLOCK        ; CLOCK       ; 0.000        ; 0.037      ; 0.307      ;
; 0.304  ; reg_contador:inst3|inst13 ; detectorFlancoSubida:inst21|inst18 ; CLOCK        ; CLOCK       ; 0.000        ; 0.217      ; 0.605      ;
; 0.316  ; reg_contador:inst3|inst27 ; reg_contador:inst3|inst28          ; CLOCK        ; CLOCK       ; 0.000        ; 0.037      ; 0.437      ;
; 0.319  ; reg_contador:inst3|inst12 ; reg_contador:inst3|inst13          ; CLOCK        ; CLOCK       ; 0.000        ; 0.037      ; 0.440      ;
; 0.350  ; reg_final:inst|inst13     ; detectorFlancoSubida:inst21|inst18 ; CLOCK        ; CLOCK       ; 0.000        ; 0.217      ; 0.651      ;
; 0.377  ; reg_contador:inst3|inst26 ; reg_contador:inst3|inst27          ; CLOCK        ; CLOCK       ; 0.000        ; 0.037      ; 0.498      ;
; 0.388  ; reg_contador:inst3|inst24 ; reg_contador:inst3|inst25          ; CLOCK        ; CLOCK       ; 0.000        ; 0.037      ; 0.509      ;
; 0.421  ; reg_final:inst|inst23     ; detectorFlancoSubida:inst21|inst18 ; CLOCK        ; CLOCK       ; 0.000        ; 0.217      ; 0.722      ;
; 0.423  ; reg_final:inst|inst11     ; detectorFlancoSubida:inst21|inst18 ; CLOCK        ; CLOCK       ; 0.000        ; 0.217      ; 0.724      ;
; 0.440  ; reg_final:inst|inst10     ; detectorFlancoSubida:inst21|inst18 ; CLOCK        ; CLOCK       ; 0.000        ; 0.217      ; 0.741      ;
; 0.455  ; reg_contador:inst3|inst12 ; detectorFlancoSubida:inst21|inst18 ; CLOCK        ; CLOCK       ; 0.000        ; 0.217      ; 0.756      ;
; 0.475  ; reg_final:inst|inst12     ; detectorFlancoSubida:inst21|inst18 ; CLOCK        ; CLOCK       ; 0.000        ; 0.217      ; 0.776      ;
; 0.477  ; reg_contador:inst3|inst23 ; reg_contador:inst3|inst24          ; CLOCK        ; CLOCK       ; 0.000        ; 0.037      ; 0.598      ;
; 0.479  ; reg_contador:inst3|inst24 ; reg_contador:inst3|inst28          ; CLOCK        ; CLOCK       ; 0.000        ; 0.037      ; 0.600      ;
; 0.479  ; reg_contador:inst3|inst24 ; reg_contador:inst3|inst27          ; CLOCK        ; CLOCK       ; 0.000        ; 0.037      ; 0.600      ;
; 0.480  ; reg_contador:inst3|inst24 ; reg_contador:inst3|inst26          ; CLOCK        ; CLOCK       ; 0.000        ; 0.037      ; 0.601      ;
; 0.492  ; reg_contador:inst3|inst10 ; reg_contador:inst3|inst11          ; CLOCK        ; CLOCK       ; 0.000        ; 0.037      ; 0.613      ;
; 0.506  ; reg_contador:inst3|inst12 ; reg_contador:inst3|inst23          ; CLOCK        ; CLOCK       ; 0.000        ; 0.037      ; 0.627      ;
; 0.511  ; reg_contador:inst3|inst14 ; reg_contador:inst3|inst23          ; CLOCK        ; CLOCK       ; 0.000        ; 0.037      ; 0.632      ;
; 0.528  ; reg_inicial:inst2|inst26  ; reg_contador:inst3|inst26          ; CLOCK        ; CLOCK       ; 0.000        ; -0.149     ; 0.463      ;
; 0.531  ; reg_contador:inst3|inst8  ; detectorFlancoSubida:inst21|inst18 ; CLOCK        ; CLOCK       ; 0.000        ; 0.217      ; 0.832      ;
; 0.541  ; reg_final:inst|inst8      ; detectorFlancoSubida:inst21|inst18 ; CLOCK        ; CLOCK       ; 0.000        ; 0.217      ; 0.842      ;
; 0.542  ; reg_contador:inst3|inst8  ; reg_contador:inst3|inst10          ; CLOCK        ; CLOCK       ; 0.000        ; 0.037      ; 0.663      ;
; 0.543  ; reg_contador:inst3|inst23 ; reg_contador:inst3|inst25          ; CLOCK        ; CLOCK       ; 0.000        ; 0.037      ; 0.664      ;
; 0.545  ; reg_final:inst|inst14     ; detectorFlancoSubida:inst21|inst18 ; CLOCK        ; CLOCK       ; 0.000        ; 0.217      ; 0.846      ;
; 0.565  ; reg_contador:inst3|inst13 ; reg_contador:inst3|inst23          ; CLOCK        ; CLOCK       ; 0.000        ; 0.037      ; 0.686      ;
; 0.567  ; reg_contador:inst3|inst11 ; reg_contador:inst3|inst13          ; CLOCK        ; CLOCK       ; 0.000        ; 0.037      ; 0.688      ;
; 0.567  ; reg_contador:inst3|inst11 ; reg_contador:inst3|inst12          ; CLOCK        ; CLOCK       ; 0.000        ; 0.037      ; 0.688      ;
; 0.577  ; reg_final:inst|inst28     ; detectorFlancoSubida:inst21|inst18 ; CLOCK        ; CLOCK       ; 0.000        ; 0.215      ; 0.876      ;
; 0.583  ; reg_contador:inst3|inst23 ; detectorFlancoSubida:inst21|inst18 ; CLOCK        ; CLOCK       ; 0.000        ; 0.217      ; 0.884      ;
; 0.596  ; reg_contador:inst3|inst8  ; reg_contador:inst3|inst11          ; CLOCK        ; CLOCK       ; 0.000        ; 0.037      ; 0.717      ;
; 0.609  ; reg_contador:inst3|inst26 ; reg_contador:inst3|inst28          ; CLOCK        ; CLOCK       ; 0.000        ; 0.037      ; 0.730      ;
; 0.610  ; reg_contador:inst3|inst14 ; detectorFlancoSubida:inst21|inst18 ; CLOCK        ; CLOCK       ; 0.000        ; 0.217      ; 0.911      ;
; 0.611  ; reg_contador:inst3|inst28 ; detectorFlancoSubida:inst21|inst18 ; CLOCK        ; CLOCK       ; 0.000        ; 0.217      ; 0.912      ;
; 0.617  ; reg_final:inst|inst27     ; detectorFlancoSubida:inst21|inst18 ; CLOCK        ; CLOCK       ; 0.000        ; 0.218      ; 0.919      ;
; 0.619  ; reg_inicial:inst2|inst25  ; reg_contador:inst3|inst25          ; CLOCK        ; CLOCK       ; 0.000        ; -0.149     ; 0.554      ;
; 0.626  ; reg_final:inst|inst25     ; detectorFlancoSubida:inst21|inst18 ; CLOCK        ; CLOCK       ; 0.000        ; 0.218      ; 0.928      ;
; 0.632  ; reg_inicial:inst2|inst27  ; reg_contador:inst3|inst27          ; CLOCK        ; CLOCK       ; 0.000        ; -0.149     ; 0.567      ;
; 0.636  ; reg_contador:inst3|inst23 ; reg_contador:inst3|inst28          ; CLOCK        ; CLOCK       ; 0.000        ; 0.037      ; 0.757      ;
; 0.636  ; reg_contador:inst3|inst23 ; reg_contador:inst3|inst27          ; CLOCK        ; CLOCK       ; 0.000        ; 0.037      ; 0.757      ;
; 0.637  ; reg_contador:inst3|inst23 ; reg_contador:inst3|inst26          ; CLOCK        ; CLOCK       ; 0.000        ; 0.037      ; 0.758      ;
; 0.657  ; reg_contador:inst3|inst25 ; reg_contador:inst3|inst28          ; CLOCK        ; CLOCK       ; 0.000        ; 0.037      ; 0.778      ;
; 0.657  ; reg_contador:inst3|inst25 ; reg_contador:inst3|inst27          ; CLOCK        ; CLOCK       ; 0.000        ; 0.037      ; 0.778      ;
; 0.658  ; reg_contador:inst3|inst25 ; reg_contador:inst3|inst26          ; CLOCK        ; CLOCK       ; 0.000        ; 0.037      ; 0.779      ;
; 0.658  ; reg_contador:inst3|inst27 ; detectorFlancoSubida:inst21|inst18 ; CLOCK        ; CLOCK       ; 0.000        ; 0.217      ; 0.959      ;
; 0.659  ; reg_inicial:inst2|inst24  ; reg_contador:inst3|inst24          ; CLOCK        ; CLOCK       ; 0.000        ; -0.142     ; 0.601      ;
; 0.664  ; reg_contador:inst3|inst11 ; reg_contador:inst3|inst23          ; CLOCK        ; CLOCK       ; 0.000        ; 0.037      ; 0.785      ;
; 0.665  ; reg_contador:inst3|inst10 ; reg_contador:inst3|inst13          ; CLOCK        ; CLOCK       ; 0.000        ; 0.037      ; 0.786      ;
; 0.665  ; reg_contador:inst3|inst10 ; reg_contador:inst3|inst12          ; CLOCK        ; CLOCK       ; 0.000        ; 0.037      ; 0.786      ;
; 0.671  ; reg_contador:inst3|inst14 ; reg_contador:inst3|inst24          ; CLOCK        ; CLOCK       ; 0.000        ; 0.037      ; 0.792      ;
; 0.673  ; reg_inicial:inst2|inst14  ; reg_contador:inst3|inst14          ; CLOCK        ; CLOCK       ; 0.000        ; -0.143     ; 0.614      ;
; 0.673  ; reg_inicial:inst2|inst11  ; reg_contador:inst3|inst11          ; CLOCK        ; CLOCK       ; 0.000        ; -0.143     ; 0.614      ;
; 0.675  ; reg_contador:inst3|inst12 ; reg_contador:inst3|inst24          ; CLOCK        ; CLOCK       ; 0.000        ; 0.037      ; 0.796      ;
; 0.679  ; reg_inicial:inst2|inst12  ; reg_contador:inst3|inst12          ; CLOCK        ; CLOCK       ; 0.000        ; -0.143     ; 0.620      ;
; 0.679  ; reg_final:inst|inst26     ; detectorFlancoSubida:inst21|inst18 ; CLOCK        ; CLOCK       ; 0.000        ; 0.218      ; 0.981      ;
; 0.682  ; reg_inicial:inst2|inst13  ; reg_contador:inst3|inst13          ; CLOCK        ; CLOCK       ; 0.000        ; -0.143     ; 0.623      ;
; 0.683  ; reg_contador:inst3|inst12 ; reg_contador:inst3|inst14          ; CLOCK        ; CLOCK       ; 0.000        ; 0.037      ; 0.804      ;
; 0.690  ; reg_inicial:inst2|inst23  ; reg_contador:inst3|inst23          ; CLOCK        ; CLOCK       ; 0.000        ; -0.143     ; 0.631      ;
; 0.692  ; reg_contador:inst3|inst11 ; detectorFlancoSubida:inst21|inst18 ; CLOCK        ; CLOCK       ; 0.000        ; 0.217      ; 0.993      ;
; 0.697  ; reg_inicial:inst2|inst28  ; reg_contador:inst3|inst28          ; CLOCK        ; CLOCK       ; 0.000        ; -0.151     ; 0.630      ;
; 0.703  ; reg_contador:inst3|inst25 ; detectorFlancoSubida:inst21|inst18 ; CLOCK        ; CLOCK       ; 0.000        ; 0.217      ; 1.004      ;
; 0.719  ; reg_contador:inst3|inst10 ; detectorFlancoSubida:inst21|inst18 ; CLOCK        ; CLOCK       ; 0.000        ; 0.217      ; 1.020      ;
; 0.723  ; reg_contador:inst3|inst24 ; detectorFlancoSubida:inst21|inst18 ; CLOCK        ; CLOCK       ; 0.000        ; 0.217      ; 1.024      ;
; 0.734  ; reg_contador:inst3|inst13 ; reg_contador:inst3|inst24          ; CLOCK        ; CLOCK       ; 0.000        ; 0.037      ; 0.855      ;
; 0.737  ; reg_contador:inst3|inst14 ; reg_contador:inst3|inst25          ; CLOCK        ; CLOCK       ; 0.000        ; 0.037      ; 0.858      ;
; 0.741  ; reg_contador:inst3|inst12 ; reg_contador:inst3|inst25          ; CLOCK        ; CLOCK       ; 0.000        ; 0.037      ; 0.862      ;
; 0.742  ; reg_contador:inst3|inst13 ; reg_contador:inst3|inst14          ; CLOCK        ; CLOCK       ; 0.000        ; 0.037      ; 0.863      ;
; 0.751  ; reg_contador:inst3|inst26 ; detectorFlancoSubida:inst21|inst18 ; CLOCK        ; CLOCK       ; 0.000        ; 0.217      ; 1.052      ;
; 0.759  ; reg_inicial:inst2|inst8   ; reg_contador:inst3|inst8           ; CLOCK        ; CLOCK       ; 0.000        ; -0.143     ; 0.700      ;
; 0.762  ; reg_contador:inst3|inst10 ; reg_contador:inst3|inst23          ; CLOCK        ; CLOCK       ; 0.000        ; 0.037      ; 0.883      ;
; 0.762  ; LOAD_F                    ; reg_final:inst|inst23              ; LOAD_F       ; CLOCK       ; -0.500       ; 1.358      ; 1.744      ;
; 0.762  ; LOAD_F                    ; reg_final:inst|inst14              ; LOAD_F       ; CLOCK       ; -0.500       ; 1.358      ; 1.744      ;
; 0.762  ; LOAD_F                    ; reg_final:inst|inst13              ; LOAD_F       ; CLOCK       ; -0.500       ; 1.358      ; 1.744      ;
; 0.762  ; LOAD_F                    ; reg_final:inst|inst12              ; LOAD_F       ; CLOCK       ; -0.500       ; 1.358      ; 1.744      ;
; 0.762  ; LOAD_F                    ; reg_final:inst|inst11              ; LOAD_F       ; CLOCK       ; -0.500       ; 1.358      ; 1.744      ;
; 0.762  ; LOAD_F                    ; reg_final:inst|inst10              ; LOAD_F       ; CLOCK       ; -0.500       ; 1.358      ; 1.744      ;
; 0.762  ; LOAD_F                    ; reg_final:inst|inst8               ; LOAD_F       ; CLOCK       ; -0.500       ; 1.358      ; 1.744      ;
+--------+---------------------------+------------------------------------+--------------+-------------+--------------+------------+------------+


+--------------------------------------------------------------------------------------------------------------------+
; Fast 1200mV 0C Model Minimum Pulse Width: 'CLOCK'                                                                  ;
+--------+--------------+----------------+-----------------+-------+------------+------------------------------------+
; Slack  ; Actual Width ; Required Width ; Type            ; Clock ; Clock Edge ; Target                             ;
+--------+--------------+----------------+-----------------+-------+------------+------------------------------------+
; -3.000 ; 1.000        ; 4.000          ; Port Rate       ; CLOCK ; Rise       ; CLOCK                              ;
; -1.000 ; 1.000        ; 2.000          ; Min Period      ; CLOCK ; Rise       ; detectorFlancoSubida:inst21|inst18 ;
; -1.000 ; 1.000        ; 2.000          ; Min Period      ; CLOCK ; Rise       ; reg_contador:inst3|inst10          ;
; -1.000 ; 1.000        ; 2.000          ; Min Period      ; CLOCK ; Rise       ; reg_contador:inst3|inst11          ;
; -1.000 ; 1.000        ; 2.000          ; Min Period      ; CLOCK ; Rise       ; reg_contador:inst3|inst12          ;
; -1.000 ; 1.000        ; 2.000          ; Min Period      ; CLOCK ; Rise       ; reg_contador:inst3|inst13          ;
; -1.000 ; 1.000        ; 2.000          ; Min Period      ; CLOCK ; Rise       ; reg_contador:inst3|inst14          ;
; -1.000 ; 1.000        ; 2.000          ; Min Period      ; CLOCK ; Rise       ; reg_contador:inst3|inst23          ;
; -1.000 ; 1.000        ; 2.000          ; Min Period      ; CLOCK ; Rise       ; reg_contador:inst3|inst24          ;
; -1.000 ; 1.000        ; 2.000          ; Min Period      ; CLOCK ; Rise       ; reg_contador:inst3|inst25          ;
; -1.000 ; 1.000        ; 2.000          ; Min Period      ; CLOCK ; Rise       ; reg_contador:inst3|inst26          ;
; -1.000 ; 1.000        ; 2.000          ; Min Period      ; CLOCK ; Rise       ; reg_contador:inst3|inst27          ;
; -1.000 ; 1.000        ; 2.000          ; Min Period      ; CLOCK ; Rise       ; reg_contador:inst3|inst28          ;
; -1.000 ; 1.000        ; 2.000          ; Min Period      ; CLOCK ; Rise       ; reg_contador:inst3|inst8           ;
; -1.000 ; 1.000        ; 2.000          ; Min Period      ; CLOCK ; Rise       ; reg_final:inst|inst10              ;
; -1.000 ; 1.000        ; 2.000          ; Min Period      ; CLOCK ; Rise       ; reg_final:inst|inst11              ;
; -1.000 ; 1.000        ; 2.000          ; Min Period      ; CLOCK ; Rise       ; reg_final:inst|inst12              ;
; -1.000 ; 1.000        ; 2.000          ; Min Period      ; CLOCK ; Rise       ; reg_final:inst|inst13              ;
; -1.000 ; 1.000        ; 2.000          ; Min Period      ; CLOCK ; Rise       ; reg_final:inst|inst14              ;
; -1.000 ; 1.000        ; 2.000          ; Min Period      ; CLOCK ; Rise       ; reg_final:inst|inst23              ;
; -1.000 ; 1.000        ; 2.000          ; Min Period      ; CLOCK ; Rise       ; reg_final:inst|inst24              ;
; -1.000 ; 1.000        ; 2.000          ; Min Period      ; CLOCK ; Rise       ; reg_final:inst|inst25              ;
; -1.000 ; 1.000        ; 2.000          ; Min Period      ; CLOCK ; Rise       ; reg_final:inst|inst26              ;
; -1.000 ; 1.000        ; 2.000          ; Min Period      ; CLOCK ; Rise       ; reg_final:inst|inst27              ;
; -1.000 ; 1.000        ; 2.000          ; Min Period      ; CLOCK ; Rise       ; reg_final:inst|inst28              ;
; -1.000 ; 1.000        ; 2.000          ; Min Period      ; CLOCK ; Rise       ; reg_final:inst|inst8               ;
; -1.000 ; 1.000        ; 2.000          ; Min Period      ; CLOCK ; Rise       ; reg_inicial:inst2|inst10           ;
; -1.000 ; 1.000        ; 2.000          ; Min Period      ; CLOCK ; Rise       ; reg_inicial:inst2|inst11           ;
; -1.000 ; 1.000        ; 2.000          ; Min Period      ; CLOCK ; Rise       ; reg_inicial:inst2|inst12           ;
; -1.000 ; 1.000        ; 2.000          ; Min Period      ; CLOCK ; Rise       ; reg_inicial:inst2|inst13           ;
; -1.000 ; 1.000        ; 2.000          ; Min Period      ; CLOCK ; Rise       ; reg_inicial:inst2|inst14           ;
; -1.000 ; 1.000        ; 2.000          ; Min Period      ; CLOCK ; Rise       ; reg_inicial:inst2|inst23           ;
; -1.000 ; 1.000        ; 2.000          ; Min Period      ; CLOCK ; Rise       ; reg_inicial:inst2|inst24           ;
; -1.000 ; 1.000        ; 2.000          ; Min Period      ; CLOCK ; Rise       ; reg_inicial:inst2|inst25           ;
; -1.000 ; 1.000        ; 2.000          ; Min Period      ; CLOCK ; Rise       ; reg_inicial:inst2|inst26           ;
; -1.000 ; 1.000        ; 2.000          ; Min Period      ; CLOCK ; Rise       ; reg_inicial:inst2|inst27           ;
; -1.000 ; 1.000        ; 2.000          ; Min Period      ; CLOCK ; Rise       ; reg_inicial:inst2|inst28           ;
; -1.000 ; 1.000        ; 2.000          ; Min Period      ; CLOCK ; Rise       ; reg_inicial:inst2|inst8            ;
; -0.065 ; 0.119        ; 0.184          ; Low Pulse Width ; CLOCK ; Rise       ; reg_inicial:inst2|inst25           ;
; -0.065 ; 0.119        ; 0.184          ; Low Pulse Width ; CLOCK ; Rise       ; reg_inicial:inst2|inst26           ;
; -0.065 ; 0.119        ; 0.184          ; Low Pulse Width ; CLOCK ; Rise       ; reg_inicial:inst2|inst27           ;
; -0.060 ; 0.124        ; 0.184          ; Low Pulse Width ; CLOCK ; Rise       ; reg_inicial:inst2|inst28           ;
; -0.057 ; 0.127        ; 0.184          ; Low Pulse Width ; CLOCK ; Rise       ; reg_inicial:inst2|inst10           ;
; -0.057 ; 0.127        ; 0.184          ; Low Pulse Width ; CLOCK ; Rise       ; reg_inicial:inst2|inst11           ;
; -0.057 ; 0.127        ; 0.184          ; Low Pulse Width ; CLOCK ; Rise       ; reg_inicial:inst2|inst23           ;
; -0.057 ; 0.127        ; 0.184          ; Low Pulse Width ; CLOCK ; Rise       ; reg_inicial:inst2|inst8            ;
; -0.056 ; 0.128        ; 0.184          ; Low Pulse Width ; CLOCK ; Rise       ; reg_inicial:inst2|inst12           ;
; -0.056 ; 0.128        ; 0.184          ; Low Pulse Width ; CLOCK ; Rise       ; reg_inicial:inst2|inst13           ;
; -0.056 ; 0.128        ; 0.184          ; Low Pulse Width ; CLOCK ; Rise       ; reg_inicial:inst2|inst14           ;
; -0.056 ; 0.128        ; 0.184          ; Low Pulse Width ; CLOCK ; Rise       ; reg_inicial:inst2|inst24           ;
; -0.049 ; 0.135        ; 0.184          ; Low Pulse Width ; CLOCK ; Rise       ; detectorFlancoSubida:inst21|inst18 ;
; -0.034 ; 0.150        ; 0.184          ; Low Pulse Width ; CLOCK ; Rise       ; reg_contador:inst3|inst11          ;
; -0.034 ; 0.150        ; 0.184          ; Low Pulse Width ; CLOCK ; Rise       ; reg_contador:inst3|inst12          ;
; -0.034 ; 0.150        ; 0.184          ; Low Pulse Width ; CLOCK ; Rise       ; reg_contador:inst3|inst13          ;
; -0.034 ; 0.150        ; 0.184          ; Low Pulse Width ; CLOCK ; Rise       ; reg_contador:inst3|inst14          ;
; -0.034 ; 0.150        ; 0.184          ; Low Pulse Width ; CLOCK ; Rise       ; reg_contador:inst3|inst25          ;
; -0.033 ; 0.151        ; 0.184          ; Low Pulse Width ; CLOCK ; Rise       ; reg_contador:inst3|inst10          ;
; -0.033 ; 0.151        ; 0.184          ; Low Pulse Width ; CLOCK ; Rise       ; reg_contador:inst3|inst23          ;
; -0.033 ; 0.151        ; 0.184          ; Low Pulse Width ; CLOCK ; Rise       ; reg_contador:inst3|inst24          ;
; -0.033 ; 0.151        ; 0.184          ; Low Pulse Width ; CLOCK ; Rise       ; reg_contador:inst3|inst26          ;
; -0.033 ; 0.151        ; 0.184          ; Low Pulse Width ; CLOCK ; Rise       ; reg_contador:inst3|inst27          ;
; -0.033 ; 0.151        ; 0.184          ; Low Pulse Width ; CLOCK ; Rise       ; reg_contador:inst3|inst28          ;
; -0.033 ; 0.151        ; 0.184          ; Low Pulse Width ; CLOCK ; Rise       ; reg_contador:inst3|inst8           ;
; -0.033 ; 0.151        ; 0.184          ; Low Pulse Width ; CLOCK ; Rise       ; reg_final:inst|inst10              ;
; -0.033 ; 0.151        ; 0.184          ; Low Pulse Width ; CLOCK ; Rise       ; reg_final:inst|inst11              ;
; -0.033 ; 0.151        ; 0.184          ; Low Pulse Width ; CLOCK ; Rise       ; reg_final:inst|inst12              ;
; -0.033 ; 0.151        ; 0.184          ; Low Pulse Width ; CLOCK ; Rise       ; reg_final:inst|inst13              ;
; -0.033 ; 0.151        ; 0.184          ; Low Pulse Width ; CLOCK ; Rise       ; reg_final:inst|inst14              ;
; -0.033 ; 0.151        ; 0.184          ; Low Pulse Width ; CLOCK ; Rise       ; reg_final:inst|inst23              ;
; -0.033 ; 0.151        ; 0.184          ; Low Pulse Width ; CLOCK ; Rise       ; reg_final:inst|inst25              ;
; -0.033 ; 0.151        ; 0.184          ; Low Pulse Width ; CLOCK ; Rise       ; reg_final:inst|inst26              ;
; -0.033 ; 0.151        ; 0.184          ; Low Pulse Width ; CLOCK ; Rise       ; reg_final:inst|inst27              ;
; -0.033 ; 0.151        ; 0.184          ; Low Pulse Width ; CLOCK ; Rise       ; reg_final:inst|inst28              ;
; -0.033 ; 0.151        ; 0.184          ; Low Pulse Width ; CLOCK ; Rise       ; reg_final:inst|inst8               ;
; -0.030 ; 0.154        ; 0.184          ; Low Pulse Width ; CLOCK ; Rise       ; reg_final:inst|inst24              ;
; 0.115  ; 0.115        ; 0.000          ; Low Pulse Width ; CLOCK ; Rise       ; inst2|inst25|clk                   ;
; 0.115  ; 0.115        ; 0.000          ; Low Pulse Width ; CLOCK ; Rise       ; inst2|inst26|clk                   ;
; 0.115  ; 0.115        ; 0.000          ; Low Pulse Width ; CLOCK ; Rise       ; inst2|inst27|clk                   ;
; 0.120  ; 0.120        ; 0.000          ; Low Pulse Width ; CLOCK ; Rise       ; inst2|inst28|clk                   ;
; 0.123  ; 0.123        ; 0.000          ; Low Pulse Width ; CLOCK ; Rise       ; inst2|inst10|clk                   ;
; 0.123  ; 0.123        ; 0.000          ; Low Pulse Width ; CLOCK ; Rise       ; inst2|inst11|clk                   ;
; 0.123  ; 0.123        ; 0.000          ; Low Pulse Width ; CLOCK ; Rise       ; inst2|inst23|clk                   ;
; 0.123  ; 0.123        ; 0.000          ; Low Pulse Width ; CLOCK ; Rise       ; inst2|inst8|clk                    ;
; 0.124  ; 0.124        ; 0.000          ; Low Pulse Width ; CLOCK ; Rise       ; inst2|inst12|clk                   ;
; 0.124  ; 0.124        ; 0.000          ; Low Pulse Width ; CLOCK ; Rise       ; inst2|inst13|clk                   ;
; 0.124  ; 0.124        ; 0.000          ; Low Pulse Width ; CLOCK ; Rise       ; inst2|inst14|clk                   ;
; 0.124  ; 0.124        ; 0.000          ; Low Pulse Width ; CLOCK ; Rise       ; inst2|inst24|clk                   ;
; 0.125  ; 0.125        ; 0.000          ; Low Pulse Width ; CLOCK ; Rise       ; CLOCK~input|o                      ;
; 0.131  ; 0.131        ; 0.000          ; Low Pulse Width ; CLOCK ; Rise       ; inst21|inst18|clk                  ;
; 0.139  ; 0.139        ; 0.000          ; Low Pulse Width ; CLOCK ; Rise       ; CLOCK~inputclkctrl|inclk[0]        ;
; 0.139  ; 0.139        ; 0.000          ; Low Pulse Width ; CLOCK ; Rise       ; CLOCK~inputclkctrl|outclk          ;
; 0.146  ; 0.146        ; 0.000          ; Low Pulse Width ; CLOCK ; Rise       ; inst3|inst11|clk                   ;
; 0.146  ; 0.146        ; 0.000          ; Low Pulse Width ; CLOCK ; Rise       ; inst3|inst12|clk                   ;
; 0.146  ; 0.146        ; 0.000          ; Low Pulse Width ; CLOCK ; Rise       ; inst3|inst13|clk                   ;
; 0.146  ; 0.146        ; 0.000          ; Low Pulse Width ; CLOCK ; Rise       ; inst3|inst14|clk                   ;
; 0.146  ; 0.146        ; 0.000          ; Low Pulse Width ; CLOCK ; Rise       ; inst3|inst25|clk                   ;
; 0.146  ; 0.146        ; 0.000          ; Low Pulse Width ; CLOCK ; Rise       ; inst|inst10|clk                    ;
; 0.146  ; 0.146        ; 0.000          ; Low Pulse Width ; CLOCK ; Rise       ; inst|inst11|clk                    ;
; 0.146  ; 0.146        ; 0.000          ; Low Pulse Width ; CLOCK ; Rise       ; inst|inst12|clk                    ;
; 0.146  ; 0.146        ; 0.000          ; Low Pulse Width ; CLOCK ; Rise       ; inst|inst13|clk                    ;
+--------+--------------+----------------+-----------------+-------+------------+------------------------------------+


+-----------------------------------------------------------------------------------------------------------+
; Fast 1200mV 0C Model Minimum Pulse Width: 'LOAD_F'                                                        ;
+--------+--------------+----------------+------------------+--------+------------+-------------------------+
; Slack  ; Actual Width ; Required Width ; Type             ; Clock  ; Clock Edge ; Target                  ;
+--------+--------------+----------------+------------------+--------+------------+-------------------------+
; -3.000 ; 1.000        ; 4.000          ; Port Rate        ; LOAD_F ; Rise       ; LOAD_F                  ;
; -1.000 ; 1.000        ; 2.000          ; Min Period       ; LOAD_F ; Fall       ; reg_final:inst28|inst10 ;
; -1.000 ; 1.000        ; 2.000          ; Min Period       ; LOAD_F ; Fall       ; reg_final:inst28|inst11 ;
; -1.000 ; 1.000        ; 2.000          ; Min Period       ; LOAD_F ; Fall       ; reg_final:inst28|inst12 ;
; -1.000 ; 1.000        ; 2.000          ; Min Period       ; LOAD_F ; Fall       ; reg_final:inst28|inst13 ;
; -1.000 ; 1.000        ; 2.000          ; Min Period       ; LOAD_F ; Fall       ; reg_final:inst28|inst14 ;
; -1.000 ; 1.000        ; 2.000          ; Min Period       ; LOAD_F ; Fall       ; reg_final:inst28|inst23 ;
; -1.000 ; 1.000        ; 2.000          ; Min Period       ; LOAD_F ; Fall       ; reg_final:inst28|inst24 ;
; -1.000 ; 1.000        ; 2.000          ; Min Period       ; LOAD_F ; Fall       ; reg_final:inst28|inst25 ;
; -1.000 ; 1.000        ; 2.000          ; Min Period       ; LOAD_F ; Fall       ; reg_final:inst28|inst26 ;
; -1.000 ; 1.000        ; 2.000          ; Min Period       ; LOAD_F ; Fall       ; reg_final:inst28|inst27 ;
; -1.000 ; 1.000        ; 2.000          ; Min Period       ; LOAD_F ; Fall       ; reg_final:inst28|inst28 ;
; -1.000 ; 1.000        ; 2.000          ; Min Period       ; LOAD_F ; Fall       ; reg_final:inst28|inst8  ;
; -0.197 ; 0.019        ; 0.216          ; High Pulse Width ; LOAD_F ; Fall       ; reg_final:inst28|inst24 ;
; -0.196 ; 0.020        ; 0.216          ; High Pulse Width ; LOAD_F ; Fall       ; reg_final:inst28|inst10 ;
; -0.196 ; 0.020        ; 0.216          ; High Pulse Width ; LOAD_F ; Fall       ; reg_final:inst28|inst13 ;
; -0.196 ; 0.020        ; 0.216          ; High Pulse Width ; LOAD_F ; Fall       ; reg_final:inst28|inst14 ;
; -0.196 ; 0.020        ; 0.216          ; High Pulse Width ; LOAD_F ; Fall       ; reg_final:inst28|inst8  ;
; -0.194 ; 0.022        ; 0.216          ; High Pulse Width ; LOAD_F ; Fall       ; reg_final:inst28|inst25 ;
; -0.194 ; 0.022        ; 0.216          ; High Pulse Width ; LOAD_F ; Fall       ; reg_final:inst28|inst26 ;
; -0.194 ; 0.022        ; 0.216          ; High Pulse Width ; LOAD_F ; Fall       ; reg_final:inst28|inst27 ;
; -0.194 ; 0.022        ; 0.216          ; High Pulse Width ; LOAD_F ; Fall       ; reg_final:inst28|inst28 ;
; -0.193 ; 0.023        ; 0.216          ; High Pulse Width ; LOAD_F ; Fall       ; reg_final:inst28|inst11 ;
; -0.193 ; 0.023        ; 0.216          ; High Pulse Width ; LOAD_F ; Fall       ; reg_final:inst28|inst12 ;
; -0.193 ; 0.023        ; 0.216          ; High Pulse Width ; LOAD_F ; Fall       ; reg_final:inst28|inst23 ;
; 0.023  ; 0.023        ; 0.000          ; High Pulse Width ; LOAD_F ; Fall       ; inst28|inst24|clk       ;
; 0.024  ; 0.024        ; 0.000          ; High Pulse Width ; LOAD_F ; Fall       ; inst28|inst10|clk       ;
; 0.024  ; 0.024        ; 0.000          ; High Pulse Width ; LOAD_F ; Fall       ; inst28|inst13|clk       ;
; 0.024  ; 0.024        ; 0.000          ; High Pulse Width ; LOAD_F ; Fall       ; inst28|inst14|clk       ;
; 0.024  ; 0.024        ; 0.000          ; High Pulse Width ; LOAD_F ; Fall       ; inst28|inst8|clk        ;
; 0.025  ; 0.025        ; 0.000          ; High Pulse Width ; LOAD_F ; Fall       ; inst25|combout          ;
; 0.026  ; 0.026        ; 0.000          ; High Pulse Width ; LOAD_F ; Fall       ; inst28|inst25|clk       ;
; 0.026  ; 0.026        ; 0.000          ; High Pulse Width ; LOAD_F ; Fall       ; inst28|inst26|clk       ;
; 0.026  ; 0.026        ; 0.000          ; High Pulse Width ; LOAD_F ; Fall       ; inst28|inst27|clk       ;
; 0.026  ; 0.026        ; 0.000          ; High Pulse Width ; LOAD_F ; Fall       ; inst28|inst28|clk       ;
; 0.027  ; 0.027        ; 0.000          ; High Pulse Width ; LOAD_F ; Fall       ; inst28|inst11|clk       ;
; 0.027  ; 0.027        ; 0.000          ; High Pulse Width ; LOAD_F ; Fall       ; inst28|inst12|clk       ;
; 0.027  ; 0.027        ; 0.000          ; High Pulse Width ; LOAD_F ; Fall       ; inst28|inst23|clk       ;
; 0.029  ; 0.029        ; 0.000          ; High Pulse Width ; LOAD_F ; Fall       ; inst25~clkctrl|inclk[0] ;
; 0.029  ; 0.029        ; 0.000          ; High Pulse Width ; LOAD_F ; Fall       ; inst25~clkctrl|outclk   ;
; 0.031  ; 0.031        ; 0.000          ; Low Pulse Width  ; LOAD_F ; Rise       ; inst25|datad            ;
; 0.125  ; 0.125        ; 0.000          ; Low Pulse Width  ; LOAD_F ; Rise       ; LOAD_F~input|o          ;
; 0.500  ; 0.500        ; 0.000          ; High Pulse Width ; LOAD_F ; Rise       ; LOAD_F~input|i          ;
; 0.500  ; 0.500        ; 0.000          ; Low Pulse Width  ; LOAD_F ; Rise       ; LOAD_F~input|i          ;
; 0.791  ; 0.975        ; 0.184          ; Low Pulse Width  ; LOAD_F ; Fall       ; reg_final:inst28|inst11 ;
; 0.791  ; 0.975        ; 0.184          ; Low Pulse Width  ; LOAD_F ; Fall       ; reg_final:inst28|inst12 ;
; 0.791  ; 0.975        ; 0.184          ; Low Pulse Width  ; LOAD_F ; Fall       ; reg_final:inst28|inst23 ;
; 0.792  ; 0.976        ; 0.184          ; Low Pulse Width  ; LOAD_F ; Fall       ; reg_final:inst28|inst25 ;
; 0.792  ; 0.976        ; 0.184          ; Low Pulse Width  ; LOAD_F ; Fall       ; reg_final:inst28|inst26 ;
; 0.792  ; 0.976        ; 0.184          ; Low Pulse Width  ; LOAD_F ; Fall       ; reg_final:inst28|inst27 ;
; 0.792  ; 0.976        ; 0.184          ; Low Pulse Width  ; LOAD_F ; Fall       ; reg_final:inst28|inst28 ;
; 0.794  ; 0.978        ; 0.184          ; Low Pulse Width  ; LOAD_F ; Fall       ; reg_final:inst28|inst10 ;
; 0.794  ; 0.978        ; 0.184          ; Low Pulse Width  ; LOAD_F ; Fall       ; reg_final:inst28|inst13 ;
; 0.794  ; 0.978        ; 0.184          ; Low Pulse Width  ; LOAD_F ; Fall       ; reg_final:inst28|inst14 ;
; 0.794  ; 0.978        ; 0.184          ; Low Pulse Width  ; LOAD_F ; Fall       ; reg_final:inst28|inst24 ;
; 0.794  ; 0.978        ; 0.184          ; Low Pulse Width  ; LOAD_F ; Fall       ; reg_final:inst28|inst8  ;
; 0.875  ; 0.875        ; 0.000          ; High Pulse Width ; LOAD_F ; Rise       ; LOAD_F~input|o          ;
; 0.966  ; 0.966        ; 0.000          ; High Pulse Width ; LOAD_F ; Rise       ; inst25|datad            ;
; 0.967  ; 0.967        ; 0.000          ; Low Pulse Width  ; LOAD_F ; Fall       ; inst25~clkctrl|inclk[0] ;
; 0.967  ; 0.967        ; 0.000          ; Low Pulse Width  ; LOAD_F ; Fall       ; inst25~clkctrl|outclk   ;
; 0.969  ; 0.969        ; 0.000          ; Low Pulse Width  ; LOAD_F ; Fall       ; inst28|inst11|clk       ;
; 0.969  ; 0.969        ; 0.000          ; Low Pulse Width  ; LOAD_F ; Fall       ; inst28|inst12|clk       ;
; 0.969  ; 0.969        ; 0.000          ; Low Pulse Width  ; LOAD_F ; Fall       ; inst28|inst23|clk       ;
; 0.970  ; 0.970        ; 0.000          ; Low Pulse Width  ; LOAD_F ; Fall       ; inst28|inst25|clk       ;
; 0.970  ; 0.970        ; 0.000          ; Low Pulse Width  ; LOAD_F ; Fall       ; inst28|inst26|clk       ;
; 0.970  ; 0.970        ; 0.000          ; Low Pulse Width  ; LOAD_F ; Fall       ; inst28|inst27|clk       ;
; 0.970  ; 0.970        ; 0.000          ; Low Pulse Width  ; LOAD_F ; Fall       ; inst28|inst28|clk       ;
; 0.971  ; 0.971        ; 0.000          ; Low Pulse Width  ; LOAD_F ; Fall       ; inst25|combout          ;
; 0.972  ; 0.972        ; 0.000          ; Low Pulse Width  ; LOAD_F ; Fall       ; inst28|inst10|clk       ;
; 0.972  ; 0.972        ; 0.000          ; Low Pulse Width  ; LOAD_F ; Fall       ; inst28|inst13|clk       ;
; 0.972  ; 0.972        ; 0.000          ; Low Pulse Width  ; LOAD_F ; Fall       ; inst28|inst14|clk       ;
; 0.972  ; 0.972        ; 0.000          ; Low Pulse Width  ; LOAD_F ; Fall       ; inst28|inst24|clk       ;
; 0.972  ; 0.972        ; 0.000          ; Low Pulse Width  ; LOAD_F ; Fall       ; inst28|inst8|clk        ;
+--------+--------------+----------------+------------------+--------+------------+-------------------------+


+-----------------------------------------------------------------------+
; Setup Times                                                           ;
+-----------+------------+-------+-------+------------+-----------------+
; Data Port ; Clock Port ; Rise  ; Fall  ; Clock Edge ; Clock Reference ;
+-----------+------------+-------+-------+------------+-----------------+
; LOAD_F    ; CLOCK      ; 0.048 ; 0.483 ; Rise       ; CLOCK           ;
; LOAD_I    ; CLOCK      ; 1.594 ; 2.217 ; Rise       ; CLOCK           ;
; UP_DOWN   ; CLOCK      ; 2.052 ; 2.734 ; Rise       ; CLOCK           ;
; b[*]      ; CLOCK      ; 2.157 ; 2.742 ; Rise       ; CLOCK           ;
;  b[0]     ; CLOCK      ; 2.157 ; 2.742 ; Rise       ; CLOCK           ;
;  b[1]     ; CLOCK      ; 1.987 ; 2.512 ; Rise       ; CLOCK           ;
;  b[2]     ; CLOCK      ; 1.785 ; 2.324 ; Rise       ; CLOCK           ;
+-----------+------------+-------+-------+------------+-----------------+


+-------------------------------------------------------------------------+
; Hold Times                                                              ;
+-----------+------------+--------+--------+------------+-----------------+
; Data Port ; Clock Port ; Rise   ; Fall   ; Clock Edge ; Clock Reference ;
+-----------+------------+--------+--------+------------+-----------------+
; LOAD_F    ; CLOCK      ; 0.111  ; -0.302 ; Rise       ; CLOCK           ;
; LOAD_I    ; CLOCK      ; -1.003 ; -1.571 ; Rise       ; CLOCK           ;
; UP_DOWN   ; CLOCK      ; -0.646 ; -1.218 ; Rise       ; CLOCK           ;
; b[*]      ; CLOCK      ; -0.756 ; -1.308 ; Rise       ; CLOCK           ;
;  b[0]     ; CLOCK      ; -0.862 ; -1.441 ; Rise       ; CLOCK           ;
;  b[1]     ; CLOCK      ; -0.763 ; -1.319 ; Rise       ; CLOCK           ;
;  b[2]     ; CLOCK      ; -0.756 ; -1.308 ; Rise       ; CLOCK           ;
+-----------+------------+--------+--------+------------+-----------------+


+-----------------------------------------------------------------------+
; Clock to Output Times                                                 ;
+-----------+------------+-------+-------+------------+-----------------+
; Data Port ; Clock Port ; Rise  ; Fall  ; Clock Edge ; Clock Reference ;
+-----------+------------+-------+-------+------------+-----------------+
; ERROR     ; CLOCK      ; 7.025 ; 7.050 ; Rise       ; CLOCK           ;
; FIN       ; CLOCK      ; 4.662 ; 4.734 ; Rise       ; CLOCK           ;
; DATA[*]   ; LOAD_F     ; 5.721 ; 5.772 ; Fall       ; LOAD_F          ;
;  DATA[0]  ; LOAD_F     ; 5.049 ; 5.093 ; Fall       ; LOAD_F          ;
;  DATA[1]  ; LOAD_F     ; 5.388 ; 5.420 ; Fall       ; LOAD_F          ;
;  DATA[2]  ; LOAD_F     ; 5.213 ; 5.216 ; Fall       ; LOAD_F          ;
;  DATA[3]  ; LOAD_F     ; 5.228 ; 5.237 ; Fall       ; LOAD_F          ;
;  DATA[4]  ; LOAD_F     ; 5.082 ; 5.120 ; Fall       ; LOAD_F          ;
;  DATA[5]  ; LOAD_F     ; 5.150 ; 5.157 ; Fall       ; LOAD_F          ;
;  DATA[6]  ; LOAD_F     ; 5.721 ; 5.772 ; Fall       ; LOAD_F          ;
;  DATA[7]  ; LOAD_F     ; 5.215 ; 5.278 ; Fall       ; LOAD_F          ;
;  DATA[8]  ; LOAD_F     ; 5.205 ; 5.255 ; Fall       ; LOAD_F          ;
;  DATA[9]  ; LOAD_F     ; 5.160 ; 5.214 ; Fall       ; LOAD_F          ;
;  DATA[10] ; LOAD_F     ; 5.284 ; 5.357 ; Fall       ; LOAD_F          ;
;  DATA[11] ; LOAD_F     ; 5.132 ; 5.190 ; Fall       ; LOAD_F          ;
+-----------+------------+-------+-------+------------+-----------------+


+-----------------------------------------------------------------------+
; Minimum Clock to Output Times                                         ;
+-----------+------------+-------+-------+------------+-----------------+
; Data Port ; Clock Port ; Rise  ; Fall  ; Clock Edge ; Clock Reference ;
+-----------+------------+-------+-------+------------+-----------------+
; ERROR     ; CLOCK      ; 4.410 ; 4.445 ; Rise       ; CLOCK           ;
; FIN       ; CLOCK      ; 3.834 ; 3.787 ; Rise       ; CLOCK           ;
; DATA[*]   ; LOAD_F     ; 4.884 ; 4.926 ; Fall       ; LOAD_F          ;
;  DATA[0]  ; LOAD_F     ; 4.884 ; 4.926 ; Fall       ; LOAD_F          ;
;  DATA[1]  ; LOAD_F     ; 5.211 ; 5.240 ; Fall       ; LOAD_F          ;
;  DATA[2]  ; LOAD_F     ; 5.043 ; 5.044 ; Fall       ; LOAD_F          ;
;  DATA[3]  ; LOAD_F     ; 5.058 ; 5.064 ; Fall       ; LOAD_F          ;
;  DATA[4]  ; LOAD_F     ; 4.911 ; 4.946 ; Fall       ; LOAD_F          ;
;  DATA[5]  ; LOAD_F     ; 4.982 ; 4.987 ; Fall       ; LOAD_F          ;
;  DATA[6]  ; LOAD_F     ; 5.550 ; 5.598 ; Fall       ; LOAD_F          ;
;  DATA[7]  ; LOAD_F     ; 5.043 ; 5.103 ; Fall       ; LOAD_F          ;
;  DATA[8]  ; LOAD_F     ; 5.031 ; 5.078 ; Fall       ; LOAD_F          ;
;  DATA[9]  ; LOAD_F     ; 4.991 ; 5.042 ; Fall       ; LOAD_F          ;
;  DATA[10] ; LOAD_F     ; 5.110 ; 5.180 ; Fall       ; LOAD_F          ;
;  DATA[11] ; LOAD_F     ; 4.963 ; 5.017 ; Fall       ; LOAD_F          ;
+-----------+------------+-------+-------+------------+-----------------+


+----------------------------------------------------------+
; Propagation Delay                                        ;
+------------+-------------+-------+-------+-------+-------+
; Input Port ; Output Port ; RR    ; RF    ; FR    ; FF    ;
+------------+-------------+-------+-------+-------+-------+
; UP_DOWN    ; ERROR       ; 4.751 ; 4.782 ; 5.292 ; 5.342 ;
; b[0]       ; PAUSA       ;       ; 4.485 ; 5.008 ;       ;
; b[1]       ; PAUSA       ;       ; 4.417 ; 4.908 ;       ;
; b[2]       ; PAUSA       ;       ; 4.341 ; 4.840 ;       ;
+------------+-------------+-------+-------+-------+-------+


+----------------------------------------------------------+
; Minimum Propagation Delay                                ;
+------------+-------------+-------+-------+-------+-------+
; Input Port ; Output Port ; RR    ; RF    ; FR    ; FF    ;
+------------+-------------+-------+-------+-------+-------+
; UP_DOWN    ; ERROR       ; 4.610 ; 4.640 ; 5.143 ; 5.192 ;
; b[0]       ; PAUSA       ;       ; 4.320 ; 4.828 ;       ;
; b[1]       ; PAUSA       ;       ; 4.266 ; 4.753 ;       ;
; b[2]       ; PAUSA       ;       ; 4.193 ; 4.687 ;       ;
+------------+-------------+-------+-------+-------+-------+


---------------------------------------------
; Fast 1200mV 0C Model Metastability Report ;
---------------------------------------------
No synchronizer chains to report.


+--------------------------------------------------------------------------------+
; Multicorner Timing Analysis Summary                                            ;
+------------------+---------+--------+----------+---------+---------------------+
; Clock            ; Setup   ; Hold   ; Recovery ; Removal ; Minimum Pulse Width ;
+------------------+---------+--------+----------+---------+---------------------+
; Worst-case Slack ; -2.986  ; -0.263 ; N/A      ; N/A     ; -3.000              ;
;  CLOCK           ; -2.986  ; -0.151 ; N/A      ; N/A     ; -3.000              ;
;  LOAD_F          ; 0.199   ; -0.263 ; N/A      ; N/A     ; -3.000              ;
; Design-wide TNS  ; -79.388 ; -3.585 ; 0.0      ; 0.0     ; -58.886             ;
;  CLOCK           ; -79.388 ; -1.649 ; N/A      ; N/A     ; -41.550             ;
;  LOAD_F          ; 0.000   ; -1.936 ; N/A      ; N/A     ; -17.336             ;
+------------------+---------+--------+----------+---------+---------------------+


+-----------------------------------------------------------------------+
; Setup Times                                                           ;
+-----------+------------+-------+-------+------------+-----------------+
; Data Port ; Clock Port ; Rise  ; Fall  ; Clock Edge ; Clock Reference ;
+-----------+------------+-------+-------+------------+-----------------+
; LOAD_F    ; CLOCK      ; 0.282 ; 0.483 ; Rise       ; CLOCK           ;
; LOAD_I    ; CLOCK      ; 2.875 ; 3.275 ; Rise       ; CLOCK           ;
; UP_DOWN   ; CLOCK      ; 3.804 ; 4.328 ; Rise       ; CLOCK           ;
; b[*]      ; CLOCK      ; 3.861 ; 4.309 ; Rise       ; CLOCK           ;
;  b[0]     ; CLOCK      ; 3.861 ; 4.309 ; Rise       ; CLOCK           ;
;  b[1]     ; CLOCK      ; 3.527 ; 3.895 ; Rise       ; CLOCK           ;
;  b[2]     ; CLOCK      ; 3.190 ; 3.577 ; Rise       ; CLOCK           ;
+-----------+------------+-------+-------+------------+-----------------+


+-------------------------------------------------------------------------+
; Hold Times                                                              ;
+-----------+------------+--------+--------+------------+-----------------+
; Data Port ; Clock Port ; Rise   ; Fall   ; Clock Edge ; Clock Reference ;
+-----------+------------+--------+--------+------------+-----------------+
; LOAD_F    ; CLOCK      ; 0.111  ; -0.119 ; Rise       ; CLOCK           ;
; LOAD_I    ; CLOCK      ; -1.003 ; -1.571 ; Rise       ; CLOCK           ;
; UP_DOWN   ; CLOCK      ; -0.646 ; -1.218 ; Rise       ; CLOCK           ;
; b[*]      ; CLOCK      ; -0.756 ; -1.308 ; Rise       ; CLOCK           ;
;  b[0]     ; CLOCK      ; -0.862 ; -1.441 ; Rise       ; CLOCK           ;
;  b[1]     ; CLOCK      ; -0.763 ; -1.319 ; Rise       ; CLOCK           ;
;  b[2]     ; CLOCK      ; -0.756 ; -1.308 ; Rise       ; CLOCK           ;
+-----------+------------+--------+--------+------------+-----------------+


+-------------------------------------------------------------------------+
; Clock to Output Times                                                   ;
+-----------+------------+--------+--------+------------+-----------------+
; Data Port ; Clock Port ; Rise   ; Fall   ; Clock Edge ; Clock Reference ;
+-----------+------------+--------+--------+------------+-----------------+
; ERROR     ; CLOCK      ; 12.013 ; 11.961 ; Rise       ; CLOCK           ;
; FIN       ; CLOCK      ; 8.016  ; 8.010  ; Rise       ; CLOCK           ;
; DATA[*]   ; LOAD_F     ; 9.088  ; 9.086  ; Fall       ; LOAD_F          ;
;  DATA[0]  ; LOAD_F     ; 8.125  ; 8.065  ; Fall       ; LOAD_F          ;
;  DATA[1]  ; LOAD_F     ; 8.660  ; 8.617  ; Fall       ; LOAD_F          ;
;  DATA[2]  ; LOAD_F     ; 8.346  ; 8.295  ; Fall       ; LOAD_F          ;
;  DATA[3]  ; LOAD_F     ; 8.377  ; 8.333  ; Fall       ; LOAD_F          ;
;  DATA[4]  ; LOAD_F     ; 8.246  ; 8.170  ; Fall       ; LOAD_F          ;
;  DATA[5]  ; LOAD_F     ; 8.223  ; 8.191  ; Fall       ; LOAD_F          ;
;  DATA[6]  ; LOAD_F     ; 9.088  ; 9.086  ; Fall       ; LOAD_F          ;
;  DATA[7]  ; LOAD_F     ; 8.403  ; 8.347  ; Fall       ; LOAD_F          ;
;  DATA[8]  ; LOAD_F     ; 8.415  ; 8.359  ; Fall       ; LOAD_F          ;
;  DATA[9]  ; LOAD_F     ; 8.332  ; 8.262  ; Fall       ; LOAD_F          ;
;  DATA[10] ; LOAD_F     ; 8.533  ; 8.483  ; Fall       ; LOAD_F          ;
;  DATA[11] ; LOAD_F     ; 8.309  ; 8.248  ; Fall       ; LOAD_F          ;
+-----------+------------+--------+--------+------------+-----------------+


+-----------------------------------------------------------------------+
; Minimum Clock to Output Times                                         ;
+-----------+------------+-------+-------+------------+-----------------+
; Data Port ; Clock Port ; Rise  ; Fall  ; Clock Edge ; Clock Reference ;
+-----------+------------+-------+-------+------------+-----------------+
; ERROR     ; CLOCK      ; 4.410 ; 4.445 ; Rise       ; CLOCK           ;
; FIN       ; CLOCK      ; 3.834 ; 3.787 ; Rise       ; CLOCK           ;
; DATA[*]   ; LOAD_F     ; 4.884 ; 4.926 ; Fall       ; LOAD_F          ;
;  DATA[0]  ; LOAD_F     ; 4.884 ; 4.926 ; Fall       ; LOAD_F          ;
;  DATA[1]  ; LOAD_F     ; 5.211 ; 5.240 ; Fall       ; LOAD_F          ;
;  DATA[2]  ; LOAD_F     ; 5.043 ; 5.044 ; Fall       ; LOAD_F          ;
;  DATA[3]  ; LOAD_F     ; 5.058 ; 5.064 ; Fall       ; LOAD_F          ;
;  DATA[4]  ; LOAD_F     ; 4.911 ; 4.946 ; Fall       ; LOAD_F          ;
;  DATA[5]  ; LOAD_F     ; 4.982 ; 4.987 ; Fall       ; LOAD_F          ;
;  DATA[6]  ; LOAD_F     ; 5.550 ; 5.598 ; Fall       ; LOAD_F          ;
;  DATA[7]  ; LOAD_F     ; 5.043 ; 5.103 ; Fall       ; LOAD_F          ;
;  DATA[8]  ; LOAD_F     ; 5.031 ; 5.078 ; Fall       ; LOAD_F          ;
;  DATA[9]  ; LOAD_F     ; 4.991 ; 5.042 ; Fall       ; LOAD_F          ;
;  DATA[10] ; LOAD_F     ; 5.110 ; 5.180 ; Fall       ; LOAD_F          ;
;  DATA[11] ; LOAD_F     ; 4.963 ; 5.017 ; Fall       ; LOAD_F          ;
+-----------+------------+-------+-------+------------+-----------------+


+----------------------------------------------------------+
; Propagation Delay                                        ;
+------------+-------------+-------+-------+-------+-------+
; Input Port ; Output Port ; RR    ; RF    ; FR    ; FF    ;
+------------+-------------+-------+-------+-------+-------+
; UP_DOWN    ; ERROR       ; 7.965 ; 7.905 ; 8.374 ; 8.349 ;
; b[0]       ; PAUSA       ;       ; 7.564 ; 8.092 ;       ;
; b[1]       ; PAUSA       ;       ; 7.406 ; 7.911 ;       ;
; b[2]       ; PAUSA       ;       ; 7.282 ; 7.798 ;       ;
+------------+-------------+-------+-------+-------+-------+


+----------------------------------------------------------+
; Minimum Propagation Delay                                ;
+------------+-------------+-------+-------+-------+-------+
; Input Port ; Output Port ; RR    ; RF    ; FR    ; FF    ;
+------------+-------------+-------+-------+-------+-------+
; UP_DOWN    ; ERROR       ; 4.610 ; 4.640 ; 5.143 ; 5.192 ;
; b[0]       ; PAUSA       ;       ; 4.320 ; 4.828 ;       ;
; b[1]       ; PAUSA       ;       ; 4.266 ; 4.753 ;       ;
; b[2]       ; PAUSA       ;       ; 4.193 ; 4.687 ;       ;
+------------+-------------+-------+-------+-------+-------+


+------------------------------------------------------------------------------------------------------------------------------------------------------------------------------------------------------------------------------------------------------------------------------------------------------------------------------------------------------------------------------------------------------------------+
; Board Trace Model Assignments                                                                                                                                                                                                                                                                                                                                                                                    ;
+---------------+--------------+-------------------+-------------------------+-------------------------+---------------+---------------------+----------------+------------------+--------+------------------+------------------------+------------------------+--------------+---------------+-----------------+-------+---------------------+--------------------+---------------+-----------------+-------------+
; Pin           ; I/O Standard ; Near Tline Length ; Near Tline L per Length ; Near Tline C per Length ; Near Series R ; Near Differential R ; Near Pull-up R ; Near Pull-down R ; Near C ; Far Tline Length ; Far Tline L per Length ; Far Tline C per Length ; Far Series R ; Far Pull-up R ; Far Pull-down R ; Far C ; Termination Voltage ; Far Differential R ; EBD File Name ; EBD Signal Name ; EBD Far-end ;
+---------------+--------------+-------------------+-------------------------+-------------------------+---------------+---------------------+----------------+------------------+--------+------------------+------------------------+------------------------+--------------+---------------+-----------------+-------+---------------------+--------------------+---------------+-----------------+-------------+
; ERROR         ; 2.5 V        ; 0 in              ; 0 H/in                  ; 0 F/in                  ; short         ; -                   ; open           ; open             ; open   ; 0 in             ; 0 H/in                 ; 0 F/in                 ; short        ; open          ; open            ; open  ; 0 V                 ; -                  ; n/a           ; n/a             ; n/a         ;
; FIN           ; 2.5 V        ; 0 in              ; 0 H/in                  ; 0 F/in                  ; short         ; -                   ; open           ; open             ; open   ; 0 in             ; 0 H/in                 ; 0 F/in                 ; short        ; open          ; open            ; open  ; 0 V                 ; -                  ; n/a           ; n/a             ; n/a         ;
; PAUSA         ; 2.5 V        ; 0 in              ; 0 H/in                  ; 0 F/in                  ; short         ; -                   ; open           ; open             ; open   ; 0 in             ; 0 H/in                 ; 0 F/in                 ; short        ; open          ; open            ; open  ; 0 V                 ; -                  ; n/a           ; n/a             ; n/a         ;
; DATA[11]      ; 2.5 V        ; 0 in              ; 0 H/in                  ; 0 F/in                  ; short         ; -                   ; open           ; open             ; open   ; 0 in             ; 0 H/in                 ; 0 F/in                 ; short        ; open          ; open            ; open  ; 0 V                 ; -                  ; n/a           ; n/a             ; n/a         ;
; DATA[10]      ; 2.5 V        ; 0 in              ; 0 H/in                  ; 0 F/in                  ; short         ; -                   ; open           ; open             ; open   ; 0 in             ; 0 H/in                 ; 0 F/in                 ; short        ; open          ; open            ; open  ; 0 V                 ; -                  ; n/a           ; n/a             ; n/a         ;
; DATA[9]       ; 2.5 V        ; 0 in              ; 0 H/in                  ; 0 F/in                  ; short         ; -                   ; open           ; open             ; open   ; 0 in             ; 0 H/in                 ; 0 F/in                 ; short        ; open          ; open            ; open  ; 0 V                 ; -                  ; n/a           ; n/a             ; n/a         ;
; DATA[8]       ; 2.5 V        ; 0 in              ; 0 H/in                  ; 0 F/in                  ; short         ; -                   ; open           ; open             ; open   ; 0 in             ; 0 H/in                 ; 0 F/in                 ; short        ; open          ; open            ; open  ; 0 V                 ; -                  ; n/a           ; n/a             ; n/a         ;
; DATA[7]       ; 2.5 V        ; 0 in              ; 0 H/in                  ; 0 F/in                  ; short         ; -                   ; open           ; open             ; open   ; 0 in             ; 0 H/in                 ; 0 F/in                 ; short        ; open          ; open            ; open  ; 0 V                 ; -                  ; n/a           ; n/a             ; n/a         ;
; DATA[6]       ; 2.5 V        ; 0 in              ; 0 H/in                  ; 0 F/in                  ; short         ; -                   ; open           ; open             ; open   ; 0 in             ; 0 H/in                 ; 0 F/in                 ; short        ; open          ; open            ; open  ; 0 V                 ; -                  ; n/a           ; n/a             ; n/a         ;
; DATA[5]       ; 2.5 V        ; 0 in              ; 0 H/in                  ; 0 F/in                  ; short         ; -                   ; open           ; open             ; open   ; 0 in             ; 0 H/in                 ; 0 F/in                 ; short        ; open          ; open            ; open  ; 0 V                 ; -                  ; n/a           ; n/a             ; n/a         ;
; DATA[4]       ; 2.5 V        ; 0 in              ; 0 H/in                  ; 0 F/in                  ; short         ; -                   ; open           ; open             ; open   ; 0 in             ; 0 H/in                 ; 0 F/in                 ; short        ; open          ; open            ; open  ; 0 V                 ; -                  ; n/a           ; n/a             ; n/a         ;
; DATA[3]       ; 2.5 V        ; 0 in              ; 0 H/in                  ; 0 F/in                  ; short         ; -                   ; open           ; open             ; open   ; 0 in             ; 0 H/in                 ; 0 F/in                 ; short        ; open          ; open            ; open  ; 0 V                 ; -                  ; n/a           ; n/a             ; n/a         ;
; DATA[2]       ; 2.5 V        ; 0 in              ; 0 H/in                  ; 0 F/in                  ; short         ; -                   ; open           ; open             ; open   ; 0 in             ; 0 H/in                 ; 0 F/in                 ; short        ; open          ; open            ; open  ; 0 V                 ; -                  ; n/a           ; n/a             ; n/a         ;
; DATA[1]       ; 2.5 V        ; 0 in              ; 0 H/in                  ; 0 F/in                  ; short         ; -                   ; open           ; open             ; open   ; 0 in             ; 0 H/in                 ; 0 F/in                 ; short        ; open          ; open            ; open  ; 0 V                 ; -                  ; n/a           ; n/a             ; n/a         ;
; DATA[0]       ; 2.5 V        ; 0 in              ; 0 H/in                  ; 0 F/in                  ; short         ; -                   ; open           ; open             ; open   ; 0 in             ; 0 H/in                 ; 0 F/in                 ; short        ; open          ; open            ; open  ; 0 V                 ; -                  ; n/a           ; n/a             ; n/a         ;
; ~ALTERA_NCEO~ ; 2.5 V        ; 0 in              ; 0 H/in                  ; 0 F/in                  ; short         ; -                   ; open           ; open             ; open   ; 0 in             ; 0 H/in                 ; 0 F/in                 ; short        ; open          ; open            ; open  ; 0 V                 ; -                  ; n/a           ; n/a             ; n/a         ;
; ~ALTERA_DCLK~ ; 2.5 V        ; 0 in              ; 0 H/in                  ; 0 F/in                  ; short         ; -                   ; open           ; open             ; open   ; 0 in             ; 0 H/in                 ; 0 F/in                 ; short        ; open          ; open            ; open  ; 0 V                 ; -                  ; n/a           ; n/a             ; n/a         ;
+---------------+--------------+-------------------+-------------------------+-------------------------+---------------+---------------------+----------------+------------------+--------+------------------+------------------------+------------------------+--------------+---------------+-----------------+-------+---------------------+--------------------+---------------+-----------------+-------------+


+-------------------------------------------------------------------+
; Input Transition Times                                            ;
+----------------+--------------+-----------------+-----------------+
; Pin            ; I/O Standard ; 10-90 Rise Time ; 90-10 Fall Time ;
+----------------+--------------+-----------------+-----------------+
; CONTINUAR      ; 2.5 V        ; 2000 ps         ; 2000 ps         ;
; RECARGAR       ; 2.5 V        ; 2000 ps         ; 2000 ps         ;
; START          ; 2.5 V        ; 2000 ps         ; 2000 ps         ;
; DATA[11]       ; 2.5 V        ; 2000 ps         ; 2000 ps         ;
; DATA[10]       ; 2.5 V        ; 2000 ps         ; 2000 ps         ;
; DATA[9]        ; 2.5 V        ; 2000 ps         ; 2000 ps         ;
; DATA[8]        ; 2.5 V        ; 2000 ps         ; 2000 ps         ;
; DATA[7]        ; 2.5 V        ; 2000 ps         ; 2000 ps         ;
; DATA[6]        ; 2.5 V        ; 2000 ps         ; 2000 ps         ;
; DATA[5]        ; 2.5 V        ; 2000 ps         ; 2000 ps         ;
; DATA[4]        ; 2.5 V        ; 2000 ps         ; 2000 ps         ;
; DATA[3]        ; 2.5 V        ; 2000 ps         ; 2000 ps         ;
; DATA[2]        ; 2.5 V        ; 2000 ps         ; 2000 ps         ;
; DATA[1]        ; 2.5 V        ; 2000 ps         ; 2000 ps         ;
; DATA[0]        ; 2.5 V        ; 2000 ps         ; 2000 ps         ;
; UP_DOWN        ; 2.5 V        ; 2000 ps         ; 2000 ps         ;
; b[2]           ; 2.5 V        ; 2000 ps         ; 2000 ps         ;
; b[1]           ; 2.5 V        ; 2000 ps         ; 2000 ps         ;
; b[0]           ; 2.5 V        ; 2000 ps         ; 2000 ps         ;
; CLOCK          ; 2.5 V        ; 2000 ps         ; 2000 ps         ;
; LOAD_I         ; 2.5 V        ; 2000 ps         ; 2000 ps         ;
; LOAD_F         ; 2.5 V        ; 2000 ps         ; 2000 ps         ;
; ~ALTERA_DATA0~ ; 2.5 V        ; 2000 ps         ; 2000 ps         ;
; ~ALTERA_ASDO~  ; 2.5 V        ; 2000 ps         ; 2000 ps         ;
; ~ALTERA_NCSO~  ; 2.5 V        ; 2000 ps         ; 2000 ps         ;
+----------------+--------------+-----------------+-----------------+


+--------------------------------------------------------------------------------------------------------------------------------------------------------------------------------------------------------------------------------------------------------------------------------------------------------------------------------------------------------------------------------------------------------------------------------------------------------------------------------------------------------------------------------------------------------------------------------------------------------------------------------------------------------------------------------------------+
; Signal Integrity Metrics (Slow 1200mv 0c Model)                                                                                                                                                                                                                                                                                                                                                                                                                                                                                                                                                                                                                                            ;
+---------------+--------------+---------------------+---------------------+------------------------------+------------------------------+---------------------+---------------------+--------------------------------------+--------------------------------------+-----------------------------+-----------------------------+----------------------------+----------------------------+-----------------------------+-----------------------------+--------------------+--------------------+-------------------------------------+-------------------------------------+----------------------------+----------------------------+---------------------------+---------------------------+
; Pin           ; I/O Standard ; Board Delay on Rise ; Board Delay on Fall ; Steady State Voh at FPGA Pin ; Steady State Vol at FPGA Pin ; Voh Max at FPGA Pin ; Vol Min at FPGA Pin ; Ringback Voltage on Rise at FPGA Pin ; Ringback Voltage on Fall at FPGA Pin ; 10-90 Rise Time at FPGA Pin ; 90-10 Fall Time at FPGA Pin ; Monotonic Rise at FPGA Pin ; Monotonic Fall at FPGA Pin ; Steady State Voh at Far-end ; Steady State Vol at Far-end ; Voh Max at Far-end ; Vol Min at Far-end ; Ringback Voltage on Rise at Far-end ; Ringback Voltage on Fall at Far-end ; 10-90 Rise Time at Far-end ; 90-10 Fall Time at Far-end ; Monotonic Rise at Far-end ; Monotonic Fall at Far-end ;
+---------------+--------------+---------------------+---------------------+------------------------------+------------------------------+---------------------+---------------------+--------------------------------------+--------------------------------------+-----------------------------+-----------------------------+----------------------------+----------------------------+-----------------------------+-----------------------------+--------------------+--------------------+-------------------------------------+-------------------------------------+----------------------------+----------------------------+---------------------------+---------------------------+
; ERROR         ; 2.5 V        ; 0 s                 ; 0 s                 ; 2.32 V                       ; 7.29e-09 V                   ; 2.34 V              ; -0.00668 V          ; 0.218 V                              ; 0.076 V                              ; 1.92e-09 s                  ; 1.81e-09 s                  ; No                         ; Yes                        ; 2.32 V                      ; 7.29e-09 V                  ; 2.34 V             ; -0.00668 V         ; 0.218 V                             ; 0.076 V                             ; 1.92e-09 s                 ; 1.81e-09 s                 ; No                        ; Yes                       ;
; FIN           ; 2.5 V        ; 0 s                 ; 0 s                 ; 2.32 V                       ; 5.16e-09 V                   ; 2.37 V              ; -0.00861 V          ; 0.168 V                              ; 0.038 V                              ; 6.79e-10 s                  ; 6.49e-10 s                  ; No                         ; Yes                        ; 2.32 V                      ; 5.16e-09 V                  ; 2.37 V             ; -0.00861 V         ; 0.168 V                             ; 0.038 V                             ; 6.79e-10 s                 ; 6.49e-10 s                 ; No                        ; Yes                       ;
; PAUSA         ; 2.5 V        ; 0 s                 ; 0 s                 ; 2.32 V                       ; 7.29e-09 V                   ; 2.39 V              ; -0.00317 V          ; 0.179 V                              ; 0.007 V                              ; 4.7e-10 s                   ; 4.72e-10 s                  ; No                         ; Yes                        ; 2.32 V                      ; 7.29e-09 V                  ; 2.39 V             ; -0.00317 V         ; 0.179 V                             ; 0.007 V                             ; 4.7e-10 s                  ; 4.72e-10 s                 ; No                        ; Yes                       ;
; DATA[11]      ; 2.5 V        ; 0 s                 ; 0 s                 ; 2.32 V                       ; 7.29e-09 V                   ; 2.39 V              ; -0.00317 V          ; 0.179 V                              ; 0.007 V                              ; 4.7e-10 s                   ; 4.72e-10 s                  ; No                         ; Yes                        ; 2.32 V                      ; 7.29e-09 V                  ; 2.39 V             ; -0.00317 V         ; 0.179 V                             ; 0.007 V                             ; 4.7e-10 s                  ; 4.72e-10 s                 ; No                        ; Yes                       ;
; DATA[10]      ; 2.5 V        ; 0 s                 ; 0 s                 ; 2.32 V                       ; 7.29e-09 V                   ; 2.39 V              ; -0.00317 V          ; 0.179 V                              ; 0.007 V                              ; 4.7e-10 s                   ; 4.72e-10 s                  ; No                         ; Yes                        ; 2.32 V                      ; 7.29e-09 V                  ; 2.39 V             ; -0.00317 V         ; 0.179 V                             ; 0.007 V                             ; 4.7e-10 s                  ; 4.72e-10 s                 ; No                        ; Yes                       ;
; DATA[9]       ; 2.5 V        ; 0 s                 ; 0 s                 ; 2.32 V                       ; 7.29e-09 V                   ; 2.39 V              ; -0.00317 V          ; 0.179 V                              ; 0.007 V                              ; 4.7e-10 s                   ; 4.72e-10 s                  ; No                         ; Yes                        ; 2.32 V                      ; 7.29e-09 V                  ; 2.39 V             ; -0.00317 V         ; 0.179 V                             ; 0.007 V                             ; 4.7e-10 s                  ; 4.72e-10 s                 ; No                        ; Yes                       ;
; DATA[8]       ; 2.5 V        ; 0 s                 ; 0 s                 ; 2.32 V                       ; 7.29e-09 V                   ; 2.39 V              ; -0.00339 V          ; 0.206 V                              ; 0.007 V                              ; 2.77e-10 s                  ; 3.24e-10 s                  ; Yes                        ; Yes                        ; 2.32 V                      ; 7.29e-09 V                  ; 2.39 V             ; -0.00339 V         ; 0.206 V                             ; 0.007 V                             ; 2.77e-10 s                 ; 3.24e-10 s                 ; Yes                       ; Yes                       ;
; DATA[7]       ; 2.5 V        ; 0 s                 ; 0 s                 ; 2.32 V                       ; 7.29e-09 V                   ; 2.39 V              ; -0.00317 V          ; 0.179 V                              ; 0.007 V                              ; 4.7e-10 s                   ; 4.72e-10 s                  ; No                         ; Yes                        ; 2.32 V                      ; 7.29e-09 V                  ; 2.39 V             ; -0.00317 V         ; 0.179 V                             ; 0.007 V                             ; 4.7e-10 s                  ; 4.72e-10 s                 ; No                        ; Yes                       ;
; DATA[6]       ; 2.5 V        ; 0 s                 ; 0 s                 ; 2.32 V                       ; 5.16e-09 V                   ; 2.34 V              ; -0.00633 V          ; 0.232 V                              ; 0.083 V                              ; 1.94e-09 s                  ; 1.83e-09 s                  ; No                         ; Yes                        ; 2.32 V                      ; 5.16e-09 V                  ; 2.34 V             ; -0.00633 V         ; 0.232 V                             ; 0.083 V                             ; 1.94e-09 s                 ; 1.83e-09 s                 ; No                        ; Yes                       ;
; DATA[5]       ; 2.5 V        ; 0 s                 ; 0 s                 ; 2.32 V                       ; 5.16e-09 V                   ; 2.37 V              ; -0.00861 V          ; 0.168 V                              ; 0.038 V                              ; 6.79e-10 s                  ; 6.49e-10 s                  ; No                         ; Yes                        ; 2.32 V                      ; 5.16e-09 V                  ; 2.37 V             ; -0.00861 V         ; 0.168 V                             ; 0.038 V                             ; 6.79e-10 s                 ; 6.49e-10 s                 ; No                        ; Yes                       ;
; DATA[4]       ; 2.5 V        ; 0 s                 ; 0 s                 ; 2.32 V                       ; 5.16e-09 V                   ; 2.4 V               ; -0.00557 V          ; 0.238 V                              ; 0.014 V                              ; 2.9e-10 s                   ; 3.48e-10 s                  ; No                         ; Yes                        ; 2.32 V                      ; 5.16e-09 V                  ; 2.4 V              ; -0.00557 V         ; 0.238 V                             ; 0.014 V                             ; 2.9e-10 s                  ; 3.48e-10 s                 ; No                        ; Yes                       ;
; DATA[3]       ; 2.5 V        ; 0 s                 ; 0 s                 ; 2.32 V                       ; 5.16e-09 V                   ; 2.37 V              ; -0.00861 V          ; 0.168 V                              ; 0.038 V                              ; 6.79e-10 s                  ; 6.49e-10 s                  ; No                         ; Yes                        ; 2.32 V                      ; 5.16e-09 V                  ; 2.37 V             ; -0.00861 V         ; 0.168 V                             ; 0.038 V                             ; 6.79e-10 s                 ; 6.49e-10 s                 ; No                        ; Yes                       ;
; DATA[2]       ; 2.5 V        ; 0 s                 ; 0 s                 ; 2.32 V                       ; 5.16e-09 V                   ; 2.37 V              ; -0.00861 V          ; 0.168 V                              ; 0.038 V                              ; 6.79e-10 s                  ; 6.49e-10 s                  ; No                         ; Yes                        ; 2.32 V                      ; 5.16e-09 V                  ; 2.37 V             ; -0.00861 V         ; 0.168 V                             ; 0.038 V                             ; 6.79e-10 s                 ; 6.49e-10 s                 ; No                        ; Yes                       ;
; DATA[1]       ; 2.5 V        ; 0 s                 ; 0 s                 ; 2.32 V                       ; 5.16e-09 V                   ; 2.37 V              ; -0.00861 V          ; 0.168 V                              ; 0.038 V                              ; 6.79e-10 s                  ; 6.49e-10 s                  ; No                         ; Yes                        ; 2.32 V                      ; 5.16e-09 V                  ; 2.37 V             ; -0.00861 V         ; 0.168 V                             ; 0.038 V                             ; 6.79e-10 s                 ; 6.49e-10 s                 ; No                        ; Yes                       ;
; DATA[0]       ; 2.5 V        ; 0 s                 ; 0 s                 ; 2.32 V                       ; 7.29e-09 V                   ; 2.39 V              ; -0.00317 V          ; 0.179 V                              ; 0.007 V                              ; 4.7e-10 s                   ; 4.72e-10 s                  ; No                         ; Yes                        ; 2.32 V                      ; 7.29e-09 V                  ; 2.39 V             ; -0.00317 V         ; 0.179 V                             ; 0.007 V                             ; 4.7e-10 s                  ; 4.72e-10 s                 ; No                        ; Yes                       ;
; ~ALTERA_NCEO~ ; 2.5 V        ; 0 s                 ; 0 s                 ; 2.32 V                       ; 4.76e-09 V                   ; 2.4 V               ; -0.034 V            ; 0.102 V                              ; 0.065 V                              ; 2.49e-10 s                  ; 3.49e-10 s                  ; Yes                        ; Yes                        ; 2.32 V                      ; 4.76e-09 V                  ; 2.4 V              ; -0.034 V           ; 0.102 V                             ; 0.065 V                             ; 2.49e-10 s                 ; 3.49e-10 s                 ; Yes                       ; Yes                       ;
; ~ALTERA_DCLK~ ; 2.5 V        ; 0 s                 ; 0 s                 ; 2.32 V                       ; 5.94e-09 V                   ; 2.39 V              ; -0.0344 V           ; 0.156 V                              ; 0.089 V                              ; 2.68e-10 s                  ; 2.6e-10 s                   ; Yes                        ; Yes                        ; 2.32 V                      ; 5.94e-09 V                  ; 2.39 V             ; -0.0344 V          ; 0.156 V                             ; 0.089 V                             ; 2.68e-10 s                 ; 2.6e-10 s                  ; Yes                       ; Yes                       ;
+---------------+--------------+---------------------+---------------------+------------------------------+------------------------------+---------------------+---------------------+--------------------------------------+--------------------------------------+-----------------------------+-----------------------------+----------------------------+----------------------------+-----------------------------+-----------------------------+--------------------+--------------------+-------------------------------------+-------------------------------------+----------------------------+----------------------------+---------------------------+---------------------------+


+--------------------------------------------------------------------------------------------------------------------------------------------------------------------------------------------------------------------------------------------------------------------------------------------------------------------------------------------------------------------------------------------------------------------------------------------------------------------------------------------------------------------------------------------------------------------------------------------------------------------------------------------------------------------------------------------+
; Signal Integrity Metrics (Slow 1200mv 85c Model)                                                                                                                                                                                                                                                                                                                                                                                                                                                                                                                                                                                                                                           ;
+---------------+--------------+---------------------+---------------------+------------------------------+------------------------------+---------------------+---------------------+--------------------------------------+--------------------------------------+-----------------------------+-----------------------------+----------------------------+----------------------------+-----------------------------+-----------------------------+--------------------+--------------------+-------------------------------------+-------------------------------------+----------------------------+----------------------------+---------------------------+---------------------------+
; Pin           ; I/O Standard ; Board Delay on Rise ; Board Delay on Fall ; Steady State Voh at FPGA Pin ; Steady State Vol at FPGA Pin ; Voh Max at FPGA Pin ; Vol Min at FPGA Pin ; Ringback Voltage on Rise at FPGA Pin ; Ringback Voltage on Fall at FPGA Pin ; 10-90 Rise Time at FPGA Pin ; 90-10 Fall Time at FPGA Pin ; Monotonic Rise at FPGA Pin ; Monotonic Fall at FPGA Pin ; Steady State Voh at Far-end ; Steady State Vol at Far-end ; Voh Max at Far-end ; Vol Min at Far-end ; Ringback Voltage on Rise at Far-end ; Ringback Voltage on Fall at Far-end ; 10-90 Rise Time at Far-end ; 90-10 Fall Time at Far-end ; Monotonic Rise at Far-end ; Monotonic Fall at Far-end ;
+---------------+--------------+---------------------+---------------------+------------------------------+------------------------------+---------------------+---------------------+--------------------------------------+--------------------------------------+-----------------------------+-----------------------------+----------------------------+----------------------------+-----------------------------+-----------------------------+--------------------+--------------------+-------------------------------------+-------------------------------------+----------------------------+----------------------------+---------------------------+---------------------------+
; ERROR         ; 2.5 V        ; 0 s                 ; 0 s                 ; 2.32 V                       ; 1.21e-06 V                   ; 2.33 V              ; -0.00286 V          ; 0.193 V                              ; 0.042 V                              ; 2.32e-09 s                  ; 2.21e-09 s                  ; Yes                        ; Yes                        ; 2.32 V                      ; 1.21e-06 V                  ; 2.33 V             ; -0.00286 V         ; 0.193 V                             ; 0.042 V                             ; 2.32e-09 s                 ; 2.21e-09 s                 ; Yes                       ; Yes                       ;
; FIN           ; 2.5 V        ; 0 s                 ; 0 s                 ; 2.32 V                       ; 8.13e-07 V                   ; 2.35 V              ; -0.00662 V          ; 0.129 V                              ; 0.049 V                              ; 8.55e-10 s                  ; 8.01e-10 s                  ; No                         ; Yes                        ; 2.32 V                      ; 8.13e-07 V                  ; 2.35 V             ; -0.00662 V         ; 0.129 V                             ; 0.049 V                             ; 8.55e-10 s                 ; 8.01e-10 s                 ; No                        ; Yes                       ;
; PAUSA         ; 2.5 V        ; 0 s                 ; 0 s                 ; 2.32 V                       ; 1.21e-06 V                   ; 2.36 V              ; -0.00833 V          ; 0.113 V                              ; 0.035 V                              ; 6.32e-10 s                  ; 5.89e-10 s                  ; No                         ; Yes                        ; 2.32 V                      ; 1.21e-06 V                  ; 2.36 V             ; -0.00833 V         ; 0.113 V                             ; 0.035 V                             ; 6.32e-10 s                 ; 5.89e-10 s                 ; No                        ; Yes                       ;
; DATA[11]      ; 2.5 V        ; 0 s                 ; 0 s                 ; 2.32 V                       ; 1.21e-06 V                   ; 2.36 V              ; -0.00833 V          ; 0.113 V                              ; 0.035 V                              ; 6.32e-10 s                  ; 5.89e-10 s                  ; No                         ; Yes                        ; 2.32 V                      ; 1.21e-06 V                  ; 2.36 V             ; -0.00833 V         ; 0.113 V                             ; 0.035 V                             ; 6.32e-10 s                 ; 5.89e-10 s                 ; No                        ; Yes                       ;
; DATA[10]      ; 2.5 V        ; 0 s                 ; 0 s                 ; 2.32 V                       ; 1.21e-06 V                   ; 2.36 V              ; -0.00833 V          ; 0.113 V                              ; 0.035 V                              ; 6.32e-10 s                  ; 5.89e-10 s                  ; No                         ; Yes                        ; 2.32 V                      ; 1.21e-06 V                  ; 2.36 V             ; -0.00833 V         ; 0.113 V                             ; 0.035 V                             ; 6.32e-10 s                 ; 5.89e-10 s                 ; No                        ; Yes                       ;
; DATA[9]       ; 2.5 V        ; 0 s                 ; 0 s                 ; 2.32 V                       ; 1.21e-06 V                   ; 2.36 V              ; -0.00833 V          ; 0.113 V                              ; 0.035 V                              ; 6.32e-10 s                  ; 5.89e-10 s                  ; No                         ; Yes                        ; 2.32 V                      ; 1.21e-06 V                  ; 2.36 V             ; -0.00833 V         ; 0.113 V                             ; 0.035 V                             ; 6.32e-10 s                 ; 5.89e-10 s                 ; No                        ; Yes                       ;
; DATA[8]       ; 2.5 V        ; 0 s                 ; 0 s                 ; 2.32 V                       ; 1.21e-06 V                   ; 2.37 V              ; -0.00606 V          ; 0.107 V                              ; 0.021 V                              ; 4.26e-10 s                  ; 4.03e-10 s                  ; Yes                        ; Yes                        ; 2.32 V                      ; 1.21e-06 V                  ; 2.37 V             ; -0.00606 V         ; 0.107 V                             ; 0.021 V                             ; 4.26e-10 s                 ; 4.03e-10 s                 ; Yes                       ; Yes                       ;
; DATA[7]       ; 2.5 V        ; 0 s                 ; 0 s                 ; 2.32 V                       ; 1.21e-06 V                   ; 2.36 V              ; -0.00833 V          ; 0.113 V                              ; 0.035 V                              ; 6.32e-10 s                  ; 5.89e-10 s                  ; No                         ; Yes                        ; 2.32 V                      ; 1.21e-06 V                  ; 2.36 V             ; -0.00833 V         ; 0.113 V                             ; 0.035 V                             ; 6.32e-10 s                 ; 5.89e-10 s                 ; No                        ; Yes                       ;
; DATA[6]       ; 2.5 V        ; 0 s                 ; 0 s                 ; 2.32 V                       ; 8.13e-07 V                   ; 2.33 V              ; -0.00252 V          ; 0.203 V                              ; 0.046 V                              ; 2.34e-09 s                  ; 2.24e-09 s                  ; Yes                        ; Yes                        ; 2.32 V                      ; 8.13e-07 V                  ; 2.33 V             ; -0.00252 V         ; 0.203 V                             ; 0.046 V                             ; 2.34e-09 s                 ; 2.24e-09 s                 ; Yes                       ; Yes                       ;
; DATA[5]       ; 2.5 V        ; 0 s                 ; 0 s                 ; 2.32 V                       ; 8.13e-07 V                   ; 2.35 V              ; -0.00662 V          ; 0.129 V                              ; 0.049 V                              ; 8.55e-10 s                  ; 8.01e-10 s                  ; No                         ; Yes                        ; 2.32 V                      ; 8.13e-07 V                  ; 2.35 V             ; -0.00662 V         ; 0.129 V                             ; 0.049 V                             ; 8.55e-10 s                 ; 8.01e-10 s                 ; No                        ; Yes                       ;
; DATA[4]       ; 2.5 V        ; 0 s                 ; 0 s                 ; 2.32 V                       ; 8.13e-07 V                   ; 2.36 V              ; -0.00623 V          ; 0.121 V                              ; 0.03 V                               ; 4.4e-10 s                   ; 4.28e-10 s                  ; Yes                        ; Yes                        ; 2.32 V                      ; 8.13e-07 V                  ; 2.36 V             ; -0.00623 V         ; 0.121 V                             ; 0.03 V                              ; 4.4e-10 s                  ; 4.28e-10 s                 ; Yes                       ; Yes                       ;
; DATA[3]       ; 2.5 V        ; 0 s                 ; 0 s                 ; 2.32 V                       ; 8.13e-07 V                   ; 2.35 V              ; -0.00662 V          ; 0.129 V                              ; 0.049 V                              ; 8.55e-10 s                  ; 8.01e-10 s                  ; No                         ; Yes                        ; 2.32 V                      ; 8.13e-07 V                  ; 2.35 V             ; -0.00662 V         ; 0.129 V                             ; 0.049 V                             ; 8.55e-10 s                 ; 8.01e-10 s                 ; No                        ; Yes                       ;
; DATA[2]       ; 2.5 V        ; 0 s                 ; 0 s                 ; 2.32 V                       ; 8.13e-07 V                   ; 2.35 V              ; -0.00662 V          ; 0.129 V                              ; 0.049 V                              ; 8.55e-10 s                  ; 8.01e-10 s                  ; No                         ; Yes                        ; 2.32 V                      ; 8.13e-07 V                  ; 2.35 V             ; -0.00662 V         ; 0.129 V                             ; 0.049 V                             ; 8.55e-10 s                 ; 8.01e-10 s                 ; No                        ; Yes                       ;
; DATA[1]       ; 2.5 V        ; 0 s                 ; 0 s                 ; 2.32 V                       ; 8.13e-07 V                   ; 2.35 V              ; -0.00662 V          ; 0.129 V                              ; 0.049 V                              ; 8.55e-10 s                  ; 8.01e-10 s                  ; No                         ; Yes                        ; 2.32 V                      ; 8.13e-07 V                  ; 2.35 V             ; -0.00662 V         ; 0.129 V                             ; 0.049 V                             ; 8.55e-10 s                 ; 8.01e-10 s                 ; No                        ; Yes                       ;
; DATA[0]       ; 2.5 V        ; 0 s                 ; 0 s                 ; 2.32 V                       ; 1.21e-06 V                   ; 2.36 V              ; -0.00833 V          ; 0.113 V                              ; 0.035 V                              ; 6.32e-10 s                  ; 5.89e-10 s                  ; No                         ; Yes                        ; 2.32 V                      ; 1.21e-06 V                  ; 2.36 V             ; -0.00833 V         ; 0.113 V                             ; 0.035 V                             ; 6.32e-10 s                 ; 5.89e-10 s                 ; No                        ; Yes                       ;
; ~ALTERA_NCEO~ ; 2.5 V        ; 0 s                 ; 0 s                 ; 2.32 V                       ; 7.93e-07 V                   ; 2.37 V              ; -0.0278 V           ; 0.106 V                              ; 0.115 V                              ; 2.69e-10 s                  ; 4.05e-10 s                  ; Yes                        ; Yes                        ; 2.32 V                      ; 7.93e-07 V                  ; 2.37 V             ; -0.0278 V          ; 0.106 V                             ; 0.115 V                             ; 2.69e-10 s                 ; 4.05e-10 s                 ; Yes                       ; Yes                       ;
; ~ALTERA_DCLK~ ; 2.5 V        ; 0 s                 ; 0 s                 ; 2.32 V                       ; 9.76e-07 V                   ; 2.36 V              ; -0.00439 V          ; 0.088 V                              ; 0.007 V                              ; 4.05e-10 s                  ; 3.35e-10 s                  ; Yes                        ; Yes                        ; 2.32 V                      ; 9.76e-07 V                  ; 2.36 V             ; -0.00439 V         ; 0.088 V                             ; 0.007 V                             ; 4.05e-10 s                 ; 3.35e-10 s                 ; Yes                       ; Yes                       ;
+---------------+--------------+---------------------+---------------------+------------------------------+------------------------------+---------------------+---------------------+--------------------------------------+--------------------------------------+-----------------------------+-----------------------------+----------------------------+----------------------------+-----------------------------+-----------------------------+--------------------+--------------------+-------------------------------------+-------------------------------------+----------------------------+----------------------------+---------------------------+---------------------------+


+--------------------------------------------------------------------------------------------------------------------------------------------------------------------------------------------------------------------------------------------------------------------------------------------------------------------------------------------------------------------------------------------------------------------------------------------------------------------------------------------------------------------------------------------------------------------------------------------------------------------------------------------------------------------------------------------+
; Signal Integrity Metrics (Fast 1200mv 0c Model)                                                                                                                                                                                                                                                                                                                                                                                                                                                                                                                                                                                                                                            ;
+---------------+--------------+---------------------+---------------------+------------------------------+------------------------------+---------------------+---------------------+--------------------------------------+--------------------------------------+-----------------------------+-----------------------------+----------------------------+----------------------------+-----------------------------+-----------------------------+--------------------+--------------------+-------------------------------------+-------------------------------------+----------------------------+----------------------------+---------------------------+---------------------------+
; Pin           ; I/O Standard ; Board Delay on Rise ; Board Delay on Fall ; Steady State Voh at FPGA Pin ; Steady State Vol at FPGA Pin ; Voh Max at FPGA Pin ; Vol Min at FPGA Pin ; Ringback Voltage on Rise at FPGA Pin ; Ringback Voltage on Fall at FPGA Pin ; 10-90 Rise Time at FPGA Pin ; 90-10 Fall Time at FPGA Pin ; Monotonic Rise at FPGA Pin ; Monotonic Fall at FPGA Pin ; Steady State Voh at Far-end ; Steady State Vol at Far-end ; Voh Max at Far-end ; Vol Min at Far-end ; Ringback Voltage on Rise at Far-end ; Ringback Voltage on Fall at Far-end ; 10-90 Rise Time at Far-end ; 90-10 Fall Time at Far-end ; Monotonic Rise at Far-end ; Monotonic Fall at Far-end ;
+---------------+--------------+---------------------+---------------------+------------------------------+------------------------------+---------------------+---------------------+--------------------------------------+--------------------------------------+-----------------------------+-----------------------------+----------------------------+----------------------------+-----------------------------+-----------------------------+--------------------+--------------------+-------------------------------------+-------------------------------------+----------------------------+----------------------------+---------------------------+---------------------------+
; ERROR         ; 2.5 V        ; 0 s                 ; 0 s                 ; 2.62 V                       ; 4.66e-08 V                   ; 2.65 V              ; -0.0115 V           ; 0.219 V                              ; 0.115 V                              ; 1.64e-09 s                  ; 1.57e-09 s                  ; No                         ; Yes                        ; 2.62 V                      ; 4.66e-08 V                  ; 2.65 V             ; -0.0115 V          ; 0.219 V                             ; 0.115 V                             ; 1.64e-09 s                 ; 1.57e-09 s                 ; No                        ; Yes                       ;
; FIN           ; 2.5 V        ; 0 s                 ; 0 s                 ; 2.62 V                       ; 3.16e-08 V                   ; 2.71 V              ; -0.0171 V           ; 0.273 V                              ; 0.065 V                              ; 4.95e-10 s                  ; 5.37e-10 s                  ; No                         ; Yes                        ; 2.62 V                      ; 3.16e-08 V                  ; 2.71 V             ; -0.0171 V          ; 0.273 V                             ; 0.065 V                             ; 4.95e-10 s                 ; 5.37e-10 s                 ; No                        ; Yes                       ;
; PAUSA         ; 2.5 V        ; 0 s                 ; 0 s                 ; 2.62 V                       ; 4.66e-08 V                   ; 2.72 V              ; -0.0215 V           ; 0.161 V                              ; 0.061 V                              ; 4.44e-10 s                  ; 4.06e-10 s                  ; No                         ; Yes                        ; 2.62 V                      ; 4.66e-08 V                  ; 2.72 V             ; -0.0215 V          ; 0.161 V                             ; 0.061 V                             ; 4.44e-10 s                 ; 4.06e-10 s                 ; No                        ; Yes                       ;
; DATA[11]      ; 2.5 V        ; 0 s                 ; 0 s                 ; 2.62 V                       ; 4.66e-08 V                   ; 2.72 V              ; -0.0215 V           ; 0.161 V                              ; 0.061 V                              ; 4.44e-10 s                  ; 4.06e-10 s                  ; No                         ; Yes                        ; 2.62 V                      ; 4.66e-08 V                  ; 2.72 V             ; -0.0215 V          ; 0.161 V                             ; 0.061 V                             ; 4.44e-10 s                 ; 4.06e-10 s                 ; No                        ; Yes                       ;
; DATA[10]      ; 2.5 V        ; 0 s                 ; 0 s                 ; 2.62 V                       ; 4.66e-08 V                   ; 2.72 V              ; -0.0215 V           ; 0.161 V                              ; 0.061 V                              ; 4.44e-10 s                  ; 4.06e-10 s                  ; No                         ; Yes                        ; 2.62 V                      ; 4.66e-08 V                  ; 2.72 V             ; -0.0215 V          ; 0.161 V                             ; 0.061 V                             ; 4.44e-10 s                 ; 4.06e-10 s                 ; No                        ; Yes                       ;
; DATA[9]       ; 2.5 V        ; 0 s                 ; 0 s                 ; 2.62 V                       ; 4.66e-08 V                   ; 2.72 V              ; -0.0215 V           ; 0.161 V                              ; 0.061 V                              ; 4.44e-10 s                  ; 4.06e-10 s                  ; No                         ; Yes                        ; 2.62 V                      ; 4.66e-08 V                  ; 2.72 V             ; -0.0215 V          ; 0.161 V                             ; 0.061 V                             ; 4.44e-10 s                 ; 4.06e-10 s                 ; No                        ; Yes                       ;
; DATA[8]       ; 2.5 V        ; 0 s                 ; 0 s                 ; 2.62 V                       ; 4.66e-08 V                   ; 2.73 V              ; -0.0205 V           ; 0.17 V                               ; 0.027 V                              ; 2.58e-10 s                  ; 2.57e-10 s                  ; Yes                        ; Yes                        ; 2.62 V                      ; 4.66e-08 V                  ; 2.73 V             ; -0.0205 V          ; 0.17 V                              ; 0.027 V                             ; 2.58e-10 s                 ; 2.57e-10 s                 ; Yes                       ; Yes                       ;
; DATA[7]       ; 2.5 V        ; 0 s                 ; 0 s                 ; 2.62 V                       ; 4.66e-08 V                   ; 2.72 V              ; -0.0215 V           ; 0.161 V                              ; 0.061 V                              ; 4.44e-10 s                  ; 4.06e-10 s                  ; No                         ; Yes                        ; 2.62 V                      ; 4.66e-08 V                  ; 2.72 V             ; -0.0215 V          ; 0.161 V                             ; 0.061 V                             ; 4.44e-10 s                 ; 4.06e-10 s                 ; No                        ; Yes                       ;
; DATA[6]       ; 2.5 V        ; 0 s                 ; 0 s                 ; 2.62 V                       ; 3.16e-08 V                   ; 2.65 V              ; -0.0109 V           ; 0.234 V                              ; 0.125 V                              ; 1.64e-09 s                  ; 1.59e-09 s                  ; No                         ; Yes                        ; 2.62 V                      ; 3.16e-08 V                  ; 2.65 V             ; -0.0109 V          ; 0.234 V                             ; 0.125 V                             ; 1.64e-09 s                 ; 1.59e-09 s                 ; No                        ; Yes                       ;
; DATA[5]       ; 2.5 V        ; 0 s                 ; 0 s                 ; 2.62 V                       ; 3.16e-08 V                   ; 2.71 V              ; -0.0171 V           ; 0.273 V                              ; 0.065 V                              ; 4.95e-10 s                  ; 5.37e-10 s                  ; No                         ; Yes                        ; 2.62 V                      ; 3.16e-08 V                  ; 2.71 V             ; -0.0171 V          ; 0.273 V                             ; 0.065 V                             ; 4.95e-10 s                 ; 5.37e-10 s                 ; No                        ; Yes                       ;
; DATA[4]       ; 2.5 V        ; 0 s                 ; 0 s                 ; 2.62 V                       ; 3.16e-08 V                   ; 2.72 V              ; -0.0199 V           ; 0.186 V                              ; 0.027 V                              ; 2.63e-10 s                  ; 2.76e-10 s                  ; Yes                        ; Yes                        ; 2.62 V                      ; 3.16e-08 V                  ; 2.72 V             ; -0.0199 V          ; 0.186 V                             ; 0.027 V                             ; 2.63e-10 s                 ; 2.76e-10 s                 ; Yes                       ; Yes                       ;
; DATA[3]       ; 2.5 V        ; 0 s                 ; 0 s                 ; 2.62 V                       ; 3.16e-08 V                   ; 2.71 V              ; -0.0171 V           ; 0.273 V                              ; 0.065 V                              ; 4.95e-10 s                  ; 5.37e-10 s                  ; No                         ; Yes                        ; 2.62 V                      ; 3.16e-08 V                  ; 2.71 V             ; -0.0171 V          ; 0.273 V                             ; 0.065 V                             ; 4.95e-10 s                 ; 5.37e-10 s                 ; No                        ; Yes                       ;
; DATA[2]       ; 2.5 V        ; 0 s                 ; 0 s                 ; 2.62 V                       ; 3.16e-08 V                   ; 2.71 V              ; -0.0171 V           ; 0.273 V                              ; 0.065 V                              ; 4.95e-10 s                  ; 5.37e-10 s                  ; No                         ; Yes                        ; 2.62 V                      ; 3.16e-08 V                  ; 2.71 V             ; -0.0171 V          ; 0.273 V                             ; 0.065 V                             ; 4.95e-10 s                 ; 5.37e-10 s                 ; No                        ; Yes                       ;
; DATA[1]       ; 2.5 V        ; 0 s                 ; 0 s                 ; 2.62 V                       ; 3.16e-08 V                   ; 2.71 V              ; -0.0171 V           ; 0.273 V                              ; 0.065 V                              ; 4.95e-10 s                  ; 5.37e-10 s                  ; No                         ; Yes                        ; 2.62 V                      ; 3.16e-08 V                  ; 2.71 V             ; -0.0171 V          ; 0.273 V                             ; 0.065 V                             ; 4.95e-10 s                 ; 5.37e-10 s                 ; No                        ; Yes                       ;
; DATA[0]       ; 2.5 V        ; 0 s                 ; 0 s                 ; 2.62 V                       ; 4.66e-08 V                   ; 2.72 V              ; -0.0215 V           ; 0.161 V                              ; 0.061 V                              ; 4.44e-10 s                  ; 4.06e-10 s                  ; No                         ; Yes                        ; 2.62 V                      ; 4.66e-08 V                  ; 2.72 V             ; -0.0215 V          ; 0.161 V                             ; 0.061 V                             ; 4.44e-10 s                 ; 4.06e-10 s                 ; No                        ; Yes                       ;
; ~ALTERA_NCEO~ ; 2.5 V        ; 0 s                 ; 0 s                 ; 2.62 V                       ; 3.06e-08 V                   ; 2.86 V              ; -0.0341 V           ; 0.364 V                              ; 0.046 V                              ; 1.17e-10 s                  ; 2.6e-10 s                   ; No                         ; Yes                        ; 2.62 V                      ; 3.06e-08 V                  ; 2.86 V             ; -0.0341 V          ; 0.364 V                             ; 0.046 V                             ; 1.17e-10 s                 ; 2.6e-10 s                  ; No                        ; Yes                       ;
; ~ALTERA_DCLK~ ; 2.5 V        ; 0 s                 ; 0 s                 ; 2.62 V                       ; 3.81e-08 V                   ; 2.72 V              ; -0.0542 V           ; 0.144 V                              ; 0.087 V                              ; 2.55e-10 s                  ; 2.14e-10 s                  ; Yes                        ; Yes                        ; 2.62 V                      ; 3.81e-08 V                  ; 2.72 V             ; -0.0542 V          ; 0.144 V                             ; 0.087 V                             ; 2.55e-10 s                 ; 2.14e-10 s                 ; Yes                       ; Yes                       ;
+---------------+--------------+---------------------+---------------------+------------------------------+------------------------------+---------------------+---------------------+--------------------------------------+--------------------------------------+-----------------------------+-----------------------------+----------------------------+----------------------------+-----------------------------+-----------------------------+--------------------+--------------------+-------------------------------------+-------------------------------------+----------------------------+----------------------------+---------------------------+---------------------------+


+-------------------------------------------------------------------+
; Setup Transfers                                                   ;
+------------+----------+----------+----------+----------+----------+
; From Clock ; To Clock ; RR Paths ; FR Paths ; RF Paths ; FF Paths ;
+------------+----------+----------+----------+----------+----------+
; CLOCK      ; CLOCK    ; 115      ; 0        ; 0        ; 0        ;
; LOAD_F     ; CLOCK    ; 12       ; 36       ; 0        ; 0        ;
; CLOCK      ; LOAD_F   ; 0        ; 0        ; 12       ; 0        ;
+------------+----------+----------+----------+----------+----------+
Entries labeled "false path" only account for clock-to-clock false paths and not path-based false paths. As a result, actual path counts may be lower than reported.


+-------------------------------------------------------------------+
; Hold Transfers                                                    ;
+------------+----------+----------+----------+----------+----------+
; From Clock ; To Clock ; RR Paths ; FR Paths ; RF Paths ; FF Paths ;
+------------+----------+----------+----------+----------+----------+
; CLOCK      ; CLOCK    ; 115      ; 0        ; 0        ; 0        ;
; LOAD_F     ; CLOCK    ; 12       ; 36       ; 0        ; 0        ;
; CLOCK      ; LOAD_F   ; 0        ; 0        ; 12       ; 0        ;
+------------+----------+----------+----------+----------+----------+
Entries labeled "false path" only account for clock-to-clock false paths and not path-based false paths. As a result, actual path counts may be lower than reported.


---------------
; Report TCCS ;
---------------
No dedicated SERDES Transmitter circuitry present in device or used in design


---------------
; Report RSKM ;
---------------
No non-DPA dedicated SERDES Receiver circuitry present in device or used in design


+------------------------------------------------+
; Unconstrained Paths                            ;
+---------------------------------+-------+------+
; Property                        ; Setup ; Hold ;
+---------------------------------+-------+------+
; Illegal Clocks                  ; 0     ; 0    ;
; Unconstrained Clocks            ; 0     ; 0    ;
; Unconstrained Input Ports       ; 5     ; 5    ;
; Unconstrained Input Port Paths  ; 72    ; 72   ;
; Unconstrained Output Ports      ; 15    ; 15   ;
; Unconstrained Output Port Paths ; 65    ; 65   ;
+---------------------------------+-------+------+


+------------------------------------+
; TimeQuest Timing Analyzer Messages ;
+------------------------------------+
Info: *******************************************************************
Info: Running Quartus II 64-Bit TimeQuest Timing Analyzer
    Info: Version 13.1.0 Build 162 10/23/2013 SJ Web Edition
    Info: Processing started: Tue Jul 29 16:46:59 2025
Info: Command: quartus_sta TpIntegrador -c TpIntegrador
Info: qsta_default_script.tcl version: #1
Warning (20028): Parallel compilation is not licensed and has been disabled
Info (21076): High junction temperature operating condition is not set. Assuming a default value of '85'.
Info (21076): Low junction temperature operating condition is not set. Assuming a default value of '0'.
Critical Warning (332012): Synopsys Design Constraints File file not found: 'TpIntegrador.sdc'. A Synopsys Design Constraints File is required by the TimeQuest Timing Analyzer to get proper timing constraints. Without it, the Compiler will not properly optimize the design.
Info (332142): No user constrained base clocks found in the design. Calling "derive_clocks -period 1.0"
Info (332105): Deriving Clocks
    Info (332105): create_clock -period 1.000 -name CLOCK CLOCK
    Info (332105): create_clock -period 1.000 -name LOAD_F LOAD_F
Info (332143): No user constrained clock uncertainty found in the design. Calling "derive_clock_uncertainty"
Info (332123): Deriving Clock Uncertainty. Please refer to report_sdc in TimeQuest to see clock uncertainties.
Info: Found TIMEQUEST_REPORT_SCRIPT_INCLUDE_DEFAULT_ANALYSIS = ON
Info: Analyzing Slow 1200mV 85C Model
Critical Warning (332148): Timing requirements not met
    Info (11105): For recommendations on closing timing, run Report Timing Closure Recommendations in the TimeQuest Timing Analyzer.
Info (332146): Worst-case setup slack is -2.986
    Info (332119):     Slack       End Point TNS Clock 
    Info (332119): ========= =================== =====================
    Info (332119):    -2.986             -79.388 CLOCK 
    Info (332119):     0.199               0.000 LOAD_F 
Info (332146): Worst-case hold slack is -0.157
    Info (332119):     Slack       End Point TNS Clock 
    Info (332119): ========= =================== =====================
    Info (332119):    -0.157              -0.473 LOAD_F 
    Info (332119):    -0.058              -0.481 CLOCK 
Info (332140): No Recovery paths to report
Info (332140): No Removal paths to report
Info (332146): Worst-case minimum pulse width slack is -3.000
    Info (332119):     Slack       End Point TNS Clock 
    Info (332119): ========= =================== =====================
    Info (332119):    -3.000             -40.000 CLOCK 
    Info (332119):    -3.000             -15.000 LOAD_F 
Info: Analyzing Slow 1200mV 0C Model
Info (334003): Started post-fitting delay annotation
Info (334004): Delay annotation completed successfully
Info (332123): Deriving Clock Uncertainty. Please refer to report_sdc in TimeQuest to see clock uncertainties.
Critical Warning (332148): Timing requirements not met
    Info (11105): For recommendations on closing timing, run Report Timing Closure Recommendations in the TimeQuest Timing Analyzer.
Info (332146): Worst-case setup slack is -2.633
    Info (332119):     Slack       End Point TNS Clock 
    Info (332119): ========= =================== =====================
    Info (332119):    -2.633             -68.470 CLOCK 
    Info (332119):     0.239               0.000 LOAD_F 
Info (332146): Worst-case hold slack is -0.079
    Info (332119):     Slack       End Point TNS Clock 
    Info (332119): ========= =================== =====================
    Info (332119):    -0.079              -0.094 LOAD_F 
    Info (332119):    -0.023              -0.179 CLOCK 
Info (332140): No Recovery paths to report
Info (332140): No Removal paths to report
Info (332146): Worst-case minimum pulse width slack is -3.000
    Info (332119):     Slack       End Point TNS Clock 
    Info (332119): ========= =================== =====================
    Info (332119):    -3.000             -40.000 CLOCK 
    Info (332119):    -3.000             -15.000 LOAD_F 
Info: Analyzing Fast 1200mV 0C Model
Info (332123): Deriving Clock Uncertainty. Please refer to report_sdc in TimeQuest to see clock uncertainties.
Critical Warning (332148): Timing requirements not met
    Info (11105): For recommendations on closing timing, run Report Timing Closure Recommendations in the TimeQuest Timing Analyzer.
Info (332146): Worst-case setup slack is -1.812
    Info (332119):     Slack       End Point TNS Clock 
    Info (332119): ========= =================== =====================
    Info (332119):    -1.812             -41.967 CLOCK 
    Info (332119):     0.539               0.000 LOAD_F 
Info (332146): Worst-case hold slack is -0.263
    Info (332119):     Slack       End Point TNS Clock 
    Info (332119): ========= =================== =====================
    Info (332119):    -0.263              -1.936 LOAD_F 
    Info (332119):    -0.151              -1.649 CLOCK 
Info (332140): No Recovery paths to report
Info (332140): No Removal paths to report
Info (332146): Worst-case minimum pulse width slack is -3.000
    Info (332119):     Slack       End Point TNS Clock 
    Info (332119): ========= =================== =====================
    Info (332119):    -3.000             -41.550 CLOCK 
    Info (332119):    -3.000             -17.336 LOAD_F 
Info (332102): Design is not fully constrained for setup requirements
Info (332102): Design is not fully constrained for hold requirements
Info: Quartus II 64-Bit TimeQuest Timing Analyzer was successful. 0 errors, 5 warnings
    Info: Peak virtual memory: 4645 megabytes
    Info: Processing ended: Tue Jul 29 16:47:02 2025
    Info: Elapsed time: 00:00:03
    Info: Total CPU time (on all processors): 00:00:03


